task_id,task,freq_hz,muscle,channel_in_muscle,mean_relative,std_relative,n_subjects,sem_relative
1,Index,0.5,EDC,1,0.9008144763109096,0.15882358769736968,21,0.03465814822703113
1,Index,0.5,EDC,2,1.1172577759023774,0.2267497148981453,21,0.04948084439668604
1,Index,0.5,EDC,3,0.9205518658106577,0.1849838089715314,21,0.04036677652158543
1,Index,0.5,EDC,4,0.9926950425578704,0.21427734511752813,21,0.04675915017691661
1,Index,0.5,EDC,5,1.0507823208214555,0.23704129514441438,21,0.05172665132522129
1,Index,0.5,EDC,6,1.0379493076886357,0.23274297027806573,21,0.05078867994133779
1,Index,0.5,EDC,7,1.0038135251244433,0.18120106558672514,21,0.03954131424084884
1,Index,0.5,EDC,8,0.9265211953575522,0.1826694666972506,21,0.0398617456332079
1,Index,0.5,EDC,9,0.8226521795409922,0.11671482099525196,21,0.025469261996855393
1,Index,0.5,EDC,10,1.021976305349723,0.21878889631800086,21,0.04774365136157543
1,Index,0.5,EDC,11,0.9220362740102594,0.1694374434064636,21,0.03697428142713885
1,Index,0.5,EDC,12,1.0516528575178452,0.21603483119387623,21,0.04714266508061643
1,Index,0.5,EDC,13,1.142551286651268,0.15651099279872022,21,0.034153498647277326
1,Index,0.5,EDC,14,0.8321287675315564,0.11152844390357375,21,0.02433750172994109
1,Index,0.5,EDC,15,0.8267626031217412,0.10625390892258586,21,0.023186503834413973
1,Index,0.5,EDC,16,0.8829896656550108,0.14146403593780382,21,0.030869983466616156
1,Index,0.5,EDC,17,1.0357301166066946,0.16269201895199673,21,0.035502309133938814
1,Index,0.5,EDC,18,1.066774466688404,0.21807401658643905,21,0.04758765181478154
1,Index,0.5,EDC,19,1.0408921986389337,0.27324424680694964,21,0.059626783057335354
1,Index,0.5,EDC,20,0.9552701677071344,0.17899000842490548,21,0.039058822011805376
1,Index,0.5,EDC,21,0.8554683487981817,0.1418925947601443,21,0.030963502668669315
1,Index,0.5,EDC,22,0.8212438506588926,0.12781464077052657,21,0.027891441250215563
1,Index,0.5,EDC,23,0.882547553174277,0.17465833972011943,21,0.038113574405845695
1,Index,0.5,EDC,24,0.8656179497765221,0.15933622755828758,21,0.034770015415931506
1,Index,0.5,EDC,25,0.9463034127593901,0.22292144828569457,21,0.04864544813325615
1,Index,0.5,EDC,26,0.8573694395379967,0.13510061062704753,21,0.029481370220628605
1,Index,0.5,EDC,27,0.8645608959706111,0.13262169854019182,21,0.02894042725495445
1,Index,0.5,EDC,28,0.92050806828405,0.2123494858972863,21,0.04633845680520344
1,Index,0.5,EDC,29,1.0295588040245378,0.2697509264118506,21,0.058864478050798474
1,Index,0.5,EDC,30,1.1107302968164356,0.19544135878546168,21,0.04264880097901908
1,Index,0.5,EDC,31,1.1036779612151808,0.1511801339851507,21,0.03299020988383424
1,Index,0.5,EDC,32,0.7827059355452038,0.11503841152841582,21,0.025103439459830765
1,Index,0.5,EDC,33,1.1599088305962926,0.20421088754305375,21,0.04456246904286469
1,Index,0.5,EDC,34,1.0078421216593134,0.1582607785476364,21,0.03453533320177082
1,Index,0.5,EDC,35,0.8854022013612114,0.15226428387562965,21,0.03322679078563414
1,Index,0.5,EDC,36,1.2827504741848934,0.24948986119102626,21,0.054443151144376346
1,Index,0.5,EDC,37,1.2523281751079636,0.25765929308722635,21,0.05622586733719175
1,Index,0.5,EDC,38,1.1133561480434724,0.3146624995891008,21,0.0686649867967174
1,Index,0.5,EDC,39,0.9496507228613208,0.2530738139471406,21,0.05522523375352109
1,Index,0.5,EDC,40,1.0072896756407808,0.29611494475820327,21,0.06461757851248255
1,Index,0.5,EDC,41,0.807095702045383,0.11536767571436085,21,0.02517529079581796
1,Index,0.5,EDC,42,0.8441183690548156,0.1356506125625661,21,0.029601390482623183
1,Index,0.5,EDC,43,0.8930648298158569,0.16680427272181042,21,0.036399676475702566
1,Index,0.5,EDC,44,1.013624347390176,0.1721817107257952,21,0.037573129651806966
1,Index,0.5,EDC,45,1.1601419221242064,0.19687640408999882,21,0.042961953537768244
1,Index,0.5,EDC,46,1.2191914763872223,0.20695580442704814,21,0.0451614590141631
1,Index,0.5,EDC,47,1.1611574824851318,0.2415963460910553,21,0.052720644932714736
1,Index,0.5,EDC,48,1.027376280820396,0.2892822357521794,21,0.06312655916859156
1,Index,0.5,EDC,49,0.9003146052284166,0.17191491628459774,21,0.03751491033172217
1,Index,0.5,EDC,50,1.028191349501994,0.1894820848953808,21,0.041348380803387194
1,Index,0.5,EDC,51,0.8852543732544026,0.1601570947479595,21,0.03494914332222566
1,Index,0.5,EDC,52,0.7988482702782245,0.13482054299776966,21,0.029420254453444192
1,Index,0.5,EDC,53,1.1952979317521621,0.23452700378711966,21,0.05117798796979385
1,Index,0.5,EDC,54,1.3339742517438855,0.27765499534636345,21,0.06058928729796772
1,Index,0.5,EDC,55,1.3212160344811956,0.2618106203266539,21,0.05713176120905884
1,Index,0.5,EDC,56,1.1973077508283447,0.34506294431031226,21,0.07529890770601608
1,Index,0.5,EDC,57,0.8205651115694088,0.12660715737033365,21,0.027627946770130484
1,Index,0.5,EDC,58,1.0213249170143728,0.19390307793342768,21,0.042313120576897796
1,Index,0.5,EDC,59,1.1297270735254503,0.20457710996929165,21,0.04464238532807543
1,Index,0.5,EDC,60,1.159388967886364,0.17987084300155576,21,0.039251035874768914
1,Index,0.5,EDC,61,1.0956121929374316,0.2474601376532421,21,0.05400022915619875
1,Index,0.5,EDC,62,0.9736036125835226,0.23835106916921328,21,0.052012467449598816
1,Index,0.5,EDC,63,0.8688776843625644,0.15046788226324614,21,0.032834783815763276
1,Index,0.5,EDC,64,0.8941021983190806,0.19352241068570003,21,0.04223005217321673
1,Index,0.5,FDS,1,1.0687728317275018,0.08843920217201924,21,0.019299016112132434
1,Index,0.5,FDS,2,1.0548843155454282,0.07140508077467096,21,0.015581866078779318
1,Index,0.5,FDS,3,1.0525650042515222,0.06325824964744592,21,0.013804081778087358
1,Index,0.5,FDS,4,1.0488979443309803,0.06094962658015408,21,0.013300298922992787
1,Index,0.5,FDS,5,1.060697155699756,0.08110574164503058,21,0.01769872382780404
1,Index,0.5,FDS,6,1.0567413207302756,0.06615223313656478,21,0.014435600749460672
1,Index,0.5,FDS,7,1.0588531348168804,0.05685410977166174,21,0.012406583885617543
1,Index,0.5,FDS,8,1.077857317976449,0.1161554246340657,21,0.025347191703111633
1,Index,0.5,FDS,9,1.0235315490148218,0.06648270549963077,21,0.014507715731310235
1,Index,0.5,FDS,10,1.0130129469779003,0.05547244874950925,21,0.012105080732342122
1,Index,0.5,FDS,11,1.0375873335162025,0.05885955184343052,21,0.012844207223509426
1,Index,0.5,FDS,12,1.044355088621863,0.0718448493471857,21,0.01567783144886558
1,Index,0.5,FDS,13,1.064263744909533,0.08523456024873219,21,0.018599705912670923
1,Index,0.5,FDS,14,1.0484168487369825,0.07213640516272127,21,0.015741454143817786
1,Index,0.5,FDS,15,1.0284155373908699,0.04481947738994248,21,0.00978041179751301
1,Index,0.5,FDS,16,1.0313069918400066,0.06723502190896992,21,0.014671884630946142
1,Index,0.5,FDS,17,0.9305648082894683,0.06777125977360357,21,0.01478890132643115
1,Index,0.5,FDS,18,0.9353818453567031,0.07093421887681255,21,0.01547911558883614
1,Index,0.5,FDS,19,1.0287386088664303,0.0516577996222374,21,0.01127265604779829
1,Index,0.5,FDS,20,1.0595145068234875,0.08913956260288201,21,0.01945184728776008
1,Index,0.5,FDS,21,0.9367155279800686,0.06461415713165192,21,0.014099965048645982
1,Index,0.5,FDS,22,1.0227951563045243,0.05149487720007813,21,0.011237103460562557
1,Index,0.5,FDS,23,1.009454627510625,0.03431612698247114,21,0.007488392831185265
1,Index,0.5,FDS,24,0.9994776628909731,0.06846377725724997,21,0.014940021030664007
1,Index,0.5,FDS,25,0.9901677740649882,0.03701129407547277,21,0.008076526508053551
1,Index,0.5,FDS,26,1.0139101353769646,0.035536235674300025,21,0.00775464237577476
1,Index,0.5,FDS,27,1.0530060495966391,0.06674185467339415,21,0.01456426671726528
1,Index,0.5,FDS,28,1.0541459748045812,0.09165860805327883,21,0.020001548071354246
1,Index,0.5,FDS,29,1.0345441223929523,0.0646021365513716,21,0.014097341942977801
1,Index,0.5,FDS,30,1.0101380219726668,0.02232271191765251,21,0.004871215099015975
1,Index,0.5,FDS,31,0.9919742636938419,0.03654639518212593,21,0.007975077252374356
1,Index,0.5,FDS,32,0.9974100097598748,0.0506220910490514,21,0.011046645908058312
1,Index,0.5,FDS,33,0.985035721177041,0.037791803984676305,21,0.008246847733748234
1,Index,0.5,FDS,34,1.00514261808149,0.04773204175716333,21,0.010415985448904472
1,Index,0.5,FDS,35,1.0356154385404266,0.07340182421053217,21,0.016017591218695518
1,Index,0.5,FDS,36,1.0414305190445359,0.08396211683023595,21,0.018322035994441998
1,Index,0.5,FDS,37,1.015350597377201,0.06260948346492909,21,0.013662509390482077
1,Index,0.5,FDS,38,0.983477940380946,0.03662088465228135,21,0.00799133218739647
1,Index,0.5,FDS,39,0.9733198768125648,0.04666539027055488,21,0.010183223011879692
1,Index,0.5,FDS,40,0.9807354713353914,0.05377491522431703,21,0.011734648547869809
1,Index,0.5,FDS,41,0.929586882520851,0.06448166181694345,21,0.014071052200604148
1,Index,0.5,FDS,42,0.9918187260454394,0.05988575343574364,21,0.01306814276994081
1,Index,0.5,FDS,43,1.0154485736704566,0.059740926115494246,21,0.013036538857667455
1,Index,0.5,FDS,44,1.0183245087163288,0.07585846881879026,21,0.016553675022169225
1,Index,0.5,FDS,45,0.9870315561931093,0.04408719894496367,21,0.009620615540184441
1,Index,0.5,FDS,46,0.9626963436863457,0.04845249704418639,21,0.010573201681648011
1,Index,0.5,FDS,47,0.956388274375583,0.06157733256822285,21,0.013437275599397653
1,Index,0.5,FDS,48,0.9617820141846194,0.0587761600846259,21,0.012826009649840011
1,Index,0.5,FDS,49,0.9426011072093919,0.04386919315447087,21,0.009573042776523873
1,Index,0.5,FDS,50,0.9548333527101251,0.06191632123841293,21,0.013511248991820438
1,Index,0.5,FDS,51,0.9863456919246958,0.06032019386197593,21,0.013162945443186445
1,Index,0.5,FDS,52,0.9938116754404491,0.09064525902955643,21,0.019780417185324844
1,Index,0.5,FDS,53,0.9637240084747207,0.051210818256839916,21,0.011175116717266448
1,Index,0.5,FDS,54,0.9477092198067281,0.06640650970734331,21,0.014491088446272405
1,Index,0.5,FDS,55,0.9509181356647697,0.07738980028687215,21,0.016887838944386037
1,Index,0.5,FDS,56,0.9682441120213332,0.07998802408291304,21,0.017454817859519033
1,Index,0.5,FDS,57,0.9246502406049293,0.04345530271680524,21,0.009482724478427629
1,Index,0.5,FDS,58,0.9562144645895169,0.06115232427521507,21,0.013344531186364694
1,Index,0.5,FDS,59,0.9659389394343715,0.052605915119830635,21,0.011479551811383134
1,Index,0.5,FDS,60,0.9681125064946201,0.08369574063865066,21,0.018263907943905158
1,Index,0.5,FDS,61,0.9454963100342136,0.06686829926375697,21,0.01459185918900601
1,Index,0.5,FDS,62,0.9310830485250382,0.07841924834954765,21,0.01711248292873062
1,Index,0.5,FDS,63,0.9458738390090052,0.09455691308856301,21,0.020634010081414314
1,Index,0.5,FDS,64,0.973160124141999,0.09794874549454048,21,0.02137416859308079
1,Index,0.75,EDC,1,0.9057469777109343,0.14025432559345605,21,0.03060600302747593
1,Index,0.75,EDC,2,1.0977356368322664,0.19657102430738588,21,0.04289531420588572
1,Index,0.75,EDC,3,0.9311014886099481,0.18035015653174039,21,0.03935563066208737
1,Index,0.75,EDC,4,0.9905001202817509,0.18781007923859008,21,0.040983519256499686
1,Index,0.75,EDC,5,1.0391882148079106,0.22484024336873581,21,0.04906416354807261
1,Index,0.75,EDC,6,1.027887481310746,0.23041066449568082,21,0.05027972909412055
1,Index,0.75,EDC,7,0.9932624308073736,0.16629686888549608,21,0.036288951881044404
1,Index,0.75,EDC,8,0.9208018430762662,0.15813723516310565,21,0.03450837382504591
1,Index,0.75,EDC,9,0.8332893169507064,0.10458274858580247,21,0.02282182675147503
1,Index,0.75,EDC,10,1.015388693050666,0.19767080669914402,21,0.04313530639913388
1,Index,0.75,EDC,11,0.9239221212320391,0.13727328414990064,21,0.029955486452957213
1,Index,0.75,EDC,12,1.042325200913916,0.17624302764395627,21,0.038459381661267826
1,Index,0.75,EDC,13,1.1246529751731906,0.1484651417386059,21,0.032397750003786155
1,Index,0.75,EDC,14,0.8398322229531655,0.10438008831054586,21,0.02277760265377389
1,Index,0.75,EDC,15,0.8341521839355528,0.09765538347816406,21,0.02131015175279175
1,Index,0.75,EDC,16,0.8847907096868888,0.1220374276505446,21,0.026630749991729402
1,Index,0.75,EDC,17,1.0173627586247567,0.14324821068707547,21,0.03125932231621455
1,Index,0.75,EDC,18,1.0502738884078002,0.2072666638573148,21,0.04522929410319585
1,Index,0.75,EDC,19,1.0333509307365352,0.25174263169638383,21,0.054934745971241344
1,Index,0.75,EDC,20,0.9426481476660816,0.14666055350957014,21,0.03200395656770126
1,Index,0.75,EDC,21,0.855928129852462,0.1275508751664912,21,0.02783388287658614
1,Index,0.75,EDC,22,0.8298423597150504,0.10825545980725626,21,0.023623278045666732
1,Index,0.75,EDC,23,0.8759572021274338,0.13839993104279258,21,0.030201340960965026
1,Index,0.75,EDC,24,0.8684920110299998,0.1329383776810645,21,0.029009532308957434
1,Index,0.75,EDC,25,0.9443548724182999,0.1995434548522395,21,0.0435439517282567
1,Index,0.75,EDC,26,0.8686565857335053,0.13328969447005926,21,0.029086195917456353
1,Index,0.75,EDC,27,0.8731504026430714,0.1274860820589889,21,0.027819743861365157
1,Index,0.75,EDC,28,0.9233249145653589,0.19420198779539374,21,0.042378348056346764
1,Index,0.75,EDC,29,1.0193056197907924,0.24196839979268542,21,0.05280183370653895
1,Index,0.75,EDC,30,1.0924521432774918,0.17805347944909616,21,0.038854454634559395
1,Index,0.75,EDC,31,1.082751099040436,0.13069477484285952,21,0.028519938031076858
1,Index,0.75,EDC,32,0.78111421833646,0.11760634958777727,21,0.02566380948540133
1,Index,0.75,EDC,33,1.1595292555645145,0.19442206240052015,21,0.04242637227237197
1,Index,0.75,EDC,34,1.011493531113654,0.1335060135403655,21,0.029133400608596396
1,Index,0.75,EDC,35,0.8912610708386931,0.12083348813112775,21,0.026368028849830524
1,Index,0.75,EDC,36,1.277969289103219,0.22614116155856695,21,0.049348047170827185
1,Index,0.75,EDC,37,1.2545013019818372,0.23385392844805894,21,0.051031110889334146
1,Index,0.75,EDC,38,1.1262443301997807,0.2974099058279382,21,0.06490016218505786
1,Index,0.75,EDC,39,0.9796272052194093,0.2707463812643758,21,0.0590817041085417
1,Index,0.75,EDC,40,1.035976468431871,0.2977563119855433,21,0.0649757542059352
1,Index,0.75,EDC,41,0.8166982912997586,0.10283783755144606,21,0.022441055946908272
1,Index,0.75,EDC,42,0.8505944419002633,0.11533834362029906,21,0.025168890008135592
1,Index,0.75,EDC,43,0.8974693814698166,0.13803442846206432,21,0.030121581758922693
1,Index,0.75,EDC,44,1.013332503084524,0.15428428875665234,21,0.033667591989037314
1,Index,0.75,EDC,45,1.148248152552124,0.18513012199560813,21,0.04039870464101349
1,Index,0.75,EDC,46,1.2118117878466097,0.1864341854254905,21,0.04068327461141634
1,Index,0.75,EDC,47,1.1556312934278599,0.20847234067466064,21,0.04549239435458351
1,Index,0.75,EDC,48,1.030240436112329,0.2608288380131088,21,0.05691751874392602
1,Index,0.75,EDC,49,0.9034498405432577,0.14813938246554947,21,0.03232666350249497
1,Index,0.75,EDC,50,1.0305863814471876,0.15523975062690784,21,0.033876090862565406
1,Index,0.75,EDC,51,0.8931458637085212,0.1253096731019094,21,0.027344812490460554
1,Index,0.75,EDC,52,0.8125477217300355,0.11940226252439468,21,0.026055709817477506
1,Index,0.75,EDC,53,1.197897205829066,0.22305233389177875,21,0.0486740097140781
1,Index,0.75,EDC,54,1.3354425308457312,0.25635789143943216,21,0.05594187821526046
1,Index,0.75,EDC,55,1.334577277403163,0.2474934307486057,21,0.05400749430522842
1,Index,0.75,EDC,56,1.2219516222632494,0.33007332685713847,21,0.07202790500993989
1,Index,0.75,EDC,57,0.8284562991906638,0.10991034088973795,21,0.02398440270407734
1,Index,0.75,EDC,58,1.0160056627613632,0.17115232658284896,21,0.03734849961589086
1,Index,0.75,EDC,59,1.1136670498314167,0.1729738176207562,21,0.037745981547266744
1,Index,0.75,EDC,60,1.145961890538918,0.15977189765347435,21,0.03486508642494208
1,Index,0.75,EDC,61,1.0852839514899655,0.20891914945060208,21,0.04558989602300838
1,Index,0.75,EDC,62,0.9718996029773966,0.20509432036504377,21,0.04475524988944458
1,Index,0.75,EDC,63,0.877474905728104,0.14694279826687462,21,0.032065547423170415
1,Index,0.75,EDC,64,0.9074805522668401,0.2015869180344226,21,0.04398987195264763
1,Index,0.75,FDS,1,1.0379075332958092,0.05934229309515624,21,0.012949550000990894
1,Index,0.75,FDS,2,1.0320167954523114,0.052335004000642546,21,0.011420434158512438
1,Index,0.75,FDS,3,1.034884323592617,0.051310566866482096,21,0.011196883648416539
1,Index,0.75,FDS,4,1.0354739411300875,0.05532660899705606,21,0.012073255889249249
1,Index,0.75,FDS,5,1.0510479006739548,0.080935872730838,21,0.017661655391732256
1,Index,0.75,FDS,6,1.0516517657713405,0.06596155904156079,21,0.014393992250726243
1,Index,0.75,FDS,7,1.0565086965440236,0.051860278976760446,21,0.011316840665358655
1,Index,0.75,FDS,8,1.069296440906761,0.08188751266317035,21,0.017869320250030143
1,Index,0.75,FDS,9,1.0045265560919336,0.04684558697114605,21,0.010222545155710184
1,Index,0.75,FDS,10,0.9986075225000908,0.04274991552665646,21,0.009328796373993866
1,Index,0.75,FDS,11,1.024395241548549,0.0507811193557462,21,0.011081348729633053
1,Index,0.75,FDS,12,1.0296365253576842,0.06562725715955953,21,0.014321041599334006
1,Index,0.75,FDS,13,1.0564643307536368,0.07925795997945721,21,0.01729550481112587
1,Index,0.75,FDS,14,1.04858411039361,0.07491187831382545,21,0.01634711203925838
1,Index,0.75,FDS,15,1.0316667078447044,0.04531403173479503,21,0.009888332403253777
1,Index,0.75,FDS,16,1.0287774786251258,0.05634158937405213,21,0.012294742765748263
1,Index,0.75,FDS,17,0.9145029151405245,0.07235204833038765,21,0.01578851134090975
1,Index,0.75,FDS,18,0.9198985923425557,0.07806155923497107,21,0.017034428764787335
1,Index,0.75,FDS,19,1.0158008269814442,0.04563402193105515,21,0.009958159988777863
1,Index,0.75,FDS,20,1.0504838876112514,0.0799997940509115,21,0.017457386277103804
1,Index,0.75,FDS,21,0.919869971310636,0.06911761671394724,21,0.015082700497457533
1,Index,0.75,FDS,22,1.0271837919544737,0.05375816141807068,21,0.011730992567617308
1,Index,0.75,FDS,23,1.0146488013191488,0.036929220782438585,21,0.008058616647202912
1,Index,0.75,FDS,24,1.003383980734486,0.06714086918146578,21,0.014651338821390223
1,Index,0.75,FDS,25,0.9812441825306376,0.03349173959324923,21,0.007308496754372101
1,Index,0.75,FDS,26,1.006602347857232,0.0315940806588609,21,0.0068943936253223976
1,Index,0.75,FDS,27,1.0468608613291719,0.06064742567181464,21,0.013234353278347554
1,Index,0.75,FDS,28,1.0516220098785336,0.0908625297434616,21,0.019827829542123296
1,Index,0.75,FDS,29,1.0376463132551872,0.06343525712399983,21,0.01384270797617695
1,Index,0.75,FDS,30,1.0190124317686724,0.025769553892223306,21,0.005623377682683676
1,Index,0.75,FDS,31,0.9999133088056057,0.04372922710511779,21,0.009542499680529377
1,Index,0.75,FDS,32,1.0050457817341831,0.06384632216002896,21,0.013932409721089008
1,Index,0.75,FDS,33,0.9785530374782917,0.03692869710566571,21,0.00805850237156237
1,Index,0.75,FDS,34,1.0011548337055955,0.04593276368366368,21,0.010023350783757498
1,Index,0.75,FDS,35,1.0371409038020694,0.09033904118557087,21,0.0197135949734577
1,Index,0.75,FDS,36,1.0453382272381826,0.1043646163512618,21,0.022774226395461106
1,Index,0.75,FDS,37,1.0219763068599317,0.06692465480807963,21,0.014604156976991202
1,Index,0.75,FDS,38,0.9912984698481322,0.04083871823379708,21,0.008911738932921352
1,Index,0.75,FDS,39,0.9830242562548805,0.05652753079663168,21,0.01233531851069105
1,Index,0.75,FDS,40,0.988638416483128,0.0698086100154782,21,0.01523348759788482
1,Index,0.75,FDS,41,0.910018204890373,0.068249011681158,21,0.0148931553397539
1,Index,0.75,FDS,42,0.9972404365147908,0.05258086340060454,21,0.011474085078066831
1,Index,0.75,FDS,43,1.031014310913917,0.09038367159363529,21,0.01972333412694589
1,Index,0.75,FDS,44,1.0220095773604545,0.08569152325702704,21,0.018699423416256918
1,Index,0.75,FDS,45,0.9941082647082033,0.045100500064227736,21,0.009841735972604015
1,Index,0.75,FDS,46,0.9707100249982593,0.04958229892558559,21,0.0108197446645916
1,Index,0.75,FDS,47,0.9662350528497964,0.06464413003683943,21,0.014106505672780245
1,Index,0.75,FDS,48,0.9712465856284932,0.06690966718137169,21,0.01460088640871135
1,Index,0.75,FDS,49,0.9443400828661446,0.04564092060355742,21,0.009959665402536736
1,Index,0.75,FDS,50,0.958779474808839,0.05761456582540047,21,0.012572529001281599
1,Index,0.75,FDS,51,0.9908093167776114,0.05859846158909714,21,0.012787232659047616
1,Index,0.75,FDS,52,0.9952177157772636,0.07990115044100854,21,0.017435860476665517
1,Index,0.75,FDS,53,0.9728472965921743,0.04593022442263852,21,0.01002279667157383
1,Index,0.75,FDS,54,0.9610295536088005,0.0656809097559932,21,0.014332749555733444
1,Index,0.75,FDS,55,0.9666099089366688,0.08399858068925616,21,0.01832999306082725
1,Index,0.75,FDS,56,0.9859312697981147,0.09387499107203219,21,0.020485202497661486
1,Index,0.75,FDS,57,0.9302686060825133,0.04851978906365361,21,0.010587886004165867
1,Index,0.75,FDS,58,0.9604529433111905,0.059897864972793514,21,0.013070785724003348
1,Index,0.75,FDS,59,0.9727002616519068,0.04931568068910056,21,0.010761563795527396
1,Index,0.75,FDS,60,0.9772104076383711,0.08729338191227941,21,0.01904897763246235
1,Index,0.75,FDS,61,0.9577902954093502,0.06090621793049362,21,0.013290826379045889
1,Index,0.75,FDS,62,0.9478910227154228,0.0752164255870752,21,0.016413569702704064
1,Index,0.75,FDS,63,0.9683907942484296,0.10560032385997511,21,0.023043879880961297
1,Index,0.75,FDS,64,0.9948582652067173,0.115464832918925,21,0.025196492236019174
2,Middle,0.5,EDC,1,0.8987330726493111,0.15502759912974354,21,0.0338297956104438
2,Middle,0.5,EDC,2,1.1193822026119105,0.18116625012584664,21,0.039533716884428347
2,Middle,0.5,EDC,3,0.9118431049913737,0.19387368134402133,21,0.04230670571517741
2,Middle,0.5,EDC,4,0.98183305192879,0.216267905713997,21,0.04719352611066495
2,Middle,0.5,EDC,5,1.0314178551639608,0.20292309213520374,21,0.04428144904590806
2,Middle,0.5,EDC,6,1.0274572157886388,0.1883296414690405,21,0.04109689703027488
2,Middle,0.5,EDC,7,0.9975815261656853,0.1739197630964008,21,0.03795240377324019
2,Middle,0.5,EDC,8,0.9358036921766765,0.19812418153632302,21,0.04323424089958917
2,Middle,0.5,EDC,9,0.807290829334301,0.09799548399929842,21,0.02138436777098185
2,Middle,0.5,EDC,10,1.0220047646749866,0.18685311810908373,21,0.040774693217780954
2,Middle,0.5,EDC,11,0.9446145509631614,0.14801173419187513,21,0.032298808365521486
2,Middle,0.5,EDC,12,1.0656819453041728,0.1634288561325104,21,0.03566310018891795
2,Middle,0.5,EDC,13,1.1522464738432905,0.1254169704694856,21,0.02736822669564091
2,Middle,0.5,EDC,14,0.8464581664000516,0.10624082100730431,21,0.023183647817153645
2,Middle,0.5,EDC,15,0.8402095616828162,0.09887814098374198,21,0.02157697931592919
2,Middle,0.5,EDC,16,0.9027501438578941,0.14588078987688347,21,0.03183379819289363
2,Middle,0.5,EDC,17,1.0513406027925762,0.14285509685499298,21,0.03117353784515492
2,Middle,0.5,EDC,18,1.07423461173205,0.16001087872026223,21,0.03491723636914287
2,Middle,0.5,EDC,19,1.0299924044586928,0.22873792889592615,21,0.049914708260619445
2,Middle,0.5,EDC,20,0.9677602754816059,0.18474970957058584,21,0.040315691844205574
2,Middle,0.5,EDC,21,0.8728480713581808,0.15353632882659185,21,0.033504373751118456
2,Middle,0.5,EDC,22,0.83648262184216,0.11326100768084837,21,0.02471557814211726
2,Middle,0.5,EDC,23,0.8893042909931714,0.14913003811847608,21,0.03254284228902697
2,Middle,0.5,EDC,24,0.884224178228045,0.16746697937429825,21,0.036544290923253814
2,Middle,0.5,EDC,25,0.9362863579333414,0.22965914186663666,21,0.050115733411545925
2,Middle,0.5,EDC,26,0.8413511511658013,0.12764328549848386,21,0.02785404846426959
2,Middle,0.5,EDC,27,0.8488959534590108,0.11999440715208767,21,0.02618492636884725
2,Middle,0.5,EDC,28,0.9166594523134154,0.2032571976646305,21,0.044354356849655746
2,Middle,0.5,EDC,29,1.0307277249454596,0.2408489068698453,21,0.052557540322782655
2,Middle,0.5,EDC,30,1.1256610940805718,0.16650065527302094,21,0.03633342171658889
2,Middle,0.5,EDC,31,1.1265749915014156,0.12942298663168397,21,0.028242411090807124
2,Middle,0.5,EDC,32,0.7934604321104948,0.09243406943324028,21,0.020170767617648928
2,Middle,0.5,EDC,33,1.1549080709785158,0.1935892604833176,21,0.042244639995015536
2,Middle,0.5,EDC,34,1.029136165229745,0.18333557734489955,21,0.040007102893401585
2,Middle,0.5,EDC,35,0.8878336139097404,0.1533723754788467,21,0.03346859619747638
2,Middle,0.5,EDC,36,1.241218720459533,0.20494338129532932,21,0.04472231228409731
2,Middle,0.5,EDC,37,1.2203052766326812,0.23124912947571563,21,0.050462697153100505
2,Middle,0.5,EDC,38,1.121098475401302,0.2981042322351446,21,0.06505167662877356
2,Middle,0.5,EDC,39,0.981933692697915,0.2625042122257473,21,0.057283115369963784
2,Middle,0.5,EDC,40,1.0255462101530648,0.28518414036260414,21,0.0622322814386926
2,Middle,0.5,EDC,41,0.781171242913293,0.08910046360884102,21,0.019443315187770104
2,Middle,0.5,EDC,42,0.8088875465176658,0.08952726748831664,21,0.01953645142989381
2,Middle,0.5,EDC,43,0.8840865487344713,0.1409853486670987,21,0.03076552534032006
2,Middle,0.5,EDC,44,1.0137307912077578,0.1657759001492512,21,0.03617526718254213
2,Middle,0.5,EDC,45,1.1397874661779204,0.16166262504645068,21,0.03527767696764877
2,Middle,0.5,EDC,46,1.1791530324819566,0.14758383672674913,21,0.032205433483444366
2,Middle,0.5,EDC,47,1.1343914268576245,0.1993815387753393,21,0.04350861874356025
2,Middle,0.5,EDC,48,1.0376607767283912,0.25350143731227337,21,0.05531854882207598
2,Middle,0.5,EDC,49,0.892294414298159,0.15551765217829602,21,0.033936733952802646
2,Middle,0.5,EDC,50,1.06458273663843,0.22352820313012017,21,0.04877785289529717
2,Middle,0.5,EDC,51,0.899966145805203,0.1807205304365622,21,0.03943645287419605
2,Middle,0.5,EDC,52,0.783653904367442,0.10792249224233864,21,0.023550618566133396
2,Middle,0.5,EDC,53,1.2078940928976611,0.23495612475803512,21,0.05127162984272304
2,Middle,0.5,EDC,54,1.3248659656403783,0.2602447379487544,21,0.056790057660195896
2,Middle,0.5,EDC,55,1.3083968652785178,0.256263737369742,21,0.05592133211281554
2,Middle,0.5,EDC,56,1.1945287422291078,0.3163103388155275,21,0.06902457479615634
2,Middle,0.5,EDC,57,0.8015689667891388,0.09966826073621182,21,0.021749397581346943
2,Middle,0.5,EDC,58,1.0162412975584794,0.17237257598474096,21,0.03761477986593346
2,Middle,0.5,EDC,59,1.1183588376013434,0.15520692118121193,21,0.03386892689018803
2,Middle,0.5,EDC,60,1.1456585095224927,0.12440279417605843,21,0.02714691528456187
2,Middle,0.5,EDC,61,1.0883039611940735,0.1752118432883262,21,0.038234358786737865
2,Middle,0.5,EDC,62,0.9906847484865783,0.20017587961859662,21,0.04368195812650414
2,Middle,0.5,EDC,63,0.8911771521029618,0.14094266601687952,21,0.03075621122243955
2,Middle,0.5,EDC,64,0.9198622305754431,0.18749086812779786,21,0.04091386168136272
2,Middle,0.5,FDS,1,1.0287945080901495,0.05580675373661741,21,0.012178032061324236
2,Middle,0.5,FDS,2,1.0170243614278993,0.056560976711309274,21,0.012342617007629009
2,Middle,0.5,FDS,3,1.0125292604308582,0.05556487299308385,21,0.01212524935578163
2,Middle,0.5,FDS,4,1.0025285516946658,0.04828809114147716,21,0.010537325372416459
2,Middle,0.5,FDS,5,0.998256553278608,0.04302384372609312,21,0.009388572407751079
2,Middle,0.5,FDS,6,0.9854483750240284,0.039396213057296375,21,0.00859695849665087
2,Middle,0.5,FDS,7,0.980073764860039,0.05077483102482479,21,0.011079976503326277
2,Middle,0.5,FDS,8,0.9857681965314193,0.06993312823648569,21,0.015260659701369014
2,Middle,0.5,FDS,9,0.9958196321920589,0.047418372658843196,21,0.010347537240036828
2,Middle,0.5,FDS,10,0.9923025423169107,0.052318734574065946,21,0.011416883878569543
2,Middle,0.5,FDS,11,1.0170936223407492,0.0611664641858249,21,0.013347616767826097
2,Middle,0.5,FDS,12,1.0083880646206085,0.05829881619511127,21,0.012721844673353086
2,Middle,0.5,FDS,13,1.0081481158464354,0.04535041568179922,21,0.00989627203140749
2,Middle,0.5,FDS,14,0.9888194400419547,0.041151889768894834,21,0.008980078564592351
2,Middle,0.5,FDS,15,0.969425837305066,0.048647308645068256,21,0.010615713058185948
2,Middle,0.5,FDS,16,0.9611608686013214,0.05426074700602971,21,0.011840665734284744
2,Middle,0.5,FDS,17,0.9395369906865612,0.05667873338511872,21,0.012368313620548913
2,Middle,0.5,FDS,18,0.9459990083167489,0.059852083550305565,21,0.013060795398576026
2,Middle,0.5,FDS,19,1.0297886939549765,0.0796984155568977,21,0.017391620097977612
2,Middle,0.5,FDS,20,1.044592135659082,0.06395606319961025,21,0.013956357179218743
2,Middle,0.5,FDS,21,0.9438437296462019,0.056889343398962344,21,0.012414272493432443
2,Middle,0.5,FDS,22,0.9936645578277533,0.038678275996807315,21,0.008440291785988718
2,Middle,0.5,FDS,23,0.9812427079161682,0.05493969519936492,21,0.011988824376613891
2,Middle,0.5,FDS,24,0.9601688566095923,0.06049765755379433,21,0.013201671195608548
2,Middle,0.5,FDS,25,0.9897406198910337,0.05252451362984857,21,0.011461788549977182
2,Middle,0.5,FDS,26,1.0324561152907556,0.07848286477416352,21,0.01712636517069465
2,Middle,0.5,FDS,27,1.0789587052813616,0.08719096422887138,21,0.019026628261666192
2,Middle,0.5,FDS,28,1.0697869621586413,0.06691976626433835,21,0.014603090209289652
2,Middle,0.5,FDS,29,1.044984069745467,0.04567619956945552,21,0.009967363904044728
2,Middle,0.5,FDS,30,1.0172191024870942,0.04984394799303695,21,0.01087684117207305
2,Middle,0.5,FDS,31,0.9835334329330704,0.06551868049517189,21,0.014297348228702473
2,Middle,0.5,FDS,32,0.9619902020889252,0.059081178062317455,21,0.012892570029415911
2,Middle,0.5,FDS,33,0.9960384805031429,0.06915336343724122,21,0.015090501071997595
2,Middle,0.5,FDS,34,1.0387519121161986,0.09899773080873307,21,0.021603075955232434
2,Middle,0.5,FDS,35,1.074729012733665,0.08235756395993342,21,0.017971893852312473
2,Middle,0.5,FDS,36,1.0748377465067798,0.052164273806743426,21,0.01138317777580019
2,Middle,0.5,FDS,37,1.0477558724158162,0.04444313660893968,21,0.009698287506272813
2,Middle,0.5,FDS,38,1.0051921566133448,0.0532716338073612,21,0.011624823538866727
2,Middle,0.5,FDS,39,0.9789491469643655,0.06691426247203751,21,0.014601889183345465
2,Middle,0.5,FDS,40,0.9504279101649309,0.042056732566769416,21,0.009177531450939774
2,Middle,0.5,FDS,41,0.936189863474235,0.055447875382181384,21,0.012099718383967843
2,Middle,0.5,FDS,42,1.0309264995988148,0.10985518314845809,21,0.02397236629814507
2,Middle,0.5,FDS,43,1.0696855225109085,0.07730615598862772,21,0.01686958626209287
2,Middle,0.5,FDS,44,1.0617624996844854,0.04742929502428383,21,0.010349920695579669
2,Middle,0.5,FDS,45,1.0337247042347824,0.04770276274496535,21,0.010409596244634436
2,Middle,0.5,FDS,46,0.998617187521486,0.05380361438363978,21,0.011740911217868766
2,Middle,0.5,FDS,47,0.9628281489548686,0.0631801114112951,21,0.013787030617047766
2,Middle,0.5,FDS,48,0.9301252504145044,0.050968436840286735,21,0.011122224755913802
2,Middle,0.5,FDS,49,0.9644146552852673,0.05542096955223034,21,0.012093847050520877
2,Middle,0.5,FDS,50,1.0014689746202574,0.09724593119264645,21,0.02122080193889379
2,Middle,0.5,FDS,51,1.04517438997399,0.07977063521679395,21,0.017407379719793732
2,Middle,0.5,FDS,52,1.0480215600356027,0.04889461397860443,21,0.01066967950631432
2,Middle,0.5,FDS,53,1.0267497490744442,0.0544656403005733,21,0.011885377116743548
2,Middle,0.5,FDS,54,0.9941921890489647,0.07705261103496261,21,0.016814258217224088
2,Middle,0.5,FDS,55,0.9540019383951756,0.07382893179097026,21,0.016110793733802517
2,Middle,0.5,FDS,56,0.9294146982224654,0.06960709750449477,21,0.01518951396288186
2,Middle,0.5,FDS,57,0.9576129065267482,0.06478497977709392,21,0.014137241605938869
2,Middle,0.5,FDS,58,1.0107960853302425,0.09161357909251266,21,0.019991721946536336
2,Middle,0.5,FDS,59,1.034716718945524,0.08079875298996823,21,0.01763173341116995
2,Middle,0.5,FDS,60,1.0376300063167658,0.06933442721548273,21,0.015130012427683614
2,Middle,0.5,FDS,61,1.015060212987621,0.08358976862413514,21,0.01824078295447352
2,Middle,0.5,FDS,62,0.9726338008241829,0.09217383271185321,21,0.02011397930934591
2,Middle,0.5,FDS,63,0.9321738600374442,0.08646656036786848,21,0.018868550379439335
2,Middle,0.5,FDS,64,0.9163087548667693,0.07781165496731385,21,0.016979895182738205
2,Middle,0.75,EDC,1,0.897315826828304,0.15470824031471242,21,0.03376010580359945
2,Middle,0.75,EDC,2,1.1267717194210758,0.16948754771927116,21,0.036985215084571435
2,Middle,0.75,EDC,3,0.9158191304416883,0.18233413728767497,21,0.039788570756916226
2,Middle,0.75,EDC,4,0.9805534340495331,0.19587807244661273,21,0.0427440997127927
2,Middle,0.75,EDC,5,1.0374897027156358,0.1971646606159084,21,0.043024856268698994
2,Middle,0.75,EDC,6,1.0425695797273018,0.18882068739997349,21,0.041204052037332045
2,Middle,0.75,EDC,7,1.0100836364188817,0.17150406822815015,21,0.03742525593563662
2,Middle,0.75,EDC,8,0.9364487958603787,0.1860337036237894,21,0.04059588231757122
2,Middle,0.75,EDC,9,0.8089341253106316,0.10253187032760981,21,0.022374288424841363
2,Middle,0.75,EDC,10,1.0209116400895681,0.18158807120125764,21,0.03962576578956161
2,Middle,0.75,EDC,11,0.9627179975431642,0.15773350080169377,21,0.03442027176448283
2,Middle,0.75,EDC,12,1.0881575079809263,0.17250434880092572,21,0.037643535051871756
2,Middle,0.75,EDC,13,1.1725476488169857,0.12405812461222891,21,0.027071702219514434
2,Middle,0.75,EDC,14,0.8587165143509513,0.10929763633971439,21,0.023850699609833208
2,Middle,0.75,EDC,15,0.8432528231365614,0.0939913261439423,21,0.020510588891614164
2,Middle,0.75,EDC,16,0.9133005001584371,0.14270102590976327,21,0.031139916808540228
2,Middle,0.75,EDC,17,1.0660429976474894,0.1434773481421182,21,0.03130932420822802
2,Middle,0.75,EDC,18,1.086042119972438,0.16984456067956577,21,0.03706312169955383
2,Middle,0.75,EDC,19,1.032248055132618,0.22157071089475833,21,0.04835069306954318
2,Middle,0.75,EDC,20,0.9769888021196067,0.1795939475116983,21,0.03919061232515636
2,Middle,0.75,EDC,21,0.8715403829053704,0.1399435281975374,21,0.03053818147544772
2,Middle,0.75,EDC,22,0.832241037952228,0.10007134576592333,21,0.021837357946116298
2,Middle,0.75,EDC,23,0.8663529450841965,0.1191846418938971,21,0.0260082211026185
2,Middle,0.75,EDC,24,0.8768059887300697,0.13895144533702447,21,0.030321691246687304
2,Middle,0.75,EDC,25,0.9331758300944613,0.2195822034357786,21,0.04791676516712609
2,Middle,0.75,EDC,26,0.8419796491966396,0.12583927183663637,21,0.027460380409024324
2,Middle,0.75,EDC,27,0.8466586408176608,0.12165471753500338,21,0.026547235797744026
2,Middle,0.75,EDC,28,0.9162126461066807,0.200166404668478,21,0.04367989052287916
2,Middle,0.75,EDC,29,1.028761907778946,0.22706958027822885,21,0.049550644745087406
2,Middle,0.75,EDC,30,1.1384446498985439,0.1611529948608831,21,0.03516646654375363
2,Middle,0.75,EDC,31,1.1458765864461096,0.1251507162888608,21,0.02731012527007845
2,Middle,0.75,EDC,32,0.7842855934702155,0.10536558864286347,21,0.022992656457119107
2,Middle,0.75,EDC,33,1.13430979827797,0.17301480333808722,21,0.03775492536403253
2,Middle,0.75,EDC,34,1.0065700318924722,0.1528116832066144,21,0.033346243112758224
2,Middle,0.75,EDC,35,0.874090365581496,0.12687795975816957,21,0.027687040695874906
2,Middle,0.75,EDC,36,1.2294937162065367,0.190165826366969,21,0.041497585424784024
2,Middle,0.75,EDC,37,1.21934265848267,0.2311983263025482,21,0.050451610991834615
2,Middle,0.75,EDC,38,1.1184358697020347,0.2833455687615344,21,0.06183107222285934
2,Middle,0.75,EDC,39,0.9850673591834277,0.2566816268811218,21,0.05601252308034059
2,Middle,0.75,EDC,40,1.022211525333235,0.27888674357867604,21,0.06085807679852488
2,Middle,0.75,EDC,41,0.7741818905578413,0.08279119245045673,21,0.01806651934666069
2,Middle,0.75,EDC,42,0.8056710207101249,0.08626907112665115,21,0.01882545469387658
2,Middle,0.75,EDC,43,0.8738435519033233,0.12783972855628914,21,0.027896915853895365
2,Middle,0.75,EDC,44,0.9985377633795979,0.1545973294649779,21,0.0337359030719661
2,Middle,0.75,EDC,45,1.1229161282198514,0.1552232451687994,21,0.0338724890763196
2,Middle,0.75,EDC,46,1.181071542712304,0.14361802029605308,21,0.031340021388874637
2,Middle,0.75,EDC,47,1.1489177135570592,0.2031903764635595,21,0.044339775268135
2,Middle,0.75,EDC,48,1.0484733402053834,0.2493888018855671,21,0.05442109819595033
2,Middle,0.75,EDC,49,0.8885491767796002,0.15083921038439524,21,0.032915814254945726
2,Middle,0.75,EDC,50,1.0452026397738596,0.19709578141609377,21,0.0430098255950343
2,Middle,0.75,EDC,51,0.8904894737498924,0.16028258366012563,21,0.03497652724788656
2,Middle,0.75,EDC,52,0.7812622998007132,0.10993347935876327,21,0.02398945193197134
2,Middle,0.75,EDC,53,1.1866277017088873,0.20811410919905762,21,0.04541422183776129
2,Middle,0.75,EDC,54,1.2950569926948,0.2261122689638639,21,0.04934174228976764
2,Middle,0.75,EDC,55,1.289594946663123,0.23848578382182856,21,0.052041864596876396
2,Middle,0.75,EDC,56,1.1857994228074693,0.30594404402013853,21,0.06676246381634221
2,Middle,0.75,EDC,57,0.8000528336393228,0.0994321113323905,21,0.021697865556664565
2,Middle,0.75,EDC,58,1.011152992869447,0.16809074168022042,21,0.03668040701766089
2,Middle,0.75,EDC,59,1.118355617953392,0.14364344403674886,21,0.031345569303931176
2,Middle,0.75,EDC,60,1.1576601777389965,0.11658977012601436,21,0.025441973659998188
2,Middle,0.75,EDC,61,1.1097689993106432,0.18025916439995063,21,0.03933577455106013
2,Middle,0.75,EDC,62,1.0060421573519347,0.20224524098058694,21,0.04413352979705355
2,Middle,0.75,EDC,63,0.9035474465826865,0.14654092715895556,21,0.03197785195785352
2,Middle,0.75,EDC,64,0.9284544284666054,0.19119612797703447,21,0.04172241566843926
2,Middle,0.75,FDS,1,0.9983929537062498,0.049477578767975205,21,0.01079689285273268
2,Middle,0.75,FDS,2,0.9930382490262071,0.05448277323802662,21,0.011889115830208156
2,Middle,0.75,FDS,3,0.9920614416494747,0.05395543850278024,21,0.011774041956834536
2,Middle,0.75,FDS,4,0.9879058761875663,0.050156430091994685,21,0.010945030356444122
2,Middle,0.75,FDS,5,0.9874787924144635,0.046214250898031585,21,0.010084776329805268
2,Middle,0.75,FDS,6,0.9792841937148977,0.0438025064112615,21,0.009558490536114015
2,Middle,0.75,FDS,7,0.9754242461040187,0.0552540468449444,21,0.012057421529504458
2,Middle,0.75,FDS,8,0.9792457350136319,0.06748615394322545,21,0.014726686133632056
2,Middle,0.75,FDS,9,0.9753936639259506,0.04715140125423253,21,0.010289279303369349
2,Middle,0.75,FDS,10,0.975938271610708,0.05129962374460464,21,0.011194495663447844
2,Middle,0.75,FDS,11,1.00164958033774,0.060046491340261306,21,0.01310321865634561
2,Middle,0.75,FDS,12,0.9978827931152873,0.05839208109179904,21,0.01274219674234137
2,Middle,0.75,FDS,13,1.0036406431893414,0.04878525310447543,21,0.010645815007087526
2,Middle,0.75,FDS,14,0.9876035573275702,0.045525656899925646,21,0.009934512800309424
2,Middle,0.75,FDS,15,0.969844130118257,0.05111449877564225,21,0.011154098083290868
2,Middle,0.75,FDS,16,0.9589692279685641,0.05442154343484938,21,0.011875754391739254
2,Middle,0.75,FDS,17,0.9272361424586968,0.063692812318945,21,0.013898911127437203
2,Middle,0.75,FDS,18,0.9330157806018458,0.06704433652864245,21,0.014630273669552232
2,Middle,0.75,FDS,19,1.0210680753909431,0.07638142807452687,21,0.016667794087635454
2,Middle,0.75,FDS,20,1.0406228202883814,0.06517373000237346,21,0.014222073859928136
2,Middle,0.75,FDS,21,0.9313012390847218,0.06295022739202584,21,0.013736865811363855
2,Middle,0.75,FDS,22,0.9972379310377191,0.040441933594163634,21,0.008825153425982493
2,Middle,0.75,FDS,23,0.9865122717760829,0.05450820348036672,21,0.011894665164039803
2,Middle,0.75,FDS,24,0.9604568117419041,0.0568378233163867,21,0.012403029889708001
2,Middle,0.75,FDS,25,0.977830378205127,0.05272329138043037,21,0.011505165411334999
2,Middle,0.75,FDS,26,1.0264116746197827,0.07822474351999355,21,0.017070038495184608
2,Middle,0.75,FDS,27,1.0780360722395426,0.08844721905227507,21,0.019300765538828136
2,Middle,0.75,FDS,28,1.0734163041112466,0.0716748614530986,21,0.015640737049252233
2,Middle,0.75,FDS,29,1.0521264301839475,0.050152791085782564,21,0.010944236260185957
2,Middle,0.75,FDS,30,1.0258573999984728,0.050105562659799124,21,0.010933930172708684
2,Middle,0.75,FDS,31,0.991649628627089,0.06621908591158655,21,0.014450189220982344
2,Middle,0.75,FDS,32,0.9650457084391109,0.056309981135448876,21,0.012287845282606185
2,Middle,0.75,FDS,33,0.986523666854534,0.06735751315820426,21,0.014698614412926431
2,Middle,0.75,FDS,34,1.0354866622186263,0.09682723417755103,21,0.02112943475961156
2,Middle,0.75,FDS,35,1.07849596222937,0.08843351120793407,21,0.019297774241956358
2,Middle,0.75,FDS,36,1.0823830697689185,0.055924223117110775,21,0.012203665981702827
2,Middle,0.75,FDS,37,1.057539409037084,0.04339953493152657,21,0.009470554949980982
2,Middle,0.75,FDS,38,1.018100444623212,0.056245134913936436,21,0.012273694676957964
2,Middle,0.75,FDS,39,0.9897647919449274,0.07134237372962614,21,0.015568182279706704
2,Middle,0.75,FDS,40,0.9536062030648073,0.042581875290234654,21,0.009292126988127142
2,Middle,0.75,FDS,41,0.9219849827156545,0.06295158090719111,21,0.013737161172587622
2,Middle,0.75,FDS,42,1.0278836778816658,0.10138849619627076,21,0.022124783734150145
2,Middle,0.75,FDS,43,1.074545420058985,0.07739523866082813,21,0.01688902569487703
2,Middle,0.75,FDS,44,1.070453199508263,0.049209528540052935,21,0.010738399497518206
2,Middle,0.75,FDS,45,1.0830440334470934,0.16183580646799736,21,0.03531546825208676
2,Middle,0.75,FDS,46,1.0130940623402023,0.061481909133612296,21,0.013416452498817866
2,Middle,0.75,FDS,47,0.9745671580496252,0.07135252830884783,21,0.015570398190560697
2,Middle,0.75,FDS,48,0.9358058256023298,0.05382315074427608,21,0.011745174401269709
2,Middle,0.75,FDS,49,0.957539230429439,0.05182083777406227,21,0.011308233889317489
2,Middle,0.75,FDS,50,0.9980527530592227,0.0837700533008176,21,0.01828012429626105
2,Middle,0.75,FDS,51,1.045865599860713,0.07356834117876064,21,0.016053928200190828
2,Middle,0.75,FDS,52,1.0554552073516024,0.049517688680068166,21,0.010805645553127158
2,Middle,0.75,FDS,53,1.0413713026512483,0.05770865710839544,21,0.012593061402546358
2,Middle,0.75,FDS,54,1.011418980011869,0.0886317167997651,21,0.019341026248038705
2,Middle,0.75,FDS,55,0.966312932944579,0.08171208092272658,21,0.017831037905750077
2,Middle,0.75,FDS,56,0.9352173822609517,0.0739380159978408,21,0.016134597859283874
2,Middle,0.75,FDS,57,0.9557751625910106,0.06332684371772994,21,0.013819050231387436
2,Middle,0.75,FDS,58,1.0082296526941104,0.0793223644416142,21,0.017309559016979552
2,Middle,0.75,FDS,59,1.039214973972466,0.07828157449485185,21,0.01708244003061824
2,Middle,0.75,FDS,60,1.0470385311218262,0.06988443209812052,21,0.015250033332792328
2,Middle,0.75,FDS,61,1.0291955012595542,0.08307633086705259,21,0.018128741650355468
2,Middle,0.75,FDS,62,0.9887990719133486,0.09950531216700977,21,0.021713839288358697
2,Middle,0.75,FDS,63,0.9439092635287712,0.08892183196846809,21,0.019404334568078527
2,Middle,0.75,FDS,64,0.9217478607894473,0.07921345657710845,21,0.017285793372557
3,Ring-Little,0.5,EDC,1,0.9155446888116207,0.14131823852888148,21,0.03083816786363925
3,Ring-Little,0.5,EDC,2,1.1137263185611763,0.1676761213782518,21,0.03658992945011629
3,Ring-Little,0.5,EDC,3,0.8746087110225056,0.1286840561275106,21,0.028081163235155394
3,Ring-Little,0.5,EDC,4,0.9222548832912991,0.15796569402818447,21,0.03447094048049472
3,Ring-Little,0.5,EDC,5,0.9755625605924374,0.1808314919194949,21,0.039460666654899085
3,Ring-Little,0.5,EDC,6,0.9931664915527553,0.19074188623914146,21,0.04162329199473912
3,Ring-Little,0.5,EDC,7,0.9822999671520272,0.18369862864433287,21,0.040086327182011355
3,Ring-Little,0.5,EDC,8,0.9124437257701339,0.16920860086769243,21,0.03692434389113195
3,Ring-Little,0.5,EDC,9,0.836495748174484,0.10573953598479365,21,0.023074258457134466
3,Ring-Little,0.5,EDC,10,1.0231351999906901,0.17310829817287599,21,0.037775327609628095
3,Ring-Little,0.5,EDC,11,0.9465895215358169,0.15281217901036706,21,0.0333463513060071
3,Ring-Little,0.5,EDC,12,1.0868253227133533,0.19230810113215263,21,0.041965068104348205
3,Ring-Little,0.5,EDC,13,1.1605258393312905,0.15288605183122345,21,0.03336247167712016
3,Ring-Little,0.5,EDC,14,0.830826354145754,0.091304431012292,21,0.019924260304700077
3,Ring-Little,0.5,EDC,15,0.8199542801796154,0.09060377516583187,21,0.019771364664104032
3,Ring-Little,0.5,EDC,16,0.8961553792612899,0.1274607464631462,21,0.02781421518109249
3,Ring-Little,0.5,EDC,17,1.0466874800475472,0.14621706085417838,21,0.031907178536106515
3,Ring-Little,0.5,EDC,18,1.0612889325419783,0.1894596695239025,21,0.04134348936831435
3,Ring-Little,0.5,EDC,19,1.0024335996815985,0.22703373247047873,21,0.049542822112110585
3,Ring-Little,0.5,EDC,20,0.9636474674062091,0.1631547414179497,21,0.035603283454223866
3,Ring-Little,0.5,EDC,21,0.8528596208067002,0.136649059217628,21,0.02981926940520397
3,Ring-Little,0.5,EDC,22,0.8051091067733361,0.10104160578974575,21,0.02204908604149515
3,Ring-Little,0.5,EDC,23,0.8457776262951917,0.11197818008664798,21,0.024435642210974336
3,Ring-Little,0.5,EDC,24,0.8472299231989856,0.13304758152124257,21,0.02903336254056676
3,Ring-Little,0.5,EDC,25,0.8965017532883479,0.17004839040858805,21,0.037107600992988446
3,Ring-Little,0.5,EDC,26,0.8301367505474682,0.10709448574569362,21,0.02336993273533382
3,Ring-Little,0.5,EDC,27,0.8520136238132873,0.10976633782257456,21,0.023952978658573435
3,Ring-Little,0.5,EDC,28,0.9067635057682876,0.1644802950511304,21,0.03589254297145122
3,Ring-Little,0.5,EDC,29,1.0252780856383814,0.23069038815191562,21,0.0503407698002332
3,Ring-Little,0.5,EDC,30,1.1299631078789483,0.19065467113590406,21,0.04160426009891394
3,Ring-Little,0.5,EDC,31,1.135227137519402,0.14628954358404275,21,0.031922995564496064
3,Ring-Little,0.5,EDC,32,0.789815274276059,0.11402995326644062,21,0.02488337582551148
3,Ring-Little,0.5,EDC,33,1.1069057718169404,0.16043954450737857,21,0.03501077891282375
3,Ring-Little,0.5,EDC,34,0.9945859976457572,0.10322184341762844,21,0.022524852896864837
3,Ring-Little,0.5,EDC,35,0.896442070600776,0.10595993455807168,21,0.023122353368806223
3,Ring-Little,0.5,EDC,36,1.242158418236767,0.2642565320027642,21,0.05766550289472321
3,Ring-Little,0.5,EDC,37,1.2824189933759227,0.2928237969269154,21,0.06389939117628415
3,Ring-Little,0.5,EDC,38,1.1830524842621208,0.31308440818555666,21,0.06832061902003644
3,Ring-Little,0.5,EDC,39,1.0307448334214642,0.37764531967771686,21,0.08240896491756827
3,Ring-Little,0.5,EDC,40,1.128119843073247,0.37659747257096815,21,0.08218030593264368
3,Ring-Little,0.5,EDC,41,0.8189522455939414,0.08967889462041793,21,0.01956953918276349
3,Ring-Little,0.5,EDC,42,0.8425976093509272,0.0890187601926372,21,0.019425486040661032
3,Ring-Little,0.5,EDC,43,0.9112737100321252,0.15042719546195057,21,0.0328259052278241
3,Ring-Little,0.5,EDC,44,1.0062463710980716,0.13904818673137367,21,0.030342801949660672
3,Ring-Little,0.5,EDC,45,1.110153755532865,0.12656939521375699,21,0.02761970639199156
3,Ring-Little,0.5,EDC,46,1.185263776407707,0.1690244134121758,21,0.03688415089318118
3,Ring-Little,0.5,EDC,47,1.164320238523449,0.20809905382491597,21,0.04541093648577939
3,Ring-Little,0.5,EDC,48,1.0579466923328358,0.2791582852648168,21,0.06091733205238564
3,Ring-Little,0.5,EDC,49,0.9219170306640297,0.15927075660569454,21,0.03475572848278491
3,Ring-Little,0.5,EDC,50,1.0040203390203002,0.1627284517686839,21,0.035510259426331646
3,Ring-Little,0.5,EDC,51,0.9016062146218947,0.13621186473497637,21,0.029723865747576916
3,Ring-Little,0.5,EDC,52,0.8344415102122008,0.1147511643780107,21,0.025040756992693057
3,Ring-Little,0.5,EDC,53,1.133081525013473,0.2074318831725364,21,0.04526534791358975
3,Ring-Little,0.5,EDC,54,1.2839859967260085,0.2837414143237254,21,0.06191745280629995
3,Ring-Little,0.5,EDC,55,1.364532362288641,0.3175325557726973,21,0.06929128440196058
3,Ring-Little,0.5,EDC,56,1.2953979433748635,0.334056506121902,21,0.07289710598552833
3,Ring-Little,0.5,EDC,57,0.8370308089453744,0.10763280408683652,21,0.023487403428013365
3,Ring-Little,0.5,EDC,58,1.0232954621792967,0.1553711992562061,21,0.033904775305125284
3,Ring-Little,0.5,EDC,59,1.1036322357706578,0.127582819157198,21,0.0278408536268439
3,Ring-Little,0.5,EDC,60,1.1431546281760179,0.1144003551257577,21,0.024964204137791143
3,Ring-Little,0.5,EDC,61,1.1033340538042355,0.1956319432404119,21,0.042690389916690094
3,Ring-Little,0.5,EDC,62,0.9951404529703254,0.22477977894369836,21,0.049050969128806604
3,Ring-Little,0.5,EDC,63,0.8837219412967274,0.16118704518559057,21,0.03517389693377315
3,Ring-Little,0.5,EDC,64,0.9296766960630571,0.24007566374611217,21,0.05238880483968212
3,Ring-Little,0.5,FDS,1,0.9838742323551503,0.06306375444661676,21,0.013761639445701393
3,Ring-Little,0.5,FDS,2,0.9792527892116584,0.07192580191936512,21,0.01569549674837575
3,Ring-Little,0.5,FDS,3,0.9854794610795959,0.09414660712953847,21,0.020544473980684725
3,Ring-Little,0.5,FDS,4,0.9850431808183076,0.10504815952583282,21,0.022923387744901207
3,Ring-Little,0.5,FDS,5,0.982580582851976,0.08673729243485057,21,0.018927628959915396
3,Ring-Little,0.5,FDS,6,0.9711374532774364,0.06205847880940018,21,0.013542270317042348
3,Ring-Little,0.5,FDS,7,0.9675569327286634,0.05324529308632829,21,0.011619075522295632
3,Ring-Little,0.5,FDS,8,0.9799132099775318,0.055747344572467744,21,0.012165067918862812
3,Ring-Little,0.5,FDS,9,0.952747508681279,0.046774902836865806,21,0.010207120613054392
3,Ring-Little,0.5,FDS,10,0.9539707430599342,0.04563719809770985,21,0.009958853085164289
3,Ring-Little,0.5,FDS,11,0.9831131041398503,0.06047960343357138,21,0.013197731463583428
3,Ring-Little,0.5,FDS,12,0.9831419475083595,0.06280400013973983,21,0.013704956408874997
3,Ring-Little,0.5,FDS,13,0.9879851206145563,0.05010256146038537,21,0.010933275257304437
3,Ring-Little,0.5,FDS,14,0.9756173626056986,0.049897373250408564,21,0.010888499519021998
3,Ring-Little,0.5,FDS,15,0.9627468119935829,0.046637011062616786,21,0.010177030160996872
3,Ring-Little,0.5,FDS,16,0.9608008673272692,0.04912853248146907,21,0.010720724708496604
3,Ring-Little,0.5,FDS,17,0.9233915067609018,0.0679551499530223,21,0.014829029453419025
3,Ring-Little,0.5,FDS,18,0.9288746572123032,0.07066829857198698,21,0.015421087020946191
3,Ring-Little,0.5,FDS,19,0.9948278959087088,0.07080285672330049,21,0.015450450016839881
3,Ring-Little,0.5,FDS,20,1.0201789265111398,0.061476441228640925,21,0.013415259304131002
3,Ring-Little,0.5,FDS,21,0.9294710169736873,0.06264719727210649,21,0.013670739217917097
3,Ring-Little,0.5,FDS,22,0.9828656975221874,0.044517882849967605,21,0.009714598473292998
3,Ring-Little,0.5,FDS,23,0.9783159737259352,0.04640834959288248,21,0.010127132137493191
3,Ring-Little,0.5,FDS,24,0.9566537050552301,0.06434965822538549,21,0.014042246655350796
3,Ring-Little,0.5,FDS,25,0.94667133876298,0.04332287551004166,21,0.009453826492757833
3,Ring-Little,0.5,FDS,26,0.9885592831071909,0.052313727809572996,21,0.011415791312984983
3,Ring-Little,0.5,FDS,27,1.0435947503210241,0.07634945665466457,21,0.016660817351845252
3,Ring-Little,0.5,FDS,28,1.0513292513635575,0.07300320394899343,21,0.015930605146217212
3,Ring-Little,0.5,FDS,29,1.037677174554726,0.058379712336682196,21,0.012739497658694926
3,Ring-Little,0.5,FDS,30,1.0159118179721542,0.044770335677475424,21,0.009769688196695867
3,Ring-Little,0.5,FDS,31,0.9932100761422524,0.05602243960930576,21,0.012225098577415997
3,Ring-Little,0.5,FDS,32,0.9840985107259438,0.061756007985191035,21,0.013476265771925486
3,Ring-Little,0.5,FDS,33,0.9511177012193079,0.05138850494727969,21,0.011213891131977231
3,Ring-Little,0.5,FDS,34,0.9931406260583904,0.06870998327136299,21,0.014993747587627162
3,Ring-Little,0.5,FDS,35,1.0473674268811928,0.090417892513631,21,0.019730801743909288
3,Ring-Little,0.5,FDS,36,1.0631068881353685,0.07738163144973806,21,0.016886056357980957
3,Ring-Little,0.5,FDS,37,1.0538786153344832,0.07103430086170792,21,0.015500955268430639
3,Ring-Little,0.5,FDS,38,1.02462598739609,0.05207714762727317,21,0.011364165284731867
3,Ring-Little,0.5,FDS,39,1.0130382602860932,0.06859945279645431,21,0.014969627860585808
3,Ring-Little,0.5,FDS,40,0.9972285338587736,0.07244524274817811,21,0.015808848030141754
3,Ring-Little,0.5,FDS,41,0.9183625646034637,0.0643982883399182,21,0.014052858616346059
3,Ring-Little,0.5,FDS,42,0.9862150733861001,0.07894185614806165,21,0.01722652529994322
3,Ring-Little,0.5,FDS,43,1.040013345168495,0.07663964985922038,21,0.016724142700704242
3,Ring-Little,0.5,FDS,44,1.0513663803977735,0.06981162099716522,21,0.0152341446479561
3,Ring-Little,0.5,FDS,45,1.045226635003677,0.06849060988943502,21,0.014945876391048905
3,Ring-Little,0.5,FDS,46,1.041623430824417,0.062005076620768824,21,0.01353061700410523
3,Ring-Little,0.5,FDS,47,1.035903112991454,0.079243496367415,21,0.017292348592220827
3,Ring-Little,0.5,FDS,48,1.010858944273041,0.08041275833482003,21,0.01754750247188114
3,Ring-Little,0.5,FDS,49,0.9185864638198291,0.03887355953021975,21,0.00848290614664781
3,Ring-Little,0.5,FDS,50,0.9539822807668533,0.06968423181079457,21,0.015206346048467418
3,Ring-Little,0.5,FDS,51,1.007947665876073,0.057774526742408426,21,0.01260743533511129
3,Ring-Little,0.5,FDS,52,1.0395166999129821,0.05993963563126937,21,0.013079900828969718
3,Ring-Little,0.5,FDS,53,1.0599879433922832,0.06834928993334802,21,0.014915037848383357
3,Ring-Little,0.5,FDS,54,1.0692655611521864,0.08910915124724698,21,0.019445210985894187
3,Ring-Little,0.5,FDS,55,1.074842640301492,0.11197057731866392,21,0.0244339831509849
3,Ring-Little,0.5,FDS,56,1.0545464373944582,0.11406133585219852,21,0.02489022406716572
3,Ring-Little,0.5,FDS,57,0.9037965594384125,0.045547968496660374,21,0.009939381589876672
3,Ring-Little,0.5,FDS,58,0.9510947618676854,0.06975732278983376,21,0.015222295807708635
3,Ring-Little,0.5,FDS,59,0.9909332629192552,0.060255128510198534,21,0.013148747019394119
3,Ring-Little,0.5,FDS,60,1.0302281488372103,0.07201514653469779,21,0.01571499334183759
3,Ring-Little,0.5,FDS,61,1.0649984922076392,0.09222908697989732,21,0.020126036779145026
3,Ring-Little,0.5,FDS,62,1.0769710130530876,0.10785230589323373,21,0.023535302649108355
3,Ring-Little,0.5,FDS,63,1.0841730006127104,0.12613968991007263,21,0.027525937007198346
3,Ring-Little,0.5,FDS,64,1.0754626517789494,0.14560611032801715,21,0.03177385820124905
3,Ring-Little,0.75,EDC,1,0.9180445494367424,0.14616154387640548,21,0.03189506373834464
3,Ring-Little,0.75,EDC,2,1.1066206948462447,0.16473722982092212,21,0.035948610734843435
3,Ring-Little,0.75,EDC,3,0.8917905774309954,0.14443788495760643,21,0.03151893052559786
3,Ring-Little,0.75,EDC,4,0.9347301246461311,0.16612301256695464,21,0.03625101332200809
3,Ring-Little,0.75,EDC,5,0.9834869774978814,0.17528421625639082,21,0.03825015186313904
3,Ring-Little,0.75,EDC,6,1.0022648149332933,0.1943527818212422,21,0.0424112540105276
3,Ring-Little,0.75,EDC,7,0.9855934158607711,0.19421473211510584,21,0.042381129094906836
3,Ring-Little,0.75,EDC,8,0.9053590522135175,0.17643582433311153,21,0.038501453348019764
3,Ring-Little,0.75,EDC,9,0.8425484130863187,0.1117341787021377,21,0.024382396743631844
3,Ring-Little,0.75,EDC,10,1.024436030817809,0.18113944447035427,21,0.039527867410840405
3,Ring-Little,0.75,EDC,11,0.9392878343447852,0.14854976618515278,21,0.032416216571974
3,Ring-Little,0.75,EDC,12,1.0707187815690042,0.17983162448962367,21,0.0392424776938369
3,Ring-Little,0.75,EDC,13,1.1464606854442145,0.12512035359121884,21,0.02730349958625715
3,Ring-Little,0.75,EDC,14,0.8236956025410979,0.09678454737279553,21,0.0211201197351369
3,Ring-Little,0.75,EDC,15,0.8105080677905964,0.09094087610345944,21,0.019844926119509696
3,Ring-Little,0.75,EDC,16,0.8850955732524981,0.12730300410351994,21,0.027779792976174004
3,Ring-Little,0.75,EDC,17,1.0455524550708608,0.14998105288848598,21,0.0327285489366982
3,Ring-Little,0.75,EDC,18,1.068919738381361,0.18932273552131676,21,0.04131360791916852
3,Ring-Little,0.75,EDC,19,1.010919998031108,0.22467454486257565,21,0.049028005169643084
3,Ring-Little,0.75,EDC,20,0.9535877941213388,0.16281151998690818,21,0.035528386397658214
3,Ring-Little,0.75,EDC,21,0.8417182110015932,0.1390044333693118,21,0.0303332541833008
3,Ring-Little,0.75,EDC,22,0.7940736688696542,0.09621997789694935,21,0.020996920575226105
3,Ring-Little,0.75,EDC,23,0.8185098200779942,0.099422921236699,21,0.021695860113371702
3,Ring-Little,0.75,EDC,24,0.833305990458564,0.12612285381960806,21,0.027522263071057346
3,Ring-Little,0.75,EDC,25,0.9060423626349499,0.17803849226475896,21,0.03885118416281275
3,Ring-Little,0.75,EDC,26,0.8473406958375703,0.1079217272668911,21,0.02355045163480515
3,Ring-Little,0.75,EDC,27,0.8598539186138299,0.11917237526117908,21,0.02600554430390647
3,Ring-Little,0.75,EDC,28,0.914609500897115,0.1794089637570895,21,0.0391502455604977
3,Ring-Little,0.75,EDC,29,1.0335173653594527,0.24143446715861205,21,0.05268532005360332
3,Ring-Little,0.75,EDC,30,1.132619032943566,0.1954724513084842,21,0.042655585923795175
3,Ring-Little,0.75,EDC,31,1.1266352510968776,0.1430574822208378,21,0.031217701952704218
3,Ring-Little,0.75,EDC,32,0.7785953933960382,0.1216414444014509,21,0.026544339362543384
3,Ring-Little,0.75,EDC,33,1.1141547602904307,0.15756205251253005,21,0.034382858680536955
3,Ring-Little,0.75,EDC,34,0.9977616094620545,0.11056673910663767,21,0.024127640538123867
3,Ring-Little,0.75,EDC,35,0.8991309268426905,0.1132454935529172,21,0.02471219268185127
3,Ring-Little,0.75,EDC,36,1.2477029745251111,0.2452269092921176,21,0.05351289877481898
3,Ring-Little,0.75,EDC,37,1.2880262601530121,0.2822041569273587,21,0.06158199574051513
3,Ring-Little,0.75,EDC,38,1.1968091947228772,0.32335071422779504,21,0.07056091066509072
3,Ring-Little,0.75,EDC,39,1.0354686428622135,0.3697722508942213,21,0.08069092045795102
3,Ring-Little,0.75,EDC,40,1.1232218259685651,0.35571513471256466,21,0.07762340622198768
3,Ring-Little,0.75,EDC,41,0.8326630189391615,0.09247527550501179,21,0.02017975951969582
3,Ring-Little,0.75,EDC,42,0.8517013522903997,0.09053220677665083,21,0.01975574716120936
3,Ring-Little,0.75,EDC,43,0.9059368684040888,0.15062250311295125,21,0.03286852485137242
3,Ring-Little,0.75,EDC,44,1.003776917433119,0.14423587324322876,21,0.03147484795548341
3,Ring-Little,0.75,EDC,45,1.1101295347468465,0.1309338136353897,21,0.02857210057206735
3,Ring-Little,0.75,EDC,46,1.192066807822442,0.16461004531573473,21,0.035920856800450734
3,Ring-Little,0.75,EDC,47,1.174785277846494,0.2118037369256453,21,0.046219364616013475
3,Ring-Little,0.75,EDC,48,1.0669705088493862,0.2780763625968296,21,0.06068123717037898
3,Ring-Little,0.75,EDC,49,0.9100394191976361,0.14673996187049473,21,0.03202128489268933
3,Ring-Little,0.75,EDC,50,1.0018586666164042,0.14536247598139346,21,0.031720692828139795
3,Ring-Little,0.75,EDC,51,0.9021508636235154,0.12000677351442542,21,0.026187624930346484
3,Ring-Little,0.75,EDC,52,0.8436665780203686,0.11660176329195097,21,0.025444590783366125
3,Ring-Little,0.75,EDC,53,1.1339086393613844,0.19956838416268216,21,0.04354939174978654
3,Ring-Little,0.75,EDC,54,1.2872894007115303,0.2707644911854929,21,0.059085656017320215
3,Ring-Little,0.75,EDC,55,1.3567652653488365,0.28364608231275273,21,0.061896649655993535
3,Ring-Little,0.75,EDC,56,1.3004323708641112,0.3333974641328283,21,0.07275329123309573
3,Ring-Little,0.75,EDC,57,0.8342445013076057,0.10972104679123854,21,0.023943095345268676
3,Ring-Little,0.75,EDC,58,1.0120531316602015,0.15227931946029777,21,0.033230071819198875
3,Ring-Little,0.75,EDC,59,1.0942363922171985,0.12602966171957491,21,0.02750192688760145
3,Ring-Little,0.75,EDC,60,1.1382221417947396,0.1087993017442984,21,0.023741954085789923
3,Ring-Little,0.75,EDC,61,1.0995014258416365,0.1852661510002152,21,0.040428388603409755
3,Ring-Little,0.75,EDC,62,0.9943296493337241,0.22646937038298495,21,0.049419668208048516
3,Ring-Little,0.75,EDC,63,0.8815507097795054,0.1688013127890995,21,0.03683546634590313
3,Ring-Little,0.75,EDC,64,0.9330019706589345,0.24776699875746996,21,0.054067191738958846
3,Ring-Little,0.75,FDS,1,0.9549562789119734,0.06609688896797498,21,0.014423523661754142
3,Ring-Little,0.75,FDS,2,0.9578404056850613,0.0847386269702857,21,0.018491484398950507
3,Ring-Little,0.75,FDS,3,0.9707221179990371,0.11579427132107392,21,0.02526838158909883
3,Ring-Little,0.75,FDS,4,0.975739646595552,0.1307407059445569,21,0.028529961019185472
3,Ring-Little,0.75,FDS,5,0.9743964627496761,0.11269677626535182,21,0.024592452753022735
3,Ring-Little,0.75,FDS,6,0.9642249494731552,0.08293693510596474,21,0.018098323001463038
3,Ring-Little,0.75,FDS,7,0.9606065096152564,0.06893037559956113,21,0.015041841136510758
3,Ring-Little,0.75,FDS,8,0.9715266291790685,0.06873786752086411,21,0.01499983242972411
3,Ring-Little,0.75,FDS,9,0.9310359560912799,0.05024880728106917,21,0.010965188711749887
3,Ring-Little,0.75,FDS,10,0.9358180082737293,0.05123501110972954,21,0.011180396030582811
3,Ring-Little,0.75,FDS,11,0.9701680151476912,0.06871380929146047,21,0.014994582493660834
3,Ring-Little,0.75,FDS,12,0.9774800594432408,0.0806470717139049,21,0.017598633843119105
3,Ring-Little,0.75,FDS,13,0.9801947093466465,0.06116269939630628,21,0.013346795223400161
3,Ring-Little,0.75,FDS,14,0.9673516807775867,0.05336908152054715,21,0.011646088373246488
3,Ring-Little,0.75,FDS,15,0.9564385940216792,0.052511331847193476,21,0.011458912049176638
3,Ring-Little,0.75,FDS,16,0.9545663903916529,0.05296912567073102,21,0.011558810851512068
3,Ring-Little,0.75,FDS,17,0.9174134759839212,0.06681172590463948,21,0.014579513869935827
3,Ring-Little,0.75,FDS,18,0.922647759019421,0.07069112983970094,21,0.015426069212018147
3,Ring-Little,0.75,FDS,19,0.9836910614722862,0.06685226185930494,21,0.014588359540441626
3,Ring-Little,0.75,FDS,20,1.0121181283433922,0.06324310966361246,21,0.013800777962757013
3,Ring-Little,0.75,FDS,21,0.9238269915386277,0.06277133560892555,21,0.013697828423875156
3,Ring-Little,0.75,FDS,22,0.9756555101440997,0.043320584092370176,21,0.009453326464427913
3,Ring-Little,0.75,FDS,23,0.9725294827031243,0.04784270094683449,21,0.010440133263809737
3,Ring-Little,0.75,FDS,24,1.057272802050114,0.44964773683031056,21,0.0981211804804991
3,Ring-Little,0.75,FDS,25,0.9339089230247023,0.047290692753052435,21,0.010319675200369636
3,Ring-Little,0.75,FDS,26,0.9822124841553684,0.058179431397206036,21,0.012695792774627956
3,Ring-Little,0.75,FDS,27,1.0405292078832926,0.08732302180779732,21,0.019055445587929085
3,Ring-Little,0.75,FDS,28,1.04784996473025,0.07489393656874756,21,0.01634319682950033
3,Ring-Little,0.75,FDS,29,1.0331129110505768,0.05258301443740575,21,0.01147455447277941
3,Ring-Little,0.75,FDS,30,1.0129058471898535,0.045519770949681355,21,0.009933228380665082
3,Ring-Little,0.75,FDS,31,0.9906083432352074,0.05765804684559307,21,0.012582017337773336
3,Ring-Little,0.75,FDS,32,0.9804049604736682,0.05927265669564966,21,0.012934354092806938
3,Ring-Little,0.75,FDS,33,0.9411578991619953,0.05479513939595271,21,0.01195727971417191
3,Ring-Little,0.75,FDS,34,0.9913258021792363,0.0800036258352008,21,0.017458222440987256
3,Ring-Little,0.75,FDS,35,1.0480450400298746,0.1001012790744442,21,0.021843889929549505
3,Ring-Little,0.75,FDS,36,1.0624126141668173,0.07796863603787406,21,0.017014151260762844
3,Ring-Little,0.75,FDS,37,1.0500667594384911,0.064963885619434,21,0.014176282061405214
3,Ring-Little,0.75,FDS,38,1.0250556879665733,0.053634487034846516,21,0.011704004604633894
3,Ring-Little,0.75,FDS,39,1.0155054238103558,0.0755968710985227,21,0.01649658971956189
3,Ring-Little,0.75,FDS,40,0.9976730753832852,0.07544337284841285,21,0.016463093655268005
3,Ring-Little,0.75,FDS,41,0.9116536873463517,0.06512395993113321,21,0.014211213139985192
3,Ring-Little,0.75,FDS,42,0.9853915141586863,0.08967320258875956,21,0.019568297079623844
3,Ring-Little,0.75,FDS,43,1.0445212318942099,0.08567635254736736,21,0.018696112896001597
3,Ring-Little,0.75,FDS,44,1.050860903072249,0.06605768386590805,21,0.014414968407094607
3,Ring-Little,0.75,FDS,45,1.0499041886168463,0.06020588477913621,21,0.01313800115629435
3,Ring-Little,0.75,FDS,46,1.0501103709977417,0.06723068301927214,21,0.014670937807590325
3,Ring-Little,0.75,FDS,47,1.0448642114181999,0.0878127881770313,21,0.019162321371731867
3,Ring-Little,0.75,FDS,48,1.0205750012027928,0.09031001628954682,21,0.019707261221883012
3,Ring-Little,0.75,FDS,49,0.9101653744285967,0.04258920815258214,21,0.009293727149878
3,Ring-Little,0.75,FDS,50,0.9516689275254248,0.07087812120807081,21,0.015466874073916162
3,Ring-Little,0.75,FDS,51,1.010680150806169,0.06707764320668795,21,0.014637541782566092
3,Ring-Little,0.75,FDS,52,1.0458920844893433,0.07190730801035003,21,0.01569146104656826
3,Ring-Little,0.75,FDS,53,1.0725604297240217,0.07899508267544027,21,0.01723814028045237
3,Ring-Little,0.75,FDS,54,1.0880395493957766,0.10412785212475302,21,0.022722560205469002
3,Ring-Little,0.75,FDS,55,1.0937121947055664,0.12793490466401394,21,0.027917684983323945
3,Ring-Little,0.75,FDS,56,1.0721311365358563,0.13157632846284148,21,0.028712308802159223
3,Ring-Little,0.75,FDS,57,0.8985503853037325,0.04728460479621535,21,0.0103183466992728
3,Ring-Little,0.75,FDS,58,0.9434096365618239,0.06726404412318347,21,0.0146782177973018
3,Ring-Little,0.75,FDS,59,0.993022837478804,0.07209226330406952,21,0.015731821600551706
3,Ring-Little,0.75,FDS,60,1.0427400243949145,0.09357114484518239,21,0.020418897815082156
3,Ring-Little,0.75,FDS,61,1.0868133326013816,0.11062779265209124,21,0.024140963514004174
3,Ring-Little,0.75,FDS,62,1.1033601218690383,0.12671365745963725,21,0.02765118699492826
3,Ring-Little,0.75,FDS,63,1.1102046970926085,0.14301726910603788,21,0.03120892673163276
3,Ring-Little,0.75,FDS,64,1.0981714395430442,0.16217468645911554,21,0.03538941792879176
4,Thumb,0.5,EDC,1,0.9242319194080549,0.13600686552924918,21,0.029679131253403074
4,Thumb,0.5,EDC,2,1.1103344038317324,0.23462046521294055,21,0.05119838292495493
4,Thumb,0.5,EDC,3,0.9241796764248326,0.1597678981814872,21,0.034864213668602984
4,Thumb,0.5,EDC,4,0.9827630560488558,0.22779172373863613,21,0.0497082293674652
4,Thumb,0.5,EDC,5,1.008716001586135,0.1855131893320397,21,0.04048229678698791
4,Thumb,0.5,EDC,6,0.9939399619521428,0.1830307827751535,21,0.03994059126543621
4,Thumb,0.5,EDC,7,0.968558861326866,0.15824483103316944,21,0.03453185316880933
4,Thumb,0.5,EDC,8,0.9068594129713842,0.14217628132942078,21,0.03102540815330512
4,Thumb,0.5,EDC,9,0.858466511542704,0.10456818752751665,21,0.022818649268056296
4,Thumb,0.5,EDC,10,1.018004579148592,0.18652481963621573,21,0.040703052617664
4,Thumb,0.5,EDC,11,0.9255448537099792,0.14644406442365776,21,0.03195671477611435
4,Thumb,0.5,EDC,12,1.0535314725258265,0.19662611628003543,21,0.042907336259926245
4,Thumb,0.5,EDC,13,1.1437051566538485,0.16574203581909203,21,0.03616787737986054
4,Thumb,0.5,EDC,14,0.8451009919244109,0.11654404155710206,21,0.025431994868166632
4,Thumb,0.5,EDC,15,0.8405918770730574,0.1096537769667328,21,0.023928415866088487
4,Thumb,0.5,EDC,16,0.8880919829620397,0.12582408748762539,21,0.02745706691241854
4,Thumb,0.5,EDC,17,1.0214982706235856,0.14019304841530508,21,0.03059263125094021
4,Thumb,0.5,EDC,18,1.0401293025348528,0.1518744745228841,21,0.033141727411083746
4,Thumb,0.5,EDC,19,1.021273691562865,0.2230274438727224,21,0.048668578266631686
4,Thumb,0.5,EDC,20,0.9496394248734698,0.1504274794851319,21,0.032825967206763514
4,Thumb,0.5,EDC,21,0.8605777849424262,0.1212695247597078,21,0.02646317984298488
4,Thumb,0.5,EDC,22,0.837651074562869,0.1140852150083804,21,0.024895434926248346
4,Thumb,0.5,EDC,23,0.9001247038497678,0.128823902413079,21,0.02811168019654947
4,Thumb,0.5,EDC,24,0.8680097694430718,0.12243084898077336,21,0.026716601564385763
4,Thumb,0.5,EDC,25,0.9550482714848566,0.23212912377423395,21,0.05065472765234288
4,Thumb,0.5,EDC,26,0.8885755860365084,0.14732945449144352,21,0.03214992272874246
4,Thumb,0.5,EDC,27,0.899687768504727,0.1441101531866655,21,0.03144741358997982
4,Thumb,0.5,EDC,28,0.9429062326618125,0.21272880945028286,21,0.04642123199065516
4,Thumb,0.5,EDC,29,1.0303315308723007,0.263971882867147,21,0.05760338736089133
4,Thumb,0.5,EDC,30,1.099306978934767,0.19136733533296493,21,0.04175977617644329
4,Thumb,0.5,EDC,31,1.104936125748342,0.16344349573984523,21,0.035666294813144435
4,Thumb,0.5,EDC,32,0.8278077436897033,0.09306725749861387,21,0.020308940581397362
4,Thumb,0.5,EDC,33,1.134038306476097,0.16688802856216986,21,0.036417953498480746
4,Thumb,0.5,EDC,34,1.0267849071931423,0.1420583464007129,21,0.030999672641977356
4,Thumb,0.5,EDC,35,0.9206696936729958,0.129735580627641,21,0.028310624693105305
4,Thumb,0.5,EDC,36,1.2312231444510997,0.23168166688481587,21,0.0505570845539625
4,Thumb,0.5,EDC,37,1.2091369313860105,0.2641862724354417,21,0.057650171000173195
4,Thumb,0.5,EDC,38,1.0823610619331725,0.23130968897741888,21,0.05047591231979593
4,Thumb,0.5,EDC,39,0.9442297680561923,0.20610617822751945,21,0.04497605537741273
4,Thumb,0.5,EDC,40,1.0229222754308789,0.24694051479607987,21,0.05388683815259041
4,Thumb,0.5,EDC,41,0.8498874702226712,0.12833323444267367,21,0.02800460766724124
4,Thumb,0.5,EDC,42,0.9139095259479744,0.22100954507039897,21,0.04822823664727893
4,Thumb,0.5,EDC,43,0.9234795262826603,0.10938194000665491,21,0.023869096178172126
4,Thumb,0.5,EDC,44,1.023856364571298,0.15213643730542498,21,0.03319889237681017
4,Thumb,0.5,EDC,45,1.1385358103882373,0.15590180539575546,21,0.03402056305744401
4,Thumb,0.5,EDC,46,1.184232050779632,0.1811958399479804,21,0.03954017391298684
4,Thumb,0.5,EDC,47,1.1188356647763156,0.19241566523525955,21,0.04198854051599332
4,Thumb,0.5,EDC,48,0.9938771177815489,0.18907276459227665,21,0.041259059790413055
4,Thumb,0.5,EDC,49,0.9263072760227961,0.12731457332166696,21,0.027782317586549726
4,Thumb,0.5,EDC,50,1.0450072446490386,0.1759875663393383,21,0.038403635434337155
4,Thumb,0.5,EDC,51,0.9205606042624145,0.16836585038506985,21,0.036740440658818686
4,Thumb,0.5,EDC,52,0.8345698974482435,0.14324455279767534,21,0.031258524099306934
4,Thumb,0.5,EDC,53,1.176413878804779,0.18915832131676974,21,0.04127772979832744
4,Thumb,0.5,EDC,54,1.2915916658579176,0.2396076436073093,21,0.05228667447240461
4,Thumb,0.5,EDC,55,1.3142794120176968,0.30710712768881565,21,0.06701626948068887
4,Thumb,0.5,EDC,56,1.1899197237418928,0.2841437671751666,21,0.06200525339667188
4,Thumb,0.5,EDC,57,0.8594190668016343,0.10216130196142965,21,0.02229342377778533
4,Thumb,0.5,EDC,58,1.0232189273259982,0.17346781541605674,21,0.03785378070393846
4,Thumb,0.5,EDC,59,1.1126503383086754,0.17659253056914193,21,0.038535649452233145
4,Thumb,0.5,EDC,60,1.1431595994748034,0.15571829888074168,21,0.033980518652893144
4,Thumb,0.5,EDC,61,1.0810269202589864,0.21971052874477168,21,0.047944768045318435
4,Thumb,0.5,EDC,62,0.9592462557271827,0.17668806752770536,21,0.03855649732577042
4,Thumb,0.5,EDC,63,0.8727363997926494,0.13325305190211548,21,0.029078199853586832
4,Thumb,0.5,EDC,64,0.8917881907389767,0.15185489086940893,21,0.03313745390753928
4,Thumb,0.5,FDS,1,1.057948335470139,0.07790135139321452,21,0.01699946854755996
4,Thumb,0.5,FDS,2,1.0388740172904813,0.0669109811516156,21,0.01460117314052581
4,Thumb,0.5,FDS,3,1.0292872436671732,0.06029215257025928,21,0.013156826331668545
4,Thumb,0.5,FDS,4,1.0225542427609287,0.047936565242581386,21,0.010460616132396112
4,Thumb,0.5,FDS,5,1.0312064830223382,0.0511435657741507,21,0.011160441022380873
4,Thumb,0.5,FDS,6,1.0352641178714663,0.05727100047115266,21,0.01249755689451946
4,Thumb,0.5,FDS,7,1.0396112986773485,0.06486698148620018,21,0.014155135845895781
4,Thumb,0.5,FDS,8,1.041936484700311,0.08502810407365344,21,0.018554653481719044
4,Thumb,0.5,FDS,9,1.0183411673308078,0.05687464276405772,21,0.012411064551898427
4,Thumb,0.5,FDS,10,1.0052568965720265,0.056588705884632724,21,0.01234866800932964
4,Thumb,0.5,FDS,11,1.021354468882178,0.050786697590378335,21,0.011082566000225719
4,Thumb,0.5,FDS,12,1.0274123973613427,0.06091210423569098,21,0.013292110876147342
4,Thumb,0.5,FDS,13,1.045636245364961,0.07452187944234571,21,0.016262007308329655
4,Thumb,0.5,FDS,14,1.0441985519084345,0.08274960054547773,21,0.018057443248905274
4,Thumb,0.5,FDS,15,1.03387490577809,0.08051659542426852,21,0.017570161582468834
4,Thumb,0.5,FDS,16,1.0222300342232844,0.07460945317501379,21,0.016281117463512573
4,Thumb,0.5,FDS,17,0.9465972629310974,0.05674683917536107,21,0.012383175522408455
4,Thumb,0.5,FDS,18,0.950495076530777,0.060288910778907405,21,0.013156118914799154
4,Thumb,0.5,FDS,19,1.020795218519805,0.05599132662171954,21,0.012218309166905993
4,Thumb,0.5,FDS,20,1.0542411554509574,0.07131275913550605,21,0.015561719845457624
4,Thumb,0.5,FDS,21,0.9530058716946732,0.05724093940906866,21,0.012490997032973235
4,Thumb,0.5,FDS,22,1.0438525948774595,0.10268019674644642,21,0.022406655903026148
4,Thumb,0.5,FDS,23,1.0299588647523241,0.08276508997924747,21,0.018060823320463458
4,Thumb,0.5,FDS,24,1.057699999089997,0.21132006229775804,21,0.04611381815915524
4,Thumb,0.5,FDS,25,0.9904317450707005,0.044149057293888856,21,0.009634114138580377
4,Thumb,0.5,FDS,26,1.0142241368136584,0.05605517703065338,21,0.012232242468434242
4,Thumb,0.5,FDS,27,1.063296833963656,0.10149657987615059,21,0.022148369526742463
4,Thumb,0.5,FDS,28,1.073796516361453,0.09587351929524508,21,0.02092131711010809
4,Thumb,0.5,FDS,29,1.07032735055854,0.08886535454003262,21,0.019392010182799388
4,Thumb,0.5,FDS,30,1.0584389399206569,0.10491678663062888,21,0.022894719828875608
4,Thumb,0.5,FDS,31,1.0233638448657159,0.0726384243047711,21,0.015851003701853984
4,Thumb,0.5,FDS,32,1.008624492963333,0.06824978973540265,21,0.014893325125109654
4,Thumb,0.5,FDS,33,0.9849727534228255,0.05080535626005388,21,0.011086637655756926
4,Thumb,0.5,FDS,34,1.0073236802408578,0.07712036380057335,21,0.016829043082793316
4,Thumb,0.5,FDS,35,1.0488054311481105,0.12086713600864497,21,0.02637537141867325
4,Thumb,0.5,FDS,36,1.0628288938306196,0.09936873701042483,21,0.02168403614583008
4,Thumb,0.5,FDS,37,1.0598040532427242,0.10132235409504894,21,0.022110350344365745
4,Thumb,0.5,FDS,38,1.0330805248657131,0.10566289626201827,21,0.023057534298522156
4,Thumb,0.5,FDS,39,0.999891086356877,0.06812468555108894,21,0.014866025153949023
4,Thumb,0.5,FDS,40,0.9859868434316368,0.061894993262498706,21,0.013506594845913432
4,Thumb,0.5,FDS,41,0.9446503006544271,0.057918609426393784,21,0.012638876754430112
4,Thumb,0.5,FDS,42,0.9853679014155775,0.08849613461444662,21,0.01931143978960492
4,Thumb,0.5,FDS,43,1.013610897562207,0.08261593629831303,21,0.018028275318889012
4,Thumb,0.5,FDS,44,1.0160718591122415,0.06678709294951303,21,0.014574138518437856
4,Thumb,0.5,FDS,45,1.0078199698711319,0.07834275790464447,21,0.017095791345220632
4,Thumb,0.5,FDS,46,0.9786803675419551,0.06234530675278969,21,0.013604861305709535
4,Thumb,0.5,FDS,47,0.9617600716463834,0.05909396198207658,21,0.012895359709414694
4,Thumb,0.5,FDS,48,0.9586521167901545,0.06081830091535964,21,0.013271641313487506
4,Thumb,0.5,FDS,49,0.9351329431836446,0.05826728519735401,21,0.012714964045545462
4,Thumb,0.5,FDS,50,0.9436425157283682,0.09156005101819863,21,0.01998004116309113
4,Thumb,0.5,FDS,51,0.9747658978367088,0.08307680438956486,21,0.018128844981439074
4,Thumb,0.5,FDS,52,0.9709395773655418,0.05395728224538438,21,0.01177444429445575
4,Thumb,0.5,FDS,53,0.9546497945487621,0.050010171605878416,21,0.01091311413817472
4,Thumb,0.5,FDS,54,0.9373822816121198,0.04616057682999579,21,0.010073063687918115
4,Thumb,0.5,FDS,55,0.9397093857458491,0.06704198555002493,21,0.014629760643958328
4,Thumb,0.5,FDS,56,0.966498871495885,0.09854596217940986,21,0.02150449195806672
4,Thumb,0.5,FDS,57,0.915903332261775,0.05879734875250323,21,0.012830633396241114
4,Thumb,0.5,FDS,58,0.9435032294929804,0.0881283035596175,21,0.019231172472856828
4,Thumb,0.5,FDS,59,0.9496136010149178,0.07521397295436795,21,0.016413034494369167
4,Thumb,0.5,FDS,60,0.9344745481732043,0.05366908611686257,21,0.01171155474331554
4,Thumb,0.5,FDS,61,0.9202812509325837,0.04552320951469881,21,0.00993397873706863
4,Thumb,0.5,FDS,62,0.9047994173918784,0.04999940976236693,21,0.010910765711388593
4,Thumb,0.5,FDS,63,0.9237939783059916,0.08180142826984739,21,0.01785053509533696
4,Thumb,0.5,FDS,64,0.9614658285302335,0.11591614081026214,21,0.02529497569191362
4,Thumb,0.75,EDC,1,0.9316915653697541,0.1079922505330373,21,0.023565841073156124
4,Thumb,0.75,EDC,2,1.0908200863213906,0.18946001214378047,21,0.04134356413410127
4,Thumb,0.75,EDC,3,0.9425660777888318,0.13624861985160294,21,0.029731886371582545
4,Thumb,0.75,EDC,4,0.9913326883573319,0.1762866512923015,21,0.03846890112177412
4,Thumb,0.75,EDC,5,1.013085178500702,0.14425541122923474,21,0.03147911149356909
4,Thumb,0.75,EDC,6,0.9930718882902845,0.14117258160349985,21,0.030806382916684208
4,Thumb,0.75,EDC,7,0.9711539794534593,0.13378950906107417,21,0.029195264403016792
4,Thumb,0.75,EDC,8,0.9156282118175928,0.12610836266011255,21,0.027519100840805163
4,Thumb,0.75,EDC,9,0.8741707571680782,0.09087604054470998,21,0.019830777840667117
4,Thumb,0.75,EDC,10,1.0157187927286595,0.144889999398359,21,0.03161758998500411
4,Thumb,0.75,EDC,11,0.9339662944078704,0.1334392516177177,21,0.02911883196268809
4,Thumb,0.75,EDC,12,1.0424589253804324,0.17359985020344523,21,0.03788259305668013
4,Thumb,0.75,EDC,13,1.1197119702582108,0.13944495204603774,21,0.030429383239545485
4,Thumb,0.75,EDC,14,0.8634808830952144,0.10177623304220793,21,0.02220939485063731
4,Thumb,0.75,EDC,15,0.8585574581047217,0.09536455208197672,21,0.020810251358629375
4,Thumb,0.75,EDC,16,0.899991122805595,0.10947769157258888,21,0.02388999088287703
4,Thumb,0.75,EDC,17,1.0086622806715604,0.11340501721736089,21,0.024747003599348887
4,Thumb,0.75,EDC,18,1.0285936418118964,0.11989005109187412,21,0.026162154009554104
4,Thumb,0.75,EDC,19,1.018810555286425,0.18480264546411382,21,0.04032724340320901
4,Thumb,0.75,EDC,20,0.9480127246261839,0.1250993936543354,21,0.027298925753050964
4,Thumb,0.75,EDC,21,0.8712251954991161,0.10382020518995712,21,0.02265542614042027
4,Thumb,0.75,EDC,22,0.8523558571398935,0.09938199513153777,21,0.02168692930504784
4,Thumb,0.75,EDC,23,0.8983084723767705,0.10355717822560913,21,0.022598028951185074
4,Thumb,0.75,EDC,24,0.8815956421854726,0.10713974013237713,21,0.02337980805211982
4,Thumb,0.75,EDC,25,0.9577689962787894,0.18409935923341586,21,0.04017377376571407
4,Thumb,0.75,EDC,26,0.9014203657687471,0.12482804475463355,21,0.02723971256864017
4,Thumb,0.75,EDC,27,0.909305642679572,0.12146005181361481,21,0.026504756254721346
4,Thumb,0.75,EDC,28,0.9476550502730424,0.17583505492246873,21,0.03837035471471097
4,Thumb,0.75,EDC,29,1.0221816293298356,0.22254442928518606,21,0.0485631758423863
4,Thumb,0.75,EDC,30,1.087528710589994,0.16561656233529892,21,0.03614049682094665
4,Thumb,0.75,EDC,31,1.0832831529933309,0.12910886754383058,21,0.028173864686172903
4,Thumb,0.75,EDC,32,0.8228840699842253,0.10054376542502957,21,0.02194044836743247
4,Thumb,0.75,EDC,33,1.1406790493222665,0.16462289734482183,21,0.03592366134312337
4,Thumb,0.75,EDC,34,1.0408628940793296,0.13658361650374864,21,0.0298049886342499
4,Thumb,0.75,EDC,35,0.9418333491748654,0.12606666975755515,21,0.02751000270357127
4,Thumb,0.75,EDC,36,1.2162357995825854,0.20478789073605386,21,0.04468838146230061
4,Thumb,0.75,EDC,37,1.1729045801717743,0.19327429794714146,21,0.04217590953486781
4,Thumb,0.75,EDC,38,1.063439984670949,0.1966723534186666,21,0.04291742603076889
4,Thumb,0.75,EDC,39,0.9437371290123818,0.17602519135502365,21,0.038411845885880105
4,Thumb,0.75,EDC,40,1.012996720405128,0.2089534412557835,21,0.045597379108387445
4,Thumb,0.75,EDC,41,0.8606598986667803,0.11721749624115732,21,0.02557895472849072
4,Thumb,0.75,EDC,42,0.8922116020722956,0.11395225734359912,21,0.02486642118514907
4,Thumb,0.75,EDC,43,0.9361806846189311,0.10002126341511716,21,0.021826429081185317
4,Thumb,0.75,EDC,44,1.0322377658494326,0.14595261014804972,21,0.0318494706609437
4,Thumb,0.75,EDC,45,1.1291865312651357,0.14784423457550822,21,0.03226225695262256
4,Thumb,0.75,EDC,46,1.1667364880205677,0.1580106982551394,21,0.03448076120795252
4,Thumb,0.75,EDC,47,1.0987848471971746,0.160874836630181,21,0.03510576744149805
4,Thumb,0.75,EDC,48,0.9916792476130594,0.1695120398312427,21,0.036990559701573285
4,Thumb,0.75,EDC,49,0.9322189479725326,0.10308375088349658,21,0.02249471863540924
4,Thumb,0.75,EDC,50,1.0702651494642643,0.17437535648954372,21,0.03805182240229729
4,Thumb,0.75,EDC,51,0.9517457097053569,0.1655602616378183,21,0.036128211001523615
4,Thumb,0.75,EDC,52,0.8612282580527978,0.13138867302594484,21,0.028671359028628326
4,Thumb,0.75,EDC,53,1.1953828543979208,0.18952779310495557,21,0.04135835515244707
4,Thumb,0.75,EDC,54,1.285310502985006,0.22031438010103277,21,0.04807653921429787
4,Thumb,0.75,EDC,55,1.2768975187600253,0.22980882130979863,21,0.05014839614384443
4,Thumb,0.75,EDC,56,1.1582081962026032,0.2352525820808581,21,0.051336322134254486
4,Thumb,0.75,EDC,57,0.8720794693072762,0.09291873909615894,21,0.020276531208952425
4,Thumb,0.75,EDC,58,1.0216845026902401,0.14247487573681739,21,0.03109056679492347
4,Thumb,0.75,EDC,59,1.095512294651711,0.14434740325546608,21,0.03149918579945183
4,Thumb,0.75,EDC,60,1.123522345029668,0.13211114527640547,21,0.028829015398877892
4,Thumb,0.75,EDC,61,1.0670906628034882,0.18796139776198642,21,0.041016539665428856
4,Thumb,0.75,EDC,62,0.9623233420591439,0.16005083930466238,21,0.034925956483563274
4,Thumb,0.75,EDC,63,0.886148040359312,0.11801628688321739,21,0.02575326513714132
4,Thumb,0.75,EDC,64,0.9030177664930121,0.13321441580048357,21,0.029069768765001773
4,Thumb,0.75,FDS,1,1.0347455717208558,0.07988514707265118,21,0.017432368255385904
4,Thumb,0.75,FDS,2,1.0142884191478703,0.06975483001797735,21,0.015221751840293287
4,Thumb,0.75,FDS,3,1.011425622059183,0.06326460595808639,21,0.013805468838785006
4,Thumb,0.75,FDS,4,1.012374150200549,0.05088418996580234,21,0.01110384058070484
4,Thumb,0.75,FDS,5,1.027493376714958,0.05717434555213972,21,0.012476465062011525
4,Thumb,0.75,FDS,6,1.0364158696859707,0.06238863904761419,21,0.013614317187665223
4,Thumb,0.75,FDS,7,1.0385583120533937,0.06546357149579439,21,0.0142853224591253
4,Thumb,0.75,FDS,8,1.0412550404040601,0.08512558647063938,21,0.018575925884724464
4,Thumb,0.75,FDS,9,0.9979557257774365,0.06298397282141027,21,0.013744229667769234
4,Thumb,0.75,FDS,10,0.9888861984206084,0.061954416452971284,21,0.013519562049169449
4,Thumb,0.75,FDS,11,1.0127317514457583,0.056149845708933506,21,0.01225290086767996
4,Thumb,0.75,FDS,12,1.02395361238613,0.06608748256157639,21,0.014421471015595136
4,Thumb,0.75,FDS,13,1.0480943521969297,0.08399739569624844,21,0.01832973447415316
4,Thumb,0.75,FDS,14,1.0455163722676744,0.07357544731115803,21,0.016055478885410326
4,Thumb,0.75,FDS,15,1.0337645080518603,0.07174411777688805,21,0.015655850018115067
4,Thumb,0.75,FDS,16,1.0216096500747844,0.07105592861398714,21,0.015505674830903557
4,Thumb,0.75,FDS,17,0.9196412926239316,0.06801471654739198,21,0.014842027949970919
4,Thumb,0.75,FDS,18,0.9237241711218163,0.07021550663321344,21,0.015322279719351165
4,Thumb,0.75,FDS,19,1.0212911569645715,0.0565286359327843,21,0.0123355596711707
4,Thumb,0.75,FDS,20,1.0587245706241013,0.0783506784052533,21,0.017097519740153104
4,Thumb,0.75,FDS,21,0.9254191268351029,0.06371143271237009,21,0.013902974430405791
4,Thumb,0.75,FDS,22,1.0450443874796198,0.08300682949981392,21,0.01811357520862813
4,Thumb,0.75,FDS,23,1.0325474094795846,0.07047907336252542,21,0.015379794694958026
4,Thumb,0.75,FDS,24,1.0054516398032123,0.07594439732176056,21,0.01657242615879854
4,Thumb,0.75,FDS,25,0.9831273078247891,0.04960151975263718,21,0.010823938992919389
4,Thumb,0.75,FDS,26,1.0142018484004622,0.05074612604823285,21,0.01107371256389511
4,Thumb,0.75,FDS,27,1.0747417484146748,0.1292526866658546,21,0.028205248591556577
4,Thumb,0.75,FDS,28,1.083970475618869,0.12316172741338477,21,0.026876092313969212
4,Thumb,0.75,FDS,29,1.0776106247353754,0.09132766520314681,21,0.01992933042080975
4,Thumb,0.75,FDS,30,1.068331698677753,0.08643701631505507,21,0.018862103338565372
4,Thumb,0.75,FDS,31,1.0366362758521541,0.07233027427391454,21,0.015783759852244308
4,Thumb,0.75,FDS,32,1.020374568803175,0.07795382575131743,21,0.017010919391276663
4,Thumb,0.75,FDS,33,0.98091867279407,0.055943231733801176,21,0.012207814001933312
4,Thumb,0.75,FDS,34,1.010716493051675,0.07168187819913831,21,0.015642268228769338
4,Thumb,0.75,FDS,35,1.058406259376073,0.1242463555256924,21,0.02711277757232763
4,Thumb,0.75,FDS,36,1.065365887647338,0.09833209357255267,21,0.02145782200189063
4,Thumb,0.75,FDS,37,1.0622674877758003,0.0926861215153489,21,0.02022576989123626
4,Thumb,0.75,FDS,38,1.0393298925048602,0.08593216635591697,21,0.018751936045596527
4,Thumb,0.75,FDS,39,1.0152920695844694,0.07310076520306875,21,0.01595189475725031
4,Thumb,0.75,FDS,40,0.9983240824460282,0.07007843521650875,21,0.01529236828398621
4,Thumb,0.75,FDS,41,0.9156682448908726,0.06499587071427876,21,0.014183261781321234
4,Thumb,0.75,FDS,42,0.9886454097080624,0.08109099554499881,21,0.0176955059649659
4,Thumb,0.75,FDS,43,1.0191789863760266,0.07331240811077623,21,0.015998079026053647
4,Thumb,0.75,FDS,44,1.0245282129190891,0.07678298714482576,21,0.016755421460761203
4,Thumb,0.75,FDS,45,1.0130341330397192,0.07444410747886307,21,0.016245036074538963
4,Thumb,0.75,FDS,46,0.9906760619800821,0.06282918580246537,21,0.013710452371059159
4,Thumb,0.75,FDS,47,0.976466984083682,0.060398122808214626,21,0.013179950933422968
4,Thumb,0.75,FDS,48,0.9711006043917931,0.06428611075705394,21,0.014028379460881646
4,Thumb,0.75,FDS,49,0.9330354051147641,0.060445335205867666,21,0.013190253523231797
4,Thumb,0.75,FDS,50,0.9440339463857644,0.07740701733143845,21,0.0168915960115274
4,Thumb,0.75,FDS,51,0.9755585784311995,0.07752081836029442,21,0.01691642943195103
4,Thumb,0.75,FDS,52,0.9812452617757313,0.06667575121182572,21,0.01454984175934452
4,Thumb,0.75,FDS,53,0.9657725144228538,0.05033788201026462,21,0.01098462641122826
4,Thumb,0.75,FDS,54,0.9506133155105597,0.048723139667981946,21,0.010632260744020612
4,Thumb,0.75,FDS,55,0.953724621639623,0.06719195061923183,21,0.014662485704969752
4,Thumb,0.75,FDS,56,0.975782091361246,0.09770888291052034,21,0.02132182628604936
4,Thumb,0.75,FDS,57,0.9135836905885862,0.061055439052581664,21,0.013323389097486588
4,Thumb,0.75,FDS,58,0.9429831363415392,0.07661577453639787,21,0.01671893267812921
4,Thumb,0.75,FDS,59,0.9516589369851981,0.06803142075288532,21,0.014845673106451743
4,Thumb,0.75,FDS,60,0.9423690360488232,0.052361507965965795,21,0.011426217797908166
4,Thumb,0.75,FDS,61,0.9305452586217532,0.04686928948190913,21,0.010227717467602199
4,Thumb,0.75,FDS,62,0.9186541612830796,0.05240013641828706,21,0.011434647217276793
4,Thumb,0.75,FDS,63,0.9399530522479695,0.08099566231458172,21,0.0176747025485549
4,Thumb,0.75,FDS,64,0.9706606748044526,0.10879955969789726,21,0.023742010375880047
5,I. Pinch,0.5,EDC,1,0.9264466325216874,0.11925003037122554,21,0.026022490038186855
5,I. Pinch,0.5,EDC,2,1.0759562592945957,0.18244625443247547,21,0.03981303672371387
5,I. Pinch,0.5,EDC,3,0.9431374074688034,0.1700763367021759,21,0.0371136993742151
5,I. Pinch,0.5,EDC,4,0.9974344155643282,0.1874804979835522,21,0.040911598730363985
5,I. Pinch,0.5,EDC,5,1.0299148576868853,0.18273758231324594,21,0.039876609679222526
5,I. Pinch,0.5,EDC,6,1.0178232228561934,0.188177145335713,21,0.04106361964579101
5,I. Pinch,0.5,EDC,7,0.9919938003681371,0.1481194554004026,21,0.032322315060380025
5,I. Pinch,0.5,EDC,8,0.934418125327741,0.13682917614044174,21,0.029858574140096183
5,I. Pinch,0.5,EDC,9,0.8628767242253785,0.09367308559392583,21,0.020441143110202026
5,I. Pinch,0.5,EDC,10,1.0109195250316012,0.15059494038937873,21,0.032862510171985264
5,I. Pinch,0.5,EDC,11,0.9347993778361279,0.1187344732690708,21,0.025909986255058463
5,I. Pinch,0.5,EDC,12,1.0335976413414745,0.14830955353844982,21,0.03236379787500248
5,I. Pinch,0.5,EDC,13,1.102970186174873,0.13366418786400386,21,0.02916791707579026
5,I. Pinch,0.5,EDC,14,0.8587027899193155,0.09064811276331074,21,0.019781039921084004
5,I. Pinch,0.5,EDC,15,0.8555768711801364,0.08883642294363589,21,0.01938569679087253
5,I. Pinch,0.5,EDC,16,0.9016387007437943,0.1091452818183592,21,0.023817453127615164
5,I. Pinch,0.5,EDC,17,1.0171128307200474,0.12678888048013864,21,0.027667602003759253
5,I. Pinch,0.5,EDC,18,1.0397383376322729,0.16359467479525042,21,0.03569928478766283
5,I. Pinch,0.5,EDC,19,1.025324009475075,0.19396254804905974,21,0.04232609802006312
5,I. Pinch,0.5,EDC,20,0.9552903303243694,0.12984698293993452,21,0.028334934670661407
5,I. Pinch,0.5,EDC,21,0.8816397472863878,0.11597583472234697,21,0.025308001971468708
5,I. Pinch,0.5,EDC,22,0.8592580115267863,0.10731746410696032,21,0.02341859060289772
5,I. Pinch,0.5,EDC,23,0.9129434273161641,0.1408414673980749,21,0.03073412787334921
5,I. Pinch,0.5,EDC,24,0.9030140480894493,0.1357927304811564,21,0.029632403154982685
5,I. Pinch,0.5,EDC,25,0.9585318501480219,0.18414037468591055,21,0.040182724071224536
5,I. Pinch,0.5,EDC,26,0.8891036333736951,0.1239970935396642,21,0.027058384147620525
5,I. Pinch,0.5,EDC,27,0.8951575124086707,0.11541339982452292,21,0.025185268614670447
5,I. Pinch,0.5,EDC,28,0.9405920486285849,0.18109829839653135,21,0.03951888860141928
5,I. Pinch,0.5,EDC,29,1.0132786105502765,0.2067086292332585,21,0.04510752096485565
5,I. Pinch,0.5,EDC,30,1.074544482809537,0.1661206954796033,21,0.036250507692094786
5,I. Pinch,0.5,EDC,31,1.0699544483152803,0.13170191664174977,21,0.02873971438959917
5,I. Pinch,0.5,EDC,32,0.8106007464824411,0.1190991028116296,21,0.02598955494455336
5,I. Pinch,0.5,EDC,33,1.1488086758724172,0.15463077626146243,21,0.033743201761330104
5,I. Pinch,0.5,EDC,34,1.0343599145846685,0.12841459687758744,21,0.028022362406132588
5,I. Pinch,0.5,EDC,35,0.9281106290953506,0.12914657848169672,21,0.02818209388747287
5,I. Pinch,0.5,EDC,36,1.2292453400745076,0.18518044400993164,21,0.0404096858048116
5,I. Pinch,0.5,EDC,37,1.1923272253218726,0.1955738606163921,21,0.042677715249017124
5,I. Pinch,0.5,EDC,38,1.0811004182581445,0.22192625177579395,21,0.04842827845049542
5,I. Pinch,0.5,EDC,39,0.9414069643786686,0.17012088368538167,21,0.03712342032290664
5,I. Pinch,0.5,EDC,40,0.9953440043652451,0.2133627091396187,21,0.04655956024348328
5,I. Pinch,0.5,EDC,41,0.8445163247030114,0.10001890666746321,21,0.021825914796684456
5,I. Pinch,0.5,EDC,42,0.8661442772006822,0.09378959312075727,21,0.020466567136903795
5,I. Pinch,0.5,EDC,43,0.9240845970991965,0.1123947462511243,21,0.02452654440053006
5,I. Pinch,0.5,EDC,44,1.0213058377134832,0.1275020897505949,21,0.027823237026054968
5,I. Pinch,0.5,EDC,45,1.1362319620302952,0.1640270223047781,21,0.03579363074904074
5,I. Pinch,0.5,EDC,46,1.1790272350609434,0.16837233591223214,21,0.03674185591687311
5,I. Pinch,0.5,EDC,47,1.1216186082218176,0.17072310863791407,21,0.03725483658149573
5,I. Pinch,0.5,EDC,48,1.0146787620543882,0.18675776394417218,21,0.04075388523308874
5,I. Pinch,0.5,EDC,49,0.9239839799214926,0.11794304558053648,21,0.025737282574592155
5,I. Pinch,0.5,EDC,50,1.0677129587523209,0.1689376186710567,21,0.03686521072789059
5,I. Pinch,0.5,EDC,51,0.94405921595674,0.1622347036148976,21,0.03540251474590449
5,I. Pinch,0.5,EDC,52,0.8508942513285653,0.12618420208891584,21,0.02753565036095532
5,I. Pinch,0.5,EDC,53,1.20056249568989,0.17789518578089725,21,0.03881991212424731
5,I. Pinch,0.5,EDC,54,1.2848656761611827,0.18389039000326732,21,0.04012817294118682
5,I. Pinch,0.5,EDC,55,1.2624440448590855,0.20338282844645242,21,0.04438177173381362
5,I. Pinch,0.5,EDC,56,1.1538116071583335,0.2696606859189677,21,0.05884478596082771
5,I. Pinch,0.5,EDC,57,0.8568127262371639,0.09575919620843555,21,0.020896369767299246
5,I. Pinch,0.5,EDC,58,1.015157229639206,0.13877357059182222,21,0.030282875795063002
5,I. Pinch,0.5,EDC,59,1.0986760042770112,0.171694040140781,21,0.03746671120561502
5,I. Pinch,0.5,EDC,60,1.1246893258505735,0.1393182030165203,21,0.03040172433373473
5,I. Pinch,0.5,EDC,61,1.0736076587163481,0.17333948751445136,21,0.03782577725999172
5,I. Pinch,0.5,EDC,62,0.9724637401294277,0.15188010598050905,21,0.033142956295885616
5,I. Pinch,0.5,EDC,63,0.8847035324776729,0.10830622864938275,21,0.0236343567152853
5,I. Pinch,0.5,EDC,64,0.9029541641821617,0.13151540843847162,21,0.028699014962968106
5,I. Pinch,0.5,FDS,1,1.0646690568869583,0.057230420454061404,21,0.012488701608804066
5,I. Pinch,0.5,FDS,2,1.046314839427946,0.05276950555058529,21,0.011515250170045212
5,I. Pinch,0.5,FDS,3,1.0387449974822123,0.05874591291783501,21,0.012819409176917287
5,I. Pinch,0.5,FDS,4,1.0258544613357854,0.05220326006277253,21,0.011391685274339062
5,I. Pinch,0.5,FDS,5,1.024916415780256,0.03631688170733579,21,0.00792499330612492
5,I. Pinch,0.5,FDS,6,1.0288154946454078,0.03067203854401494,21,0.00669318754031198
5,I. Pinch,0.5,FDS,7,1.0348414852196295,0.03888998196021797,21,0.008486489814674569
5,I. Pinch,0.5,FDS,8,1.053942898936645,0.07318859021371,21,0.015971059745782397
5,I. Pinch,0.5,FDS,9,1.0292897478800134,0.047508147432611864,21,0.010367127701765039
5,I. Pinch,0.5,FDS,10,1.0127941905363091,0.04809483690689309,21,0.010495153841066352
5,I. Pinch,0.5,FDS,11,1.0262593805308502,0.05447277251874794,21,0.011886933494346321
5,I. Pinch,0.5,FDS,12,1.018523868107693,0.058365647571066645,21,0.012736428475215637
5,I. Pinch,0.5,FDS,13,1.0285735253564916,0.037511474343744224,21,0.008185674790933422
5,I. Pinch,0.5,FDS,14,1.0284925631826118,0.02986741062560891,21,0.006517603333532438
5,I. Pinch,0.5,FDS,15,1.0253893199212527,0.04511260319747031,21,0.009844377092805456
5,I. Pinch,0.5,FDS,16,1.0337595038129186,0.0569640711835443,21,0.012430579432925928
5,I. Pinch,0.5,FDS,17,0.9362271171590419,0.07514169880616499,21,0.016397262982229713
5,I. Pinch,0.5,FDS,18,0.9408864058274228,0.07948996961046341,21,0.017346133463318474
5,I. Pinch,0.5,FDS,19,1.0161503530723068,0.045840818692866374,21,0.010003286741847943
5,I. Pinch,0.5,FDS,20,1.035699981065775,0.062036033359854324,21,0.013537372318397052
5,I. Pinch,0.5,FDS,21,0.9424562833548765,0.07217209431004602,21,0.015749242154251313
5,I. Pinch,0.5,FDS,22,1.0193437715509301,0.03312015936910719,21,0.007227411301806408
5,I. Pinch,0.5,FDS,23,1.0225969862691717,0.03824410143587059,21,0.008345547129306968
5,I. Pinch,0.5,FDS,24,1.0225219759043862,0.059359395839855944,21,0.012953282125856507
5,I. Pinch,0.5,FDS,25,1.0031119136492246,0.038182823239395335,21,0.00833217513055467
5,I. Pinch,0.5,FDS,26,1.0182907111012829,0.03991789849020976,21,0.00871079959118808
5,I. Pinch,0.5,FDS,27,1.0493224746922112,0.0841663853251075,21,0.01836661103443455
5,I. Pinch,0.5,FDS,28,1.0477569573386434,0.082021203189833,21,0.017898493914703006
5,I. Pinch,0.5,FDS,29,1.0366070025130478,0.05283519635958924,21,0.01152958507979395
5,I. Pinch,0.5,FDS,30,1.0283574339938384,0.03981501182470122,21,0.00868834788010739
5,I. Pinch,0.5,FDS,31,1.019535883329644,0.04407999045504995,21,0.009619042518723682
5,I. Pinch,0.5,FDS,32,1.0325461290174172,0.06292682515254129,21,0.013731759024036741
5,I. Pinch,0.5,FDS,33,0.9948001700736071,0.04223712333588699,21,0.009216895943994661
5,I. Pinch,0.5,FDS,34,1.0075436690440251,0.0586367824991995,21,0.012795594967202076
5,I. Pinch,0.5,FDS,35,1.0310644462837746,0.09275829163968556,21,0.020241518703507076
5,I. Pinch,0.5,FDS,36,1.0293826918947462,0.0645957691861707,21,0.014095952469977297
5,I. Pinch,0.5,FDS,37,1.022525759865167,0.0621373332312354,21,0.01355947776261101
5,I. Pinch,0.5,FDS,38,1.0062991687023601,0.05030128686430143,21,0.010976640695683295
5,I. Pinch,0.5,FDS,39,1.0050172053660438,0.053846436612279884,21,0.011750255794257813
5,I. Pinch,0.5,FDS,40,1.017456832269323,0.06991646008433638,21,0.01525702241237286
5,I. Pinch,0.5,FDS,41,0.9310035024939604,0.07261979952706678,21,0.015846939442157232
5,I. Pinch,0.5,FDS,42,0.9899627638229498,0.06586934239994752,21,0.014373868929748746
5,I. Pinch,0.5,FDS,43,1.0042555458675948,0.05725661049081528,21,0.012494416743369699
5,I. Pinch,0.5,FDS,44,0.9931740177160326,0.033353090909945995,21,0.007278241131217671
5,I. Pinch,0.5,FDS,45,0.982152789173683,0.03235570474131964,21,0.007060593625749467
5,I. Pinch,0.5,FDS,46,0.978670389829072,0.044037409338374814,21,0.009609750557278942
5,I. Pinch,0.5,FDS,47,0.9841858217269414,0.05638032038578885,21,0.012303194565416155
5,I. Pinch,0.5,FDS,48,0.9968929516075662,0.06976423159055874,21,0.015223803431626898
5,I. Pinch,0.5,FDS,49,0.9468393664263031,0.04323196674247586,21,0.00943398857329567
5,I. Pinch,0.5,FDS,50,0.9508406980743677,0.06733501375983988,21,0.014693704641683777
5,I. Pinch,0.5,FDS,51,0.96911099009321,0.05384590527130927,21,0.01175013984615221
5,I. Pinch,0.5,FDS,52,0.9646905613582026,0.043336529248402283,21,0.009456805982736724
5,I. Pinch,0.5,FDS,53,0.9551865069852388,0.03541377569828928,21,0.007727919418171345
5,I. Pinch,0.5,FDS,54,0.9609654804221044,0.05119417553181189,21,0.011171484976923053
5,I. Pinch,0.5,FDS,55,0.9770168898612057,0.06890599827335182,21,0.015036521567815769
5,I. Pinch,0.5,FDS,56,1.0026624884402617,0.08168580832062686,21,0.017825304753948865
5,I. Pinch,0.5,FDS,57,0.9236060942252141,0.03978083799029857,21,0.00868089053806277
5,I. Pinch,0.5,FDS,58,0.9452378766669728,0.06585044839774254,21,0.014369745920449463
5,I. Pinch,0.5,FDS,59,0.9437732659299234,0.05545685997908477,21,0.012101678983748719
5,I. Pinch,0.5,FDS,60,0.936645874356549,0.05171873008934067,21,0.01128595216578066
5,I. Pinch,0.5,FDS,61,0.9349817933460843,0.049954499722833626,21,0.01090096553731122
5,I. Pinch,0.5,FDS,62,0.9416894441722977,0.0598898286888744,21,0.013069032063081182
5,I. Pinch,0.5,FDS,63,0.9742376556007044,0.0932867953676094,21,0.020356847671996473
5,I. Pinch,0.5,FDS,64,1.0055341594223117,0.10483416315787372,21,0.022876689908967004
5,I. Pinch,0.75,EDC,1,0.9269408075548223,0.10586680895533464,21,0.02310203169624999
5,I. Pinch,0.75,EDC,2,1.0717995507465377,0.15296488760213367,21,0.033379675052723316
5,I. Pinch,0.75,EDC,3,0.9437360426046598,0.15132357066900198,21,0.03302151033436671
5,I. Pinch,0.75,EDC,4,0.9804772810750892,0.15293956493575406,21,0.03337414919389081
5,I. Pinch,0.75,EDC,5,1.0132008941327535,0.17022706509255706,21,0.037146591005562744
5,I. Pinch,0.75,EDC,6,1.0118598021491632,0.18783573650813998,21,0.040989118131730076
5,I. Pinch,0.75,EDC,7,0.993911885272901,0.14697799006811768,21,0.03207322690379128
5,I. Pinch,0.75,EDC,8,0.9382130131941347,0.13157270348785435,21,0.028711517767765374
5,I. Pinch,0.75,EDC,9,0.8649046149179624,0.09663332938644593,21,0.021087121265189957
5,I. Pinch,0.75,EDC,10,1.0090019219645907,0.12720948773498256,21,0.027759386031529245
5,I. Pinch,0.75,EDC,11,0.9415157169802436,0.09034231439395561,21,0.01971430924608572
5,I. Pinch,0.75,EDC,12,1.0300989128100813,0.11361192917969233,21,0.024792155491233443
5,I. Pinch,0.75,EDC,13,1.0982921377896875,0.12231594663593554,21,0.026691527817112082
5,I. Pinch,0.75,EDC,14,0.8696749959654719,0.08168166136112764,21,0.017824399813196053
5,I. Pinch,0.75,EDC,15,0.8661364997182253,0.07848117484953832,21,0.01712599639890828
5,I. Pinch,0.75,EDC,16,0.9104124033109896,0.09092676159026827,21,0.01984184608021941
5,I. Pinch,0.75,EDC,17,1.0230822414563976,0.1284895126405864,21,0.028038710365879637
5,I. Pinch,0.75,EDC,18,1.03522420285756,0.1719365291672071,21,0.03751962664936711
5,I. Pinch,0.75,EDC,19,1.0142889768729897,0.17853203521633382,21,0.03895888406444626
5,I. Pinch,0.75,EDC,20,0.9543736185932904,0.11983638230214846,21,0.026150442519488653
5,I. Pinch,0.75,EDC,21,0.8877664573551788,0.10203777062149114,21,0.02226646702940592
5,I. Pinch,0.75,EDC,22,0.8661887794755969,0.08880927514681951,21,0.019379772655926705
5,I. Pinch,0.75,EDC,23,0.9097006109079845,0.1188161001315092,21,0.025927798696766355
5,I. Pinch,0.75,EDC,24,0.9080512359137897,0.11491127153275305,21,0.025075695238212622
5,I. Pinch,0.75,EDC,25,0.95742799968447,0.1651720129033097,21,0.03604348818179236
5,I. Pinch,0.75,EDC,26,0.8905048523873029,0.11680959554397528,21,0.025489943498925863
5,I. Pinch,0.75,EDC,27,0.8919335842580881,0.11155000699326681,21,0.02434220718188088
5,I. Pinch,0.75,EDC,28,0.937182067890643,0.15340692434951153,21,0.033476135379142895
5,I. Pinch,0.75,EDC,29,1.0073849837981352,0.17161597893743682,21,0.03744967685451197
5,I. Pinch,0.75,EDC,30,1.0738768407400419,0.14727496518195599,21,0.032138032186585674
5,I. Pinch,0.75,EDC,31,1.070182778132252,0.12155619776067791,21,0.026525737020444196
5,I. Pinch,0.75,EDC,32,0.8032346128192145,0.12131915838997105,21,0.026474010789065677
5,I. Pinch,0.75,EDC,33,1.1481167533885968,0.15095088421696418,21,0.03294018348308349
5,I. Pinch,0.75,EDC,34,1.0332291440174923,0.10969987055021832,21,0.023938474310630117
5,I. Pinch,0.75,EDC,35,0.931332739597452,0.10755737952026681,21,0.023470944438224558
5,I. Pinch,0.75,EDC,36,1.2207755408902663,0.193832068708512,21,0.042297625093649406
5,I. Pinch,0.75,EDC,37,1.1908418181640346,0.19460589110308338,21,0.042466486984010135
5,I. Pinch,0.75,EDC,38,1.0874257750759793,0.21860137961515477,21,0.04770273186229635
5,I. Pinch,0.75,EDC,39,0.9475579303432536,0.189016966073315,21,0.04124688355532695
5,I. Pinch,0.75,EDC,40,1.001701053878411,0.21967425649969896,21,0.04793685279252455
5,I. Pinch,0.75,EDC,41,0.8672304274499281,0.15248734002656894,21,0.03327546562829627
5,I. Pinch,0.75,EDC,42,0.8917889915068336,0.13440835298063475,21,0.029330307217528676
5,I. Pinch,0.75,EDC,43,0.9292599097726372,0.10574983348298192,21,0.02307650555546382
5,I. Pinch,0.75,EDC,44,1.0197252835661512,0.10961676492038157,21,0.023920339175420406
5,I. Pinch,0.75,EDC,45,1.1233912272486821,0.1464673471473556,21,0.03196179548295864
5,I. Pinch,0.75,EDC,46,1.1688732384100213,0.15831979152893633,21,0.03454821089004662
5,I. Pinch,0.75,EDC,47,1.1212620999463572,0.15001846710161346,21,0.03273671338735172
5,I. Pinch,0.75,EDC,48,1.023368017445539,0.1835332840205928,21,0.04005024602705694
5,I. Pinch,0.75,EDC,49,0.9219975534389003,0.1047980236013245,21,0.022868803611182768
5,I. Pinch,0.75,EDC,50,1.0675946463221824,0.14395809945689672,21,0.03141423274586717
5,I. Pinch,0.75,EDC,51,0.9486896285119327,0.1346118874033545,21,0.02937472206984498
5,I. Pinch,0.75,EDC,52,0.8546758127482512,0.1073507657116037,21,0.02342585760880447
5,I. Pinch,0.75,EDC,53,1.19569954806202,0.1764185422597852,21,0.03849768209043959
5,I. Pinch,0.75,EDC,54,1.276022149106815,0.19169690167500605,21,0.0418316934482963
5,I. Pinch,0.75,EDC,55,1.254675904415058,0.20000180465910816,21,0.04364397185610166
5,I. Pinch,0.75,EDC,56,1.1492325951276918,0.24954776229038664,21,0.05445578620012111
5,I. Pinch,0.75,EDC,57,0.8592114974100366,0.0958787471747038,21,0.02092245792693398
5,I. Pinch,0.75,EDC,58,1.0106160300407774,0.11712196939117218,21,0.025558109060826072
5,I. Pinch,0.75,EDC,59,1.0877458750442797,0.15119988250462268,21,0.0329945193640887
5,I. Pinch,0.75,EDC,60,1.1121236727968575,0.12023936259105762,21,0.026238380027941103
5,I. Pinch,0.75,EDC,61,1.0669688128203085,0.13209100487683997,21,0.0288246204033762
5,I. Pinch,0.75,EDC,62,0.9801259584532734,0.1413067159541008,21,0.030835653431680522
5,I. Pinch,0.75,EDC,63,0.8943793093067786,0.10367870807037599,21,0.022624548937510806
5,I. Pinch,0.75,EDC,64,0.9137807323629533,0.13671783140003776,21,0.029834276725756354
5,I. Pinch,0.75,FDS,1,1.0388515531949045,0.05831319527045719,21,0.012724982444838618
5,I. Pinch,0.75,FDS,2,1.029367579275519,0.054155786958073424,21,0.011817761574060654
5,I. Pinch,0.75,FDS,3,1.0265651024900044,0.0609967191771626,21,0.01331057537015772
5,I. Pinch,0.75,FDS,4,1.0206047937301734,0.05894018921769638,21,0.012861803741195891
5,I. Pinch,0.75,FDS,5,1.021598380876292,0.034444743035475615,21,0.007516459154922381
5,I. Pinch,0.75,FDS,6,1.0327017924539643,0.03721916589041391,21,0.008121887856949533
5,I. Pinch,0.75,FDS,7,1.0388064574866172,0.03222207461910264,21,0.007031433142407296
5,I. Pinch,0.75,FDS,8,1.0514545272646387,0.07906230556234596,21,0.017252809517008503
5,I. Pinch,0.75,FDS,9,1.0138025879236265,0.05045059987040445,21,0.01100922346485989
5,I. Pinch,0.75,FDS,10,1.002137673400851,0.05053196764677128,21,0.011026979369351854
5,I. Pinch,0.75,FDS,11,1.0179816379544835,0.0543364571697284,21,0.011857187046476494
5,I. Pinch,0.75,FDS,12,1.0185722664646786,0.06550802226499565,21,0.014295022412199767
5,I. Pinch,0.75,FDS,13,1.0344240911263956,0.04499020346070968,21,0.00981766728048411
5,I. Pinch,0.75,FDS,14,1.0394992741002316,0.0456441622344217,21,0.009960372784384863
5,I. Pinch,0.75,FDS,15,1.0343689690653657,0.04861524220498619,21,0.010608715587283862
5,I. Pinch,0.75,FDS,16,1.0341545432356651,0.06213123772011086,21,0.013558147613033502
5,I. Pinch,0.75,FDS,17,0.9258853890153692,0.07066264393182037,21,0.01541985307729899
5,I. Pinch,0.75,FDS,18,0.9295342080202279,0.07443078488521133,21,0.016242128846259807
5,I. Pinch,0.75,FDS,19,1.0136361321846248,0.048910504073077066,21,0.01067314700920579
5,I. Pinch,0.75,FDS,20,1.0363903420693252,0.05979260950440305,21,0.01304781709775538
5,I. Pinch,0.75,FDS,21,0.9305969528434508,0.06798131640342836,21,0.014834739441021599
5,I. Pinch,0.75,FDS,22,1.0353668320029545,0.06059415032611639,21,0.013222727644807688
5,I. Pinch,0.75,FDS,23,1.0342536649761442,0.056230810192471246,21,0.012270568766461612
5,I. Pinch,0.75,FDS,24,1.0268033840565713,0.07305890189907847,21,0.015942759435375244
5,I. Pinch,0.75,FDS,25,0.9939324642262732,0.04166681844907828,21,0.009092445214803988
5,I. Pinch,0.75,FDS,26,1.01483412248007,0.04451428310359494,21,0.00971381294423417
5,I. Pinch,0.75,FDS,27,1.048969802509225,0.08580404417982454,21,0.01872397749463719
5,I. Pinch,0.75,FDS,28,1.0519823156814387,0.09450570536922981,21,0.02062283564093763
5,I. Pinch,0.75,FDS,29,1.0474421867435797,0.06853013447157374,21,0.014954501361975677
5,I. Pinch,0.75,FDS,30,1.0450832033958348,0.0647490273912385,21,0.014129396152148548
5,I. Pinch,0.75,FDS,31,1.0340076063534782,0.059018573496867774,21,0.01287890859322434
5,I. Pinch,0.75,FDS,32,1.0400338581981525,0.07718889444935702,21,0.01684399769638739
5,I. Pinch,0.75,FDS,33,0.98637645663882,0.04424387055013111,21,0.009654804087323967
5,I. Pinch,0.75,FDS,34,1.0044113831971686,0.060572276717399835,21,0.013217954432061715
5,I. Pinch,0.75,FDS,35,1.0346266853422545,0.11329010223627765,21,0.024721927094620393
5,I. Pinch,0.75,FDS,36,1.0334352345456876,0.08789970715207723,21,0.019181288647087864
5,I. Pinch,0.75,FDS,37,1.028507317022488,0.07451226130692273,21,0.01625990845910965
5,I. Pinch,0.75,FDS,38,1.0181163451726392,0.06313457269336002,21,0.01377709325409592
5,I. Pinch,0.75,FDS,39,1.0156796448997565,0.06454991753412591,21,0.014085946819204248
5,I. Pinch,0.75,FDS,40,1.0240219362934246,0.08084399405540393,21,0.017641605821021356
5,I. Pinch,0.75,FDS,41,0.9206468923813057,0.06857772633700875,21,0.0149648867584433
5,I. Pinch,0.75,FDS,42,0.9858636529463515,0.06830028030296777,21,0.014904343070240533
5,I. Pinch,0.75,FDS,43,1.0064737673254593,0.07394965620244758,21,0.016137137960175078
5,I. Pinch,0.75,FDS,44,0.9937421808327701,0.050507868394482396,21,0.011021720481361108
5,I. Pinch,0.75,FDS,45,0.9862745998391467,0.04338491777175709,21,0.009467365224214845
5,I. Pinch,0.75,FDS,46,0.9829594339132722,0.0452051392259644,21,0.009864570109714253
5,I. Pinch,0.75,FDS,47,0.989250317204951,0.057115064196024315,21,0.012463528809549693
5,I. Pinch,0.75,FDS,48,1.001343531410523,0.07346416457470777,21,0.01603119500144246
5,I. Pinch,0.75,FDS,49,0.9392676611864679,0.04610219775199139,21,0.010060324328682072
5,I. Pinch,0.75,FDS,50,0.9454247639441266,0.06501326603669445,21,0.014187057751878762
5,I. Pinch,0.75,FDS,51,0.9670901933997723,0.058231942076156035,21,0.012707251544203284
5,I. Pinch,0.75,FDS,52,0.9634225682349756,0.05524954149950166,21,0.01205643838252716
5,I. Pinch,0.75,FDS,53,0.9559230625757735,0.03824931586824593,21,0.008346685011738693
5,I. Pinch,0.75,FDS,54,0.9645157127177819,0.05342622023164843,21,0.011658557062233814
5,I. Pinch,0.75,FDS,55,0.9809637256688569,0.06334992020674442,21,0.01382408593413423
5,I. Pinch,0.75,FDS,56,1.005867916738418,0.08091204584806784,21,0.01765645593964325
5,I. Pinch,0.75,FDS,57,0.9179994699543143,0.04520583574153447,21,0.009864722101872472
5,I. Pinch,0.75,FDS,58,0.9368829039961681,0.05903244914630917,21,0.012881936508171097
5,I. Pinch,0.75,FDS,59,0.9394932442516545,0.05736495006860601,21,0.01251805837746425
5,I. Pinch,0.75,FDS,60,0.9366133308848488,0.061558087526843164,21,0.013433075987070274
5,I. Pinch,0.75,FDS,61,0.9359000764442222,0.05340866248346198,21,0.011654725647467272
5,I. Pinch,0.75,FDS,62,0.9464412197941607,0.06205374764214456,21,0.013541237891705473
5,I. Pinch,0.75,FDS,63,0.9782754223415473,0.07973102454461001,21,0.01739873596247892
5,I. Pinch,0.75,FDS,64,1.010545654100761,0.10244178860108692,21,0.022354630980530723
6,M. Pinch,0.5,EDC,1,0.9164350788647686,0.1147085633773204,21,0.02503146069220048
6,M. Pinch,0.5,EDC,2,1.0452718616824295,0.11400323516853966,21,0.024877545458556416
6,M. Pinch,0.5,EDC,3,0.9356086739087621,0.1830542792172182,21,0.039945718609451626
6,M. Pinch,0.5,EDC,4,0.9640642117566766,0.1492099099767283,21,0.03256027175742401
6,M. Pinch,0.5,EDC,5,0.9921534952571636,0.15973206859256484,21,0.03485639501130032
6,M. Pinch,0.5,EDC,6,0.9828856303069577,0.15561377328592527,21,0.033957709298116645
6,M. Pinch,0.5,EDC,7,0.9686565756215224,0.12802573245798882,21,0.027937505232899933
6,M. Pinch,0.5,EDC,8,0.9407253433153383,0.15662968984980719,21,0.03417940046734275
6,M. Pinch,0.5,EDC,9,0.8580571839405483,0.10752643140800856,21,0.02346419100646078
6,M. Pinch,0.5,EDC,10,0.9928127089592176,0.12910839412639602,21,0.028173761378019132
6,M. Pinch,0.5,EDC,11,0.956126284581779,0.0957732492550883,21,0.0208994363934912
6,M. Pinch,0.5,EDC,12,1.0283771453484718,0.10702217666460731,21,0.023354153600214263
6,M. Pinch,0.5,EDC,13,1.0750193104315227,0.07906407976381193,21,0.017253196679509256
6,M. Pinch,0.5,EDC,14,0.8862552439668108,0.07742093434422857,21,0.016894632952696845
6,M. Pinch,0.5,EDC,15,0.8801444759902011,0.0738913908261743,21,0.01612442341269092
6,M. Pinch,0.5,EDC,16,0.9231373505680235,0.10877932157206889,21,0.023737594054759448
6,M. Pinch,0.5,EDC,17,0.9959262901057612,0.10421706276130059,21,0.022742027562363022
6,M. Pinch,0.5,EDC,18,1.0097376802783575,0.12978977562053703,21,0.02832245101011643
6,M. Pinch,0.5,EDC,19,0.991937713744471,0.15890007866585432,21,0.034674839924795954
6,M. Pinch,0.5,EDC,20,0.9576795494151388,0.14292319246174012,21,0.03118839752479362
6,M. Pinch,0.5,EDC,21,0.9039472516537562,0.13006732510392116,21,0.028383017272816606
6,M. Pinch,0.5,EDC,22,0.8805248207782393,0.09054336526344159,21,0.019758182142655064
6,M. Pinch,0.5,EDC,23,0.9227143200772852,0.12373887358281187,21,0.027002035933419377
6,M. Pinch,0.5,EDC,24,0.9204629655411893,0.1399797816808984,21,0.030546092634100463
6,M. Pinch,0.5,EDC,25,0.934959969178704,0.1553713800861794,21,0.03390481476546055
6,M. Pinch,0.5,EDC,26,0.8843387160479197,0.1479577246741078,21,0.03228702252250164
6,M. Pinch,0.5,EDC,27,0.895635611985505,0.14365781883022025,21,0.03134870614103508
6,M. Pinch,0.5,EDC,28,0.9287530847328389,0.16097580706473869,21,0.035127800996703436
6,M. Pinch,0.5,EDC,29,0.9906848154832611,0.15838090514514389,21,0.03456154697444013
6,M. Pinch,0.5,EDC,30,1.0458966518163817,0.10979492916474863,21,0.023959217800941675
6,M. Pinch,0.5,EDC,31,1.0462319963773947,0.08540199049104116,21,0.018636242186909287
6,M. Pinch,0.5,EDC,32,0.8159028065800109,0.10752664312198554,21,0.023464237206238168
6,M. Pinch,0.5,EDC,33,1.1498577298822394,0.17122259305068413,21,0.03736383301625618
6,M. Pinch,0.5,EDC,34,1.050329469268328,0.14700527288348955,21,0.03207918050220143
6,M. Pinch,0.5,EDC,35,0.9394520187500155,0.12054114610195776,21,0.026304234588997742
6,M. Pinch,0.5,EDC,36,1.210408755425505,0.19067341769457244,21,0.04160835093339574
6,M. Pinch,0.5,EDC,37,1.1910000849398645,0.1884407145214673,21,0.041121135157437524
6,M. Pinch,0.5,EDC,38,1.1113059138528028,0.22787574294017732,21,0.04972656386036483
6,M. Pinch,0.5,EDC,39,1.0006482081051244,0.2597682261135988,21,0.05668607425285575
6,M. Pinch,0.5,EDC,40,1.0630435693169076,0.3007788402721372,21,0.06563532395181432
6,M. Pinch,0.5,EDC,41,0.8441901895261232,0.08594123803547793,21,0.018753915648371217
6,M. Pinch,0.5,EDC,42,0.8599442309022903,0.08393862595731559,21,0.018316909865713514
6,M. Pinch,0.5,EDC,43,0.9250715065608359,0.10493011088934362,21,0.022897627420501297
6,M. Pinch,0.5,EDC,44,1.0247157067406933,0.13889329415753984,21,0.03030900161898543
6,M. Pinch,0.5,EDC,45,1.1097832483737795,0.1337891418837296,21,0.029195184278351317
6,M. Pinch,0.5,EDC,46,1.1374631711331162,0.1328952021162437,21,0.02900011062829249
6,M. Pinch,0.5,EDC,47,1.1024359600778737,0.14085437075720794,21,0.03073694361715618
6,M. Pinch,0.5,EDC,48,1.0385758547240689,0.20518643262174294,21,0.04477535043176635
6,M. Pinch,0.5,EDC,49,0.9157916094566,0.11204892612425624,21,0.02445108026204377
6,M. Pinch,0.5,EDC,50,1.0953042168121607,0.18272852168576875,21,0.03987463248821024
6,M. Pinch,0.5,EDC,51,0.9600873163564527,0.1493036271984559,21,0.03258072253182818
6,M. Pinch,0.5,EDC,52,0.8574229606727592,0.10885350800731389,21,0.02375378286214274
6,M. Pinch,0.5,EDC,53,1.222840036753883,0.21557478984429565,21,0.04704227582788963
6,M. Pinch,0.5,EDC,54,1.3073021858780791,0.2353798316930086,21,0.05136409027615132
6,M. Pinch,0.5,EDC,55,1.2894070366647392,0.2168116644464777,21,0.04731218399406428
6,M. Pinch,0.5,EDC,56,1.1913620975395334,0.2524090845101784,21,0.05508017789820944
6,M. Pinch,0.5,EDC,57,0.8508345047808573,0.09520230154354051,21,0.02077484538844217
6,M. Pinch,0.5,EDC,58,1.0011064598040815,0.12154494685383609,21,0.026523281871289932
6,M. Pinch,0.5,EDC,59,1.0677158054636284,0.11988175019421224,21,0.026160342605179264
6,M. Pinch,0.5,EDC,60,1.08800568764688,0.09119091433831966,21,0.019899488935599223
6,M. Pinch,0.5,EDC,61,1.0570951454409632,0.11871836098375815,21,0.025906470266150658
6,M. Pinch,0.5,EDC,62,0.9983624345203459,0.16187974003387715,21,0.035325055342143585
6,M. Pinch,0.5,EDC,63,0.9209892329329531,0.11992121269472057,21,0.02616895402878363
6,M. Pinch,0.5,EDC,64,0.9470828334001076,0.17341028294858674,21,0.037841226090267084
6,M. Pinch,0.5,FDS,1,1.0416597851545657,0.06043129470913758,21,0.013187189635657492
6,M. Pinch,0.5,FDS,2,1.0278019826609583,0.05372585324234241,21,0.01172394234567251
6,M. Pinch,0.5,FDS,3,1.021925568573987,0.05315557333800805,21,0.011599497068104684
6,M. Pinch,0.5,FDS,4,1.012454472955328,0.04482467285872117,21,0.009781545541748685
6,M. Pinch,0.5,FDS,5,1.0126384942523616,0.03816392314815001,21,0.008328050792517848
6,M. Pinch,0.5,FDS,6,1.0160797647183444,0.037189377117110366,21,0.008115387413686517
6,M. Pinch,0.5,FDS,7,1.0220764820496726,0.046577054959915584,21,0.010163946666758643
6,M. Pinch,0.5,FDS,8,1.031584356657076,0.06940363305814753,21,0.015145114380661932
6,M. Pinch,0.5,FDS,9,1.0134117466839034,0.05023798159906409,21,0.010962826354262373
6,M. Pinch,0.5,FDS,10,1.0002054960510962,0.04691214428671433,21,0.010237069152693266
6,M. Pinch,0.5,FDS,11,1.017834391591517,0.0447054954110264,21,0.00975553889054902
6,M. Pinch,0.5,FDS,12,1.014253186192309,0.04651860958080979,21,0.010151192839436135
6,M. Pinch,0.5,FDS,13,1.026174910978699,0.046718477407958814,21,0.010194807575002646
6,M. Pinch,0.5,FDS,14,1.0268389309145693,0.05201908751628253,21,0.011351495529804623
6,M. Pinch,0.5,FDS,15,1.0189759267606602,0.05037350345467356,21,0.01099239964767434
6,M. Pinch,0.5,FDS,16,1.0113275551910441,0.044840121831528676,21,0.009784916784001051
6,M. Pinch,0.5,FDS,17,0.930789968534444,0.06797106767577503,21,0.014832502985295485
6,M. Pinch,0.5,FDS,18,0.9359955239401313,0.07327124952265147,21,0.01598909748578797
6,M. Pinch,0.5,FDS,19,1.0192578965401013,0.046721200354521736,21,0.010195401770656833
6,M. Pinch,0.5,FDS,20,1.04131644523974,0.05177591670425892,21,0.011298431308237858
6,M. Pinch,0.5,FDS,21,0.937892377731719,0.06662848410535317,21,0.014539527231092522
6,M. Pinch,0.5,FDS,22,1.029357768372785,0.059292155157300026,21,0.012938609005971127
6,M. Pinch,0.5,FDS,23,1.0214209880827172,0.05497108405752838,21,0.011995673987019239
6,M. Pinch,0.5,FDS,24,1.0018748701657647,0.048426503675564475,21,0.010567529463587211
6,M. Pinch,0.5,FDS,25,1.000027448992722,0.039679788185071826,21,0.008658839662757432
6,M. Pinch,0.5,FDS,26,1.0240504558150334,0.04921022673496802,21,0.010738551856139549
6,M. Pinch,0.5,FDS,27,1.0575759067559924,0.06966364871998282,21,0.015201854449815942
6,M. Pinch,0.5,FDS,28,1.0581447321842978,0.06395193314851223,21,0.013955455928181565
6,M. Pinch,0.5,FDS,29,1.0555034340480227,0.053233558426778335,21,0.011616514809646003
6,M. Pinch,0.5,FDS,30,1.0486282462669616,0.05885966701388966,21,0.012844232355764035
6,M. Pinch,0.5,FDS,31,1.0211011634578748,0.04750311617361264,21,0.010366029791040999
6,M. Pinch,0.5,FDS,32,1.010851297981144,0.04337378234937312,21,0.009464935275835328
6,M. Pinch,0.5,FDS,33,0.997449978351889,0.04766533801557138,21,0.01040142949914343
6,M. Pinch,0.5,FDS,34,1.0188011448782928,0.07364617944895992,21,0.016070913903293335
6,M. Pinch,0.5,FDS,35,1.0467298871964605,0.08493135140351317,21,0.018533540318166335
6,M. Pinch,0.5,FDS,36,1.051918856849208,0.06032827481767428,21,0.01316470885229003
6,M. Pinch,0.5,FDS,37,1.0453606074178705,0.05863766572419,21,0.012795787702696106
6,M. Pinch,0.5,FDS,38,1.031087313355709,0.07113092935437265,21,0.01552204133423662
6,M. Pinch,0.5,FDS,39,1.0098666435252686,0.056418262834432104,21,0.012311474286509473
6,M. Pinch,0.5,FDS,40,0.9982333375040252,0.04921186837787407,21,0.010738910091991028
6,M. Pinch,0.5,FDS,41,0.9257897758577845,0.06546567448847054,21,0.014285781369750273
6,M. Pinch,0.5,FDS,42,1.0034965436345484,0.08471739220855572,21,0.018486850594046127
6,M. Pinch,0.5,FDS,43,1.024885313297128,0.06540165142537556,21,0.01427181039199524
6,M. Pinch,0.5,FDS,44,1.0197131979827527,0.047164345283549104,21,0.010292103922137964
6,M. Pinch,0.5,FDS,45,1.0090755009010808,0.040187117026864914,21,0.00876954789226939
6,M. Pinch,0.5,FDS,46,0.9925444418978683,0.04957949471066488,21,0.010819132734727835
6,M. Pinch,0.5,FDS,47,0.9820174187036075,0.0544879670674428,21,0.011890249216705602
6,M. Pinch,0.5,FDS,48,0.9747651537138192,0.051804724445086096,21,0.01130471767266363
6,M. Pinch,0.5,FDS,49,0.9524185742826962,0.04528190477334089,21,0.009881321725505562
6,M. Pinch,0.5,FDS,50,0.9615507124065351,0.0774806489959407,21,0.01690766375800964
6,M. Pinch,0.5,FDS,51,0.9831044310200674,0.05718104660283482,21,0.012477927351156574
6,M. Pinch,0.5,FDS,52,0.9797752965966003,0.02524797918747651,21,0.00550956075101337
6,M. Pinch,0.5,FDS,53,0.9732995348599583,0.02857619969727394,21,0.006235838008901523
6,M. Pinch,0.5,FDS,54,0.9682394893798622,0.05324670603892726,21,0.011619383853830783
6,M. Pinch,0.5,FDS,55,0.9663575182975689,0.06240889886384726,21,0.013618738242020171
6,M. Pinch,0.5,FDS,56,0.9765347811501448,0.06747958967779956,21,0.01472525369347987
6,M. Pinch,0.5,FDS,57,0.927958587261232,0.04119679163423273,21,0.008989876954914048
6,M. Pinch,0.5,FDS,58,0.9547747732401455,0.0731887859282828,21,0.01597110245420356
6,M. Pinch,0.5,FDS,59,0.9565126192330704,0.057781185435113264,21,0.012608888380985069
6,M. Pinch,0.5,FDS,60,0.948373887538784,0.035093419307834,21,0.007658011922522576
6,M. Pinch,0.5,FDS,61,0.9450472817542606,0.045647706039224425,21,0.009961146105992323
6,M. Pinch,0.5,FDS,62,0.9400221380205108,0.0598050928709963,21,0.013050541191676401
6,M. Pinch,0.5,FDS,63,0.9524127545033607,0.08299879777048351,21,0.0181118225415987
6,M. Pinch,0.5,FDS,64,0.9728509298923466,0.08273578188559128,21,0.018054427770098965
6,M. Pinch,0.75,EDC,1,0.9139601876184121,0.1151359645109731,21,0.025124727265870644
6,M. Pinch,0.75,EDC,2,1.052437108249293,0.11852469006422992,21,0.02586420780669114
6,M. Pinch,0.75,EDC,3,0.9391342195286453,0.17584402722044154,21,0.03837231263064517
6,M. Pinch,0.75,EDC,4,0.9682756551013021,0.14955415826398827,21,0.032635392892387226
6,M. Pinch,0.75,EDC,5,0.9940826684648625,0.14454498504470226,21,0.031542301680648
6,M. Pinch,0.75,EDC,6,0.9880405860183161,0.13465814808327456,21,0.029384816977818015
6,M. Pinch,0.75,EDC,7,0.9740118028320258,0.1205157427860076,21,0.0262986911309861
6,M. Pinch,0.75,EDC,8,0.9439063229102184,0.15418339162862263,21,0.0336455744306278
6,M. Pinch,0.75,EDC,9,0.8564811945064454,0.10221148350687365,21,0.0223043742887609
6,M. Pinch,0.75,EDC,10,0.9906538243713475,0.128249354389457,21,0.02798630353899542
6,M. Pinch,0.75,EDC,11,0.9678491882813183,0.09774710517523023,21,0.021330167068014393
6,M. Pinch,0.75,EDC,12,1.0422647157364509,0.11236545984224179,21,0.02452015358217113
6,M. Pinch,0.75,EDC,13,1.0885696751225846,0.07645573985085569,21,0.016684010246685615
6,M. Pinch,0.75,EDC,14,0.8932453556902752,0.07733736790749385,21,0.016876397261178053
6,M. Pinch,0.75,EDC,15,0.8849145026497629,0.07572784773578667,21,0.01652517116501584
6,M. Pinch,0.75,EDC,16,0.9318176370404112,0.10940431504456448,21,0.0238739788117387
6,M. Pinch,0.75,EDC,17,1.0026077332329721,0.09824956323929998,21,0.021439812406687755
6,M. Pinch,0.75,EDC,18,1.0108037421224656,0.11497595135659876,21,0.02508980953291307
6,M. Pinch,0.75,EDC,19,0.9887223038611547,0.14319394048758705,21,0.031247479587779497
6,M. Pinch,0.75,EDC,20,0.9636706786542855,0.14125816792644236,21,0.030825059383509778
6,M. Pinch,0.75,EDC,21,0.909056587007382,0.12736100117434568,21,0.027792448974609463
6,M. Pinch,0.75,EDC,22,0.8833991685090958,0.09032581318232522,21,0.019710708386497397
6,M. Pinch,0.75,EDC,23,0.9143099076207276,0.1220082470041521,21,0.02662438225263791
6,M. Pinch,0.75,EDC,24,0.9229737558588796,0.13737969688793653,21,0.029978707616145638
6,M. Pinch,0.75,EDC,25,0.9351860598709639,0.1524953392434712,21,0.03327721120053222
6,M. Pinch,0.75,EDC,26,0.8809542870711903,0.12610069832605164,21,0.027517428345996325
6,M. Pinch,0.75,EDC,27,0.8873613678961831,0.1281457927565786,21,0.0279637045379593
6,M. Pinch,0.75,EDC,28,0.9285713244159459,0.16389501132006004,21,0.03576482359046759
6,M. Pinch,0.75,EDC,29,0.9904048235955649,0.15362346805681454,21,0.03352338909009444
6,M. Pinch,0.75,EDC,30,1.0523755110349289,0.11194067441617306,21,0.024427457802691413
6,M. Pinch,0.75,EDC,31,1.058421648225781,0.08375481210689577,21,0.018276798395078748
6,M. Pinch,0.75,EDC,32,0.8087197832016112,0.11875388849494915,21,0.025914223004688094
6,M. Pinch,0.75,EDC,33,1.135720844210633,0.15660780971191152,21,0.03417462582981309
6,M. Pinch,0.75,EDC,34,1.041891512050415,0.1530131014828422,21,0.033390196184051625
6,M. Pinch,0.75,EDC,35,0.9308960520236553,0.12455706050268775,21,0.027180578956893377
6,M. Pinch,0.75,EDC,36,1.2028384469636957,0.17310816743929805,21,0.037775299081222534
6,M. Pinch,0.75,EDC,37,1.1911724565631105,0.18543792739093878,21,0.040465873284985805
6,M. Pinch,0.75,EDC,38,1.1170061342215927,0.23546612063060637,21,0.051382920066064604
6,M. Pinch,0.75,EDC,39,0.997311103833391,0.23884139674028382,21,0.05211946569768237
6,M. Pinch,0.75,EDC,40,1.0604053000082005,0.28730185556097654,21,0.06269440478140212
6,M. Pinch,0.75,EDC,41,0.8431134945133374,0.08874901734174577,21,0.019366623324833264
6,M. Pinch,0.75,EDC,42,0.8618381319018544,0.0840697494351354,21,0.01834552335440376
6,M. Pinch,0.75,EDC,43,0.915200920474375,0.1025265990809717,21,0.02237313814452108
6,M. Pinch,0.75,EDC,44,1.014404659825345,0.1454070286174424,21,0.03173041501038285
6,M. Pinch,0.75,EDC,45,1.1005180206515028,0.13060279749270928,21,0.028499866927777576
6,M. Pinch,0.75,EDC,46,1.139527341030804,0.12510775849201192,21,0.0273007511102809
6,M. Pinch,0.75,EDC,47,1.1096314976290962,0.1422140697248943,21,0.031033654257240754
6,M. Pinch,0.75,EDC,48,1.0492206639293817,0.21449147356277587,21,0.04680587683447809
6,M. Pinch,0.75,EDC,49,0.908422861663986,0.1095338915881514,21,0.023902254731704313
6,M. Pinch,0.75,EDC,50,1.0824403177067912,0.1809971236909451,21,0.039496810470620994
6,M. Pinch,0.75,EDC,51,0.9564875531261802,0.1573450989219915,21,0.034335515525730505
6,M. Pinch,0.75,EDC,52,0.8563965642556368,0.11536813961218087,21,0.02517539202662153
6,M. Pinch,0.75,EDC,53,1.2027425193432197,0.1945543674852526,21,0.042455243608829775
6,M. Pinch,0.75,EDC,54,1.2851731942664788,0.19925594820349649,21,0.043481212633939184
6,M. Pinch,0.75,EDC,55,1.2792933078714792,0.20684396838527314,21,0.045137054389074616
6,M. Pinch,0.75,EDC,56,1.1908825854058938,0.26059150915741347,21,0.05686572934174406
6,M. Pinch,0.75,EDC,57,0.847526738658271,0.09227815486093228,21,0.02013674426862283
6,M. Pinch,0.75,EDC,58,0.9934733475879853,0.12075469311952554,21,0.02635083436863757
6,M. Pinch,0.75,EDC,59,1.0697130964381674,0.12274469489440205,21,0.026785088357517004
6,M. Pinch,0.75,EDC,60,1.0962097493397376,0.08790883909012233,21,0.01918328139934183
6,M. Pinch,0.75,EDC,61,1.0689101391016012,0.12078194503550518,21,0.026356781224247536
6,M. Pinch,0.75,EDC,62,1.0084884815412802,0.15937115347111805,21,0.03477763687494394
6,M. Pinch,0.75,EDC,63,0.9246081262035969,0.11018725177801879,21,0.02404482961390136
6,M. Pinch,0.75,EDC,64,0.9513515113585007,0.16762616872103248,21,0.03657902888664621
6,M. Pinch,0.75,FDS,1,1.028401258513073,0.05418246842907244,21,0.011823583948370454
6,M. Pinch,0.75,FDS,2,1.0172168029623487,0.046539352377210276,21,0.010155719288704243
6,M. Pinch,0.75,FDS,3,1.0130469855294497,0.04858809351496023,21,0.010602791257423725
6,M. Pinch,0.75,FDS,4,1.005389208627291,0.03959179808267895,21,0.00863963864825161
6,M. Pinch,0.75,FDS,5,1.0046820153071923,0.03353466958454972,21,0.007317864846501543
6,M. Pinch,0.75,FDS,6,1.0096739585240524,0.03458909766050174,21,0.00754795991664139
6,M. Pinch,0.75,FDS,7,1.0182248259351963,0.04728774122469921,21,0.010319031124079425
6,M. Pinch,0.75,FDS,8,1.0290696993332535,0.08036911326101961,21,0.01753797833595722
6,M. Pinch,0.75,FDS,9,1.0048836996855146,0.05156028210475909,21,0.011251375980873122
6,M. Pinch,0.75,FDS,10,0.9937389830497102,0.04437751213761148,21,0.009683967072591722
6,M. Pinch,0.75,FDS,11,1.013367193537002,0.04291281896837965,21,0.009364344819358883
6,M. Pinch,0.75,FDS,12,1.011180680794599,0.0438788145957903,21,0.009575142347149629
6,M. Pinch,0.75,FDS,13,1.0236289733792192,0.047383923936383486,21,0.010340019912500343
6,M. Pinch,0.75,FDS,14,1.0252859528855336,0.05507612836797242,21,0.012018596534825631
6,M. Pinch,0.75,FDS,15,1.018890497747503,0.05483603682682064,21,0.011966204265251983
6,M. Pinch,0.75,FDS,16,1.0145833490779612,0.053450718720941905,21,0.011663903070881405
6,M. Pinch,0.75,FDS,17,0.9249410748020652,0.062480771792368786,21,0.013634422200847221
6,M. Pinch,0.75,FDS,18,0.9293658999498521,0.06789796629934942,21,0.014816550957158543
6,M. Pinch,0.75,FDS,19,1.0190143992114906,0.044396380080928374,21,0.009688084395375426
6,M. Pinch,0.75,FDS,20,1.0418208424896158,0.056840419704028436,21,0.012403596467941416
6,M. Pinch,0.75,FDS,21,0.9308183127011724,0.06079675547293541,21,0.013266939712497488
6,M. Pinch,0.75,FDS,22,1.0335171514348584,0.07658358898503073,21,0.016711909215013792
6,M. Pinch,0.75,FDS,23,1.0270861417828046,0.06665189558392463,21,0.014544636034553691
6,M. Pinch,0.75,FDS,24,1.0815004203223464,0.30472368161900715,21,0.066496158907844
6,M. Pinch,0.75,FDS,25,0.9956831041852606,0.052767575815485794,21,0.011514829067323085
6,M. Pinch,0.75,FDS,26,1.024312722868597,0.05687183691821386,21,0.012410452266138051
6,M. Pinch,0.75,FDS,27,1.0602977623786056,0.07947585059751894,21,0.017343052442101516
6,M. Pinch,0.75,FDS,28,1.0596882606222215,0.07310797685460961,21,0.01595346846863467
6,M. Pinch,0.75,FDS,29,1.0574932264547547,0.0669753240260587,21,0.014615213906838502
6,M. Pinch,0.75,FDS,30,1.052752279822619,0.07727522154268747,21,0.01686283581256417
6,M. Pinch,0.75,FDS,31,1.0305255224826255,0.06364279730178936,21,0.013887996955913383
6,M. Pinch,0.75,FDS,32,1.0240973651111873,0.06726107587041821,21,0.014677570071445678
6,M. Pinch,0.75,FDS,33,0.9937683218290932,0.06287779293850329,21,0.013721059317735769
6,M. Pinch,0.75,FDS,34,1.0194155688170974,0.08230661753011652,21,0.017960776429882773
6,M. Pinch,0.75,FDS,35,1.0470559736423735,0.09443861090828931,21,0.02060819442922467
6,M. Pinch,0.75,FDS,36,1.0479987528568404,0.06526255127795846,21,0.014241456251294365
6,M. Pinch,0.75,FDS,37,1.044520009722459,0.06477872084010147,21,0.014135875793913255
6,M. Pinch,0.75,FDS,38,1.030432973986372,0.06983021760709253,21,0.01523820276093998
6,M. Pinch,0.75,FDS,39,1.0157249785060214,0.06034162997834993,21,0.013167623187276432
6,M. Pinch,0.75,FDS,40,1.0080344406020518,0.06138247102840818,21,0.01339475332529116
6,M. Pinch,0.75,FDS,41,0.9182168632247654,0.06084276242208101,21,0.013276979251876236
6,M. Pinch,0.75,FDS,42,1.0016478128472983,0.08789636453407289,21,0.01918055922803909
6,M. Pinch,0.75,FDS,43,1.0217072651040127,0.06997606159280877,21,0.015270028527806586
6,M. Pinch,0.75,FDS,44,1.0123034642468058,0.03931930513949788,21,0.008580175813086439
6,M. Pinch,0.75,FDS,45,1.0016386781461444,0.03893366037135916,21,0.00849602122540266
6,M. Pinch,0.75,FDS,46,0.9916485590895466,0.04442172918605875,21,0.009693616023616349
6,M. Pinch,0.75,FDS,47,0.9876944125492875,0.04747648338217343,21,0.010360218039482038
6,M. Pinch,0.75,FDS,48,0.9855350203177424,0.05612102443664686,21,0.012246611550447652
6,M. Pinch,0.75,FDS,49,0.9409310642261429,0.05027303462860505,21,0.010970475552415182
6,M. Pinch,0.75,FDS,50,0.9529414538229093,0.07722147360440909,21,0.016851107050868525
6,M. Pinch,0.75,FDS,51,0.9776794936400858,0.062108635498337866,21,0.013553215403883554
6,M. Pinch,0.75,FDS,52,0.974182004691276,0.02928414082098657,21,0.006390323427329391
6,M. Pinch,0.75,FDS,53,0.9705244099501532,0.031086702318976266,21,0.006783674594441333
6,M. Pinch,0.75,FDS,54,0.9697622519429552,0.052186941779397124,21,0.011388124332968607
6,M. Pinch,0.75,FDS,55,0.9734284432579547,0.055373819617335306,21,0.012083558091203319
6,M. Pinch,0.75,FDS,56,0.9869839095492766,0.07043263406972716,21,0.01536966081045954
6,M. Pinch,0.75,FDS,57,0.9193292349360501,0.047497429938571145,21,0.010364788952826857
6,M. Pinch,0.75,FDS,58,0.9453486989310097,0.06994041744941795,21,0.015262250338036574
6,M. Pinch,0.75,FDS,59,0.9513927479064606,0.060936623828036454,21,0.013297461489858418
6,M. Pinch,0.75,FDS,60,0.9456989418020039,0.03869779687209908,21,0.008444551590210446
6,M. Pinch,0.75,FDS,61,0.9458726740466119,0.047171583214859376,21,0.010293683368238164
6,M. Pinch,0.75,FDS,62,0.9461575282542669,0.056966143959937356,21,0.012431031749817351
6,M. Pinch,0.75,FDS,63,0.963978647395328,0.0711593228901017,21,0.015528237311699753
6,M. Pinch,0.75,FDS,64,0.9842668286506266,0.08547519940373016,21,0.01865221768138275
7,Tripod,0.5,EDC,1,0.915184367249199,0.10397357249944,21,0.022688893631126795
7,Tripod,0.5,EDC,2,1.0482959620905143,0.1270819641752088,21,0.027731558109360035
7,Tripod,0.5,EDC,3,0.9369159487287456,0.18058233979235822,21,0.0394062972033675
7,Tripod,0.5,EDC,4,0.9661776776650949,0.1558333955647749,21,0.03400563480845603
7,Tripod,0.5,EDC,5,0.9874619096718528,0.14198767839350512,21,0.030984251618537288
7,Tripod,0.5,EDC,6,0.9811442630141368,0.1343217800756162,21,0.029311415460843926
7,Tripod,0.5,EDC,7,0.9759240341404561,0.12323228586629052,21,0.026891489430700622
7,Tripod,0.5,EDC,8,0.9472890439373851,0.15525599963992281,21,0.033879636687903954
7,Tripod,0.5,EDC,9,0.8518050731511156,0.09821689770191888,21,0.021432684202037026
7,Tripod,0.5,EDC,10,0.9922284111292473,0.11521310656270022,21,0.02514156104164701
7,Tripod,0.5,EDC,11,0.9566768499800627,0.09062761900362251,21,0.019776567816081836
7,Tripod,0.5,EDC,12,1.0320180798004919,0.11040753820766451,21,0.02409290005382627
7,Tripod,0.5,EDC,13,1.0792261177796816,0.0780935257475551,21,0.017041404429721622
7,Tripod,0.5,EDC,14,0.8815044460354564,0.08075726373077477,21,0.017622679712561297
7,Tripod,0.5,EDC,15,0.8780010500871933,0.07606503799455983,21,0.016598752111893447
7,Tripod,0.5,EDC,16,0.9220517658825355,0.09638015396991287,21,0.02103187385993449
7,Tripod,0.5,EDC,17,1.0176372487947993,0.10408731398873014,21,0.02271371405895199
7,Tripod,0.5,EDC,18,1.0167454281131874,0.10855660229613782,21,0.023688992724250884
7,Tripod,0.5,EDC,19,0.995213191360928,0.14265566585352682,21,0.031130018432767324
7,Tripod,0.5,EDC,20,0.9609915528313299,0.13642499224148394,21,0.029770373982398256
7,Tripod,0.5,EDC,21,0.9023342630664688,0.12005796023878448,21,0.026198794789344212
7,Tripod,0.5,EDC,22,0.8767453434693928,0.0890069244736785,21,0.01942290327504044
7,Tripod,0.5,EDC,23,0.9249340592846654,0.1291688566195796,21,0.028186955375720062
7,Tripod,0.5,EDC,24,0.9268000196410543,0.14423657577178225,21,0.03147500125978218
7,Tripod,0.5,EDC,25,0.9473621538104876,0.1624093875639427,21,0.03544063390872319
7,Tripod,0.5,EDC,26,0.8814435755142892,0.1386220919150532,21,0.03024982043780273
7,Tripod,0.5,EDC,27,0.8915934672416658,0.130071583851185,21,0.02838394660765957
7,Tripod,0.5,EDC,28,0.9349662404755547,0.15798818375031326,21,0.03447584814020965
7,Tripod,0.5,EDC,29,0.9988548178745301,0.15513591015555883,21,0.03385343101398652
7,Tripod,0.5,EDC,30,1.057984462038968,0.11426420319896241,21,0.02493449335157431
7,Tripod,0.5,EDC,31,1.0571140378423052,0.08426907742928726,21,0.01838902028875255
7,Tripod,0.5,EDC,32,0.8145212595545024,0.11156087322515446,21,0.024344578388078218
7,Tripod,0.5,EDC,33,1.1502934675803504,0.16103010781306082,21,0.03513965039144053
7,Tripod,0.5,EDC,34,1.065960653988996,0.15242787057573595,21,0.033262488330202004
7,Tripod,0.5,EDC,35,0.9543282783521473,0.13890777691878278,21,0.030312162016588658
7,Tripod,0.5,EDC,36,1.2040217245352864,0.1716602931936724,21,0.03745934701801507
7,Tripod,0.5,EDC,37,1.1807842013282277,0.1822053348096079,21,0.039760463751895264
7,Tripod,0.5,EDC,38,1.096122841738382,0.2123641417795911,21,0.046341654980919536
7,Tripod,0.5,EDC,39,0.9734391816780738,0.21069471698772488,21,0.045977356624930826
7,Tripod,0.5,EDC,40,1.012547880420255,0.21362838974081982,21,0.046617536503754026
7,Tripod,0.5,EDC,41,0.8621162609565592,0.12398523960940237,21,0.027055797407967784
7,Tripod,0.5,EDC,42,0.8798218907388289,0.1252622782781288,21,0.027334470092007044
7,Tripod,0.5,EDC,43,0.9344646203162896,0.10975447293384406,21,0.023950389527586782
7,Tripod,0.5,EDC,44,1.0325353173959784,0.12604464353288922,21,0.027505196187294807
7,Tripod,0.5,EDC,45,1.1122557088273095,0.13381116398248055,21,0.02919998989427932
7,Tripod,0.5,EDC,46,1.1387877958907877,0.1213524182120955,21,0.026481268677279297
7,Tripod,0.5,EDC,47,1.107465829847743,0.14213963160099874,21,0.031017410526891137
7,Tripod,0.5,EDC,48,1.036923842713522,0.19409668840986377,21,0.04235536984659327
7,Tripod,0.5,EDC,49,0.911768699830565,0.10314701257522953,21,0.022508523468311965
7,Tripod,0.5,EDC,50,1.1131965258823613,0.21376432930210396,21,0.046647200948017054
7,Tripod,0.5,EDC,51,0.9831485256694951,0.1827621416454239,21,0.039881968964876
7,Tripod,0.5,EDC,52,0.8675716739054561,0.12358019767702821,21,0.026967410012027983
7,Tripod,0.5,EDC,53,1.2175888638430117,0.21101674592601466,21,0.04604762910043936
7,Tripod,0.5,EDC,54,1.287503378091043,0.20720671109602148,21,0.0452162113381126
7,Tripod,0.5,EDC,55,1.2511773025541373,0.19561652407656033,21,0.0426870251792852
7,Tripod,0.5,EDC,56,1.152919750821018,0.2198363108089056,21,0.04797221594198327
7,Tripod,0.5,EDC,57,0.8464381838596108,0.09293808677327979,21,0.020280753218234707
7,Tripod,0.5,EDC,58,0.9978626720222931,0.1111190754957517,21,0.024248170219656896
7,Tripod,0.5,EDC,59,1.0662401937015755,0.12092577317757773,21,0.02638816709796717
7,Tripod,0.5,EDC,60,1.090442612756701,0.0867085356236637,21,0.01892135370924828
7,Tripod,0.5,EDC,61,1.0648629269538206,0.12455750109873957,21,0.027180675102834253
7,Tripod,0.5,EDC,62,1.0006233385323509,0.15671217893699008,21,0.0341974010619153
7,Tripod,0.5,EDC,63,0.9144992539996967,0.1141987603559305,21,0.024920212552436843
7,Tripod,0.5,EDC,64,0.9351404800108302,0.1539948885776041,21,0.03360443969253149
7,Tripod,0.5,FDS,1,1.048886011650437,0.06700984516034965,21,0.014622747035932025
7,Tripod,0.5,FDS,2,1.033453972721181,0.05838775985012574,21,0.012741253770100222
7,Tripod,0.5,FDS,3,1.0273620244904966,0.06139048618324682,21,0.013396502375469962
7,Tripod,0.5,FDS,4,1.0191325981804575,0.05520036120327341,21,0.01204570636204305
7,Tripod,0.5,FDS,5,1.0170802406344157,0.042297097253521244,21,0.009229983325769995
7,Tripod,0.5,FDS,6,1.018282486560496,0.03852864452489684,21,0.008407639521875508
7,Tripod,0.5,FDS,7,1.0210004965815738,0.047874046119409014,21,0.010446973341238034
7,Tripod,0.5,FDS,8,1.0280479331526498,0.072414009698195,21,0.015802032419868807
7,Tripod,0.5,FDS,9,1.0177618724783624,0.05687369991612488,21,0.012410858805611708
7,Tripod,0.5,FDS,10,1.003783410931798,0.04837309366887946,21,0.010555874444610916
7,Tripod,0.5,FDS,11,1.0260521590890785,0.05899827757333347,21,0.012874479659610295
7,Tripod,0.5,FDS,12,1.0249334649241195,0.06411527239287165,21,0.01399109947347842
7,Tripod,0.5,FDS,13,1.0324174597201046,0.04634138541804477,21,0.010112519356538712
7,Tripod,0.5,FDS,14,1.0294138703920577,0.04997356930856784,21,0.010905126862077815
7,Tripod,0.5,FDS,15,1.0172809600313295,0.05311817721127181,21,0.011591336564225304
7,Tripod,0.5,FDS,16,1.0076623799159508,0.05329453936154104,21,0.011629821940574539
7,Tripod,0.5,FDS,17,0.9318236754875099,0.06935541455304553,21,0.01513459224020824
7,Tripod,0.5,FDS,18,0.9377249183699095,0.07166064525842802,21,0.015637634821244036
7,Tripod,0.5,FDS,19,1.0306876264832512,0.06292656723776706,21,0.013731702742418847
7,Tripod,0.5,FDS,20,1.0526193091367515,0.06038459379198171,21,0.013176998660043652
7,Tripod,0.5,FDS,21,0.9380671577383562,0.06593430705539156,21,0.014388045379799656
7,Tripod,0.5,FDS,22,1.031024790548489,0.056813642440428254,21,0.012397753189972292
7,Tripod,0.5,FDS,23,1.021377625511255,0.05714862903563891,21,0.012470853258036499
7,Tripod,0.5,FDS,24,0.9982013581695242,0.06603269155973375,21,0.014409514638769121
7,Tripod,0.5,FDS,25,1.001611992068691,0.04171363829038904,21,0.009102662141796005
7,Tripod,0.5,FDS,26,1.0309959599851024,0.05174056435387934,21,0.011290716792923141
7,Tripod,0.5,FDS,27,1.0728070056157055,0.08651997418794215,21,0.018880206230565254
7,Tripod,0.5,FDS,28,1.069612938604227,0.07405816481637104,21,0.016160816480977887
7,Tripod,0.5,FDS,29,1.059109850701393,0.056151844702119307,21,0.012253337083755561
7,Tripod,0.5,FDS,30,1.04702486595053,0.05532199396210668,21,0.012072248806059229
7,Tripod,0.5,FDS,31,1.0174651011984888,0.05003245875715056,21,0.010917977593304698
7,Tripod,0.5,FDS,32,1.0078400015770093,0.053856419179032874,21,0.011752434168913792
7,Tripod,0.5,FDS,33,0.9961012308210145,0.04551616259589176,21,0.00993244097331389
7,Tripod,0.5,FDS,34,1.0223153020852058,0.07033085929107841,21,0.015347451732983573
7,Tripod,0.5,FDS,35,1.0563212541245062,0.10166943892218959,21,0.0221860904630773
7,Tripod,0.5,FDS,36,1.0578173700407734,0.06729041185470758,21,0.014683971708045298
7,Tripod,0.5,FDS,37,1.047197905284666,0.07069555391394247,21,0.01542703462416538
7,Tripod,0.5,FDS,38,1.027118855265157,0.06862716403938605,21,0.01497567494955419
7,Tripod,0.5,FDS,39,1.0046576182353186,0.05800750802107956,21,0.012658276018207388
7,Tripod,0.5,FDS,40,0.9932724051695061,0.05302091108157289,21,0.011570111354610986
7,Tripod,0.5,FDS,41,0.9290017687244717,0.06731061688364126,21,0.014688380806831365
7,Tripod,0.5,FDS,42,1.0006818406686133,0.07516325280332255,21,0.016401966450015588
7,Tripod,0.5,FDS,43,1.024290167321917,0.06780223631271524,21,0.014795660961442912
7,Tripod,0.5,FDS,44,1.015203732487226,0.037920538229369666,21,0.008274939849026343
7,Tripod,0.5,FDS,45,1.0041070852671097,0.045453839535726,21,0.009918840966611468
7,Tripod,0.5,FDS,46,0.9866322544507553,0.05160610152389788,21,0.011261374597849427
7,Tripod,0.5,FDS,47,0.9762830830820319,0.05441023671091766,21,0.011873287062297393
7,Tripod,0.5,FDS,48,0.9712022748813245,0.05104676494978825,21,0.011139317350715395
7,Tripod,0.5,FDS,49,0.9419596547683631,0.04263137598185438,21,0.009302928924617622
7,Tripod,0.5,FDS,50,0.9538996162222001,0.0698616629471724,21,0.015245064696709963
7,Tripod,0.5,FDS,51,0.9784944035610565,0.05661807869175355,21,0.012355077681329856
7,Tripod,0.5,FDS,52,0.9718452086289113,0.029528968074457755,21,0.006443749114054146
7,Tripod,0.5,FDS,53,0.9650869622634817,0.036596919347107286,21,0.007986102529062525
7,Tripod,0.5,FDS,54,0.9629017709586253,0.05319480389203141,21,0.011608057876836452
7,Tripod,0.5,FDS,55,0.9631881855340303,0.06020292443125384,21,0.013137355155425096
7,Tripod,0.5,FDS,56,0.9752594045848333,0.06769647040182086,21,0.014772580947508652
7,Tripod,0.5,FDS,57,0.926518355125318,0.06841940126529882,21,0.014930337395323295
7,Tripod,0.5,FDS,58,0.9456637932872379,0.06611599092148843,21,0.014427692049749231
7,Tripod,0.5,FDS,59,0.9500672787661363,0.05284226042924414,21,0.011531126586170523
7,Tripod,0.5,FDS,60,0.9394979988293335,0.04173297002630619,21,0.009106880672422444
7,Tripod,0.5,FDS,61,0.9353585376335807,0.049923719009455435,21,0.010894248634977873
7,Tripod,0.5,FDS,62,0.9338357600497081,0.05871046801286622,21,0.012811674464535383
7,Tripod,0.5,FDS,63,0.9518000441114287,0.07861456376106055,21,0.017155104245761537
7,Tripod,0.5,FDS,64,0.9718733591654553,0.0810521828617692,21,0.017687036343117135
7,Tripod,0.75,EDC,1,0.9133142207392515,0.10633910710944043,21,0.02320509560300131
7,Tripod,0.75,EDC,2,1.0501943502115314,0.12335092078147909,21,0.026917377691601397
7,Tripod,0.75,EDC,3,0.949371297919574,0.18403692238140146,21,0.040160148927594515
7,Tripod,0.75,EDC,4,0.9763339576329327,0.15227585203008462,21,0.03322931516389322
7,Tripod,0.75,EDC,5,0.9980665776579857,0.13509157850072603,21,0.029479399249078383
7,Tripod,0.75,EDC,6,0.9925495843439661,0.13442777669001754,21,0.029334545818410745
7,Tripod,0.75,EDC,7,0.9810808092788244,0.11798282904210539,21,0.025745964037642007
7,Tripod,0.75,EDC,8,0.9480646213632601,0.14415764192002242,21,0.03145777648118295
7,Tripod,0.75,EDC,9,0.852978963248457,0.09774688152379399,21,0.021330118263269828
7,Tripod,0.75,EDC,10,0.9900086265208115,0.11890531094253647,21,0.025947266091734967
7,Tripod,0.75,EDC,11,0.9677476144718076,0.08232005485567721,21,0.017963708694717043
7,Tripod,0.75,EDC,12,1.0385152196810208,0.09774846138991923,21,0.021330463018322535
7,Tripod,0.75,EDC,13,1.083831186383787,0.0749184666258879,21,0.016348549726816864
7,Tripod,0.75,EDC,14,0.8892207331198864,0.07949989669555746,21,0.017348299730883893
7,Tripod,0.75,EDC,15,0.8833940938401454,0.07643597915826303,21,0.016679698110038443
7,Tripod,0.75,EDC,16,0.9294985041173186,0.0940555958637613,21,0.020524613694279124
7,Tripod,0.75,EDC,17,1.009399367938294,0.09815384504587557,21,0.02141892498446148
7,Tripod,0.75,EDC,18,1.0186957161381507,0.11310027645671404,21,0.02468050371349162
7,Tripod,0.75,EDC,19,0.9959180951168556,0.13775165469973957,21,0.030059875465094095
7,Tripod,0.75,EDC,20,0.9641035435933794,0.1290604233823467,21,0.028163293303459635
7,Tripod,0.75,EDC,21,0.9106364484115383,0.11811888626018127,21,0.025775654156721905
7,Tripod,0.75,EDC,22,0.8850657536971673,0.09385170283124987,21,0.02048012058689066
7,Tripod,0.75,EDC,23,0.9195685586287804,0.13014215915581184,21,0.028399347401738002
7,Tripod,0.75,EDC,24,0.931979033837848,0.14011490477665003,21,0.030575578910977542
7,Tripod,0.75,EDC,25,0.9391716928605065,0.14395692456541126,21,0.03141397636352595
7,Tripod,0.75,EDC,26,0.880587762732574,0.12098769101167121,21,0.02640167867709103
7,Tripod,0.75,EDC,27,0.8864001191486307,0.1236521016188447,21,0.02698310073851083
7,Tripod,0.75,EDC,28,0.9292219559649924,0.15081971219982623,21,0.032911559402245646
7,Tripod,0.75,EDC,29,0.993628840968101,0.15210847239848435,21,0.033192789933816934
7,Tripod,0.75,EDC,30,1.0553826551449295,0.1114628385770704,21,0.024323185474003285
7,Tripod,0.75,EDC,31,1.0583678152359126,0.08543236438109382,21,0.01864287031311484
7,Tripod,0.75,EDC,32,0.7985216883871876,0.12375595695036963,21,0.027005763829845958
7,Tripod,0.75,EDC,33,1.1380850565366907,0.15437160859099583,21,0.033686646739063505
7,Tripod,0.75,EDC,34,1.0505961610647294,0.1506206019579625,21,0.032868109985341766
7,Tripod,0.75,EDC,35,0.9379160979748872,0.12678110252492708,21,0.027665904714782634
7,Tripod,0.75,EDC,36,1.198194518002557,0.1591322867123877,21,0.034725511874806284
7,Tripod,0.75,EDC,37,1.1816702123355531,0.17461758729812873,21,0.03810468149829688
7,Tripod,0.75,EDC,38,1.1091455745866636,0.2117041437569691,21,0.04619763160486304
7,Tripod,0.75,EDC,39,0.9890260997149173,0.21196327157120962,21,0.046254177929788066
7,Tripod,0.75,EDC,40,1.0338731250126454,0.2348893212022929,21,0.05125705211172871
7,Tripod,0.75,EDC,41,0.8426795676451595,0.09365348762178712,21,0.02043686648206901
7,Tripod,0.75,EDC,42,0.8524147671025856,0.07924201350818215,21,0.01729202500580752
7,Tripod,0.75,EDC,43,0.9159037148614456,0.09682717367493465,21,0.021129421556858263
7,Tripod,0.75,EDC,44,1.016027329805085,0.12898100364451223,21,0.028145962495826304
7,Tripod,0.75,EDC,45,1.0982704996637063,0.12821264296232676,21,0.027978292448819504
7,Tripod,0.75,EDC,46,1.1337269843853899,0.11720482085095699,21,0.025576188731583283
7,Tripod,0.75,EDC,47,1.1078568121687813,0.13638858679476776,21,0.029762429662622752
7,Tripod,0.75,EDC,48,1.047830971458419,0.1914828736158421,21,0.04178498869677423
7,Tripod,0.75,EDC,49,0.9056610550663092,0.10383664828931313,21,0.02265901431887068
7,Tripod,0.75,EDC,50,1.1024737720708007,0.19876490956809315,21,0.0433740592188971
7,Tripod,0.75,EDC,51,0.9715485783355389,0.17380531640456034,21,0.037927429457602274
7,Tripod,0.75,EDC,52,0.8588877526132993,0.1257494485920929,21,0.027440779370105892
7,Tripod,0.75,EDC,53,1.2133563646518575,0.1896573666113219,21,0.04138663040963681
7,Tripod,0.75,EDC,54,1.2873818205070147,0.17732813637819925,21,0.03869617179993097
7,Tripod,0.75,EDC,55,1.2700960425460983,0.18384991520523414,21,0.04011934061615229
7,Tripod,0.75,EDC,56,1.1746453900854228,0.2250584944173042,21,0.049111789831432995
7,Tripod,0.75,EDC,57,0.8420979671695928,0.09024470083952014,21,0.019693008222178378
7,Tripod,0.75,EDC,58,0.991112797632599,0.11288060437209561,21,0.024632567334642443
7,Tripod,0.75,EDC,59,1.0634458673100897,0.11084335143558705,21,0.024188002296960463
7,Tripod,0.75,EDC,60,1.0912460295939121,0.07447471821360269,21,0.016251715884492413
7,Tripod,0.75,EDC,61,1.0705315528756398,0.11037952944572117,21,0.02408678804088687
7,Tripod,0.75,EDC,62,1.0106448491853863,0.13811499599837496,21,0.030139163036717913
7,Tripod,0.75,EDC,63,0.9245625003676698,0.1077134101591103,21,0.02350499311504516
7,Tripod,0.75,EDC,64,0.9482707593341447,0.15713541598176609,21,0.03428975895689604
7,Tripod,0.75,FDS,1,1.0378586515268917,0.06824521312141128,21,0.014892326426060035
7,Tripod,0.75,FDS,2,1.0197064547460049,0.06274393967942109,21,0.013691850141937639
7,Tripod,0.75,FDS,3,1.020433879546695,0.0727684115051999,21,0.015879369234489238
7,Tripod,0.75,FDS,4,1.0146831111046235,0.060542970654926066,21,0.013211559324937564
7,Tripod,0.75,FDS,5,1.0125816744979097,0.04191662119117217,21,0.009146956642158881
7,Tripod,0.75,FDS,6,1.0170535383250088,0.03963947393880239,21,0.00865004237299006
7,Tripod,0.75,FDS,7,1.0204023304674035,0.048027647569805716,21,0.01048049192568079
7,Tripod,0.75,FDS,8,1.0270020620607947,0.07226267230769971,21,0.015769007893801104
7,Tripod,0.75,FDS,9,1.006673912717827,0.059235006418429575,21,0.01292613812874517
7,Tripod,0.75,FDS,10,0.9982193909881228,0.05564587357903634,21,0.01214292513275606
7,Tripod,0.75,FDS,11,1.0249679380293377,0.06733264028660574,21,0.01469318670736209
7,Tripod,0.75,FDS,12,1.0280147944534104,0.07047785328278372,21,0.015379528451730873
7,Tripod,0.75,FDS,13,1.0356127495047336,0.05358080943500629,21,0.011692291192043828
7,Tripod,0.75,FDS,14,1.033411362661934,0.056872230246075184,21,0.01241053809731412
7,Tripod,0.75,FDS,15,1.0214818818973368,0.05626870258308464,21,0.012278837563997265
7,Tripod,0.75,FDS,16,1.012020009432685,0.05218363783945676,21,0.011387403354165354
7,Tripod,0.75,FDS,17,0.9149345555532039,0.07681864662391598,21,0.016763202997055183
7,Tripod,0.75,FDS,18,0.9192173597251001,0.07981518232107578,21,0.017417100694906235
7,Tripod,0.75,FDS,19,1.0333040660095858,0.06479237120665705,21,0.014138854548103963
7,Tripod,0.75,FDS,20,1.061640144400491,0.06821131529727457,21,0.014884929314393332
7,Tripod,0.75,FDS,21,0.9204565555179534,0.07254094601114805,21,0.015829732194275754
7,Tripod,0.75,FDS,22,1.041447989540487,0.07895755461072568,21,0.017229950985345712
7,Tripod,0.75,FDS,23,1.030078309837889,0.06493876138535105,21,0.014170799504049838
7,Tripod,0.75,FDS,24,1.0100706365063707,0.05439697887103081,21,0.011870393964448198
7,Tripod,0.75,FDS,25,0.99485636783764,0.051110494374084825,21,0.01115322425123135
7,Tripod,0.75,FDS,26,1.0283947581905322,0.05334372797543251,21,0.011640555776121568
7,Tripod,0.75,FDS,27,1.0750289373314192,0.08585597179763471,21,0.01873530902984071
7,Tripod,0.75,FDS,28,1.0777890794479914,0.07470868996509943,21,0.01630277270647885
7,Tripod,0.75,FDS,29,1.0723640546779976,0.07342333157872173,21,0.016022284511206374
7,Tripod,0.75,FDS,30,1.0603814921029087,0.08066005325086659,21,0.017601466646726904
7,Tripod,0.75,FDS,31,1.0304433994985795,0.06336674195239797,21,0.013827756739980834
7,Tripod,0.75,FDS,32,1.0200144167907776,0.06365634819507511,21,0.013890954003257013
7,Tripod,0.75,FDS,33,0.9892669669255043,0.056404560324699635,21,0.012308484153744716
7,Tripod,0.75,FDS,34,1.0185184169885075,0.06826156995337572,21,0.014895895779422259
7,Tripod,0.75,FDS,35,1.0563127780902852,0.09160795884384743,21,0.019990495507730004
7,Tripod,0.75,FDS,36,1.0590216346836252,0.06279153291911534,21,0.013702235838293213
7,Tripod,0.75,FDS,37,1.0518296855121272,0.07149477637951371,21,0.015601439264431544
7,Tripod,0.75,FDS,38,1.0322525974697931,0.06881119692250054,21,0.01501583421704148
7,Tripod,0.75,FDS,39,1.0125896334977142,0.05835324892810574,21,0.012733722869506919
7,Tripod,0.75,FDS,40,1.0022374175742061,0.058558273444605846,21,0.012778462886944227
7,Tripod,0.75,FDS,41,0.9097432353318018,0.07448070659492846,21,0.016253022656431252
7,Tripod,0.75,FDS,42,0.9956719803513963,0.07586170191574461,21,0.016554380541765532
7,Tripod,0.75,FDS,43,1.025699023053028,0.06331813463713123,21,0.013817149754193292
7,Tripod,0.75,FDS,44,1.0145088031315475,0.04162275631634722,21,0.009082830069160117
7,Tripod,0.75,FDS,45,1.0015075426460225,0.03943919957957994,21,0.008606338924852172
7,Tripod,0.75,FDS,46,0.9886390958834967,0.045317218148154134,21,0.009889027735654421
7,Tripod,0.75,FDS,47,0.9814891313705167,0.044053497219081285,21,0.009613261220665076
7,Tripod,0.75,FDS,48,0.9790134631706537,0.049049439889647065,21,0.01070346528997591
7,Tripod,0.75,FDS,49,0.9329886939663558,0.05187150625025982,21,0.01131929065729479
7,Tripod,0.75,FDS,50,0.9470500119545748,0.07208545992989653,21,0.01573033698259319
7,Tripod,0.75,FDS,51,0.9742461786811522,0.060234321556074936,21,0.01314420656976303
7,Tripod,0.75,FDS,52,0.9747146494046861,0.029567804754124884,21,0.006452223972354878
7,Tripod,0.75,FDS,53,0.9692363392613114,0.037550807838536274,21,0.00819425806318255
7,Tripod,0.75,FDS,54,0.9655488966186427,0.0553697209387486,21,0.012082663686209371
7,Tripod,0.75,FDS,55,0.9677999085323409,0.05140457807270466,21,0.011217398575496968
7,Tripod,0.75,FDS,56,0.9808669759892729,0.06288124430685671,21,0.01372181246805628
7,Tripod,0.75,FDS,57,0.9094772462474313,0.04786219772596019,21,0.010444387809816946
7,Tripod,0.75,FDS,58,0.9367326628785885,0.06429784985104316,21,0.014030941141205256
7,Tripod,0.75,FDS,59,0.9450027127650106,0.05667664702109205,21,0.01236785833859275
7,Tripod,0.75,FDS,60,0.9407543102723552,0.043469659343122774,21,0.009485857351133546
7,Tripod,0.75,FDS,61,0.9401810451219045,0.0530803917983681,21,0.01158309111113976
7,Tripod,0.75,FDS,62,0.9401981922808915,0.06105899280251171,21,0.01332416458929875
7,Tripod,0.75,FDS,63,0.9582605283378856,0.06517095690278657,21,0.01422146871998687
7,Tripod,0.75,FDS,64,0.9780943770777236,0.07493710892483872,21,0.016352617809963062
8,5-Finger,0.5,EDC,1,0.9063097744228278,0.10151278340682118,21,0.022151905427019773
8,5-Finger,0.5,EDC,2,1.0714274763127403,0.14164188987205398,21,0.030908794376918396
8,5-Finger,0.5,EDC,3,0.9183301815364404,0.13806801119979775,21,0.030128910113099233
8,5-Finger,0.5,EDC,4,0.9502353023919324,0.1333260856711369,21,0.02909413712857867
8,5-Finger,0.5,EDC,5,0.9847623572399038,0.1307471936642731,21,0.028531376755694386
8,5-Finger,0.5,EDC,6,0.9960440514641995,0.16249091353863593,21,0.035458424334920184
8,5-Finger,0.5,EDC,7,0.9904342145736654,0.1525432434006708,21,0.03328766474464985
8,5-Finger,0.5,EDC,8,0.9488183449163676,0.1586246409495167,21,0.034614734487445335
8,5-Finger,0.5,EDC,9,0.8400922015071134,0.08650951788559434,21,0.018877924478327247
8,5-Finger,0.5,EDC,10,0.9923222700538403,0.12504402876920515,21,0.02728684414462468
8,5-Finger,0.5,EDC,11,1.0065659155506157,0.11631763425337399,21,0.025382588744013074
8,5-Finger,0.5,EDC,12,1.0901595991485595,0.14384726261831837,21,0.03139004616479217
8,5-Finger,0.5,EDC,13,1.1293339867345693,0.10542668330505364,21,0.02300598840540693
8,5-Finger,0.5,EDC,14,0.9165761698619771,0.09303500404883991,21,0.020301902301634856
8,5-Finger,0.5,EDC,15,0.8975477168115324,0.08456608273675026,21,0.01845383216033602
8,5-Finger,0.5,EDC,16,0.9529058544431124,0.11689280941667463,21,0.02550810225466468
8,5-Finger,0.5,EDC,17,1.0226227221612345,0.13293457090135277,21,0.029008701601520148
8,5-Finger,0.5,EDC,18,1.0216642564218732,0.14227140170052718,21,0.031046165120006422
8,5-Finger,0.5,EDC,19,0.9853773157017651,0.155440054632904,21,0.03391980078015971
8,5-Finger,0.5,EDC,20,0.9787750020324187,0.1547262373681306,21,0.03376403308262683
8,5-Finger,0.5,EDC,21,0.9144006484578808,0.12989634474580103,21,0.028345706299795836
8,5-Finger,0.5,EDC,22,0.8834725575528016,0.09097873739199616,21,0.019853188130015794
8,5-Finger,0.5,EDC,23,0.9153305162578572,0.1116733068269672,21,0.02436911341145743
8,5-Finger,0.5,EDC,24,0.9205539371772721,0.13392001079290958,21,0.029223742215610058
8,5-Finger,0.5,EDC,25,0.9181250902055244,0.1452578403339188,21,0.031697859457904404
8,5-Finger,0.5,EDC,26,0.8631143658112658,0.11208184142085849,21,0.024458262968624803
8,5-Finger,0.5,EDC,27,0.8676240189159782,0.10582295585463909,21,0.023092462165135903
8,5-Finger,0.5,EDC,28,0.9107360914951363,0.1427066439315902,21,0.031141142761410598
8,5-Finger,0.5,EDC,29,0.9905418355332788,0.17097144634287956,21,0.03730902831153935
8,5-Finger,0.5,EDC,30,1.066855170670814,0.12305872786182227,21,0.02685361596913199
8,5-Finger,0.5,EDC,31,1.0856089174392196,0.11780089059822614,21,0.02570626181426586
8,5-Finger,0.5,EDC,32,0.8200862647882425,0.10809538413344062,21,0.02358834666984858
8,5-Finger,0.5,EDC,33,1.104191221802399,0.13700928298415974,21,0.029897876675549388
8,5-Finger,0.5,EDC,34,0.9982345508653616,0.11029291632638434,21,0.02406788750871843
8,5-Finger,0.5,EDC,35,0.9031085860288826,0.096805402184581,21,0.021124670628165997
8,5-Finger,0.5,EDC,36,1.1919928237347992,0.1749198453126158,21,0.038170639604525165
8,5-Finger,0.5,EDC,37,1.1962756391022016,0.16493527572653635,21,0.03599182789453645
8,5-Finger,0.5,EDC,38,1.1295157492038308,0.1865355745372145,21,0.04070539952946965
8,5-Finger,0.5,EDC,39,1.003813240427487,0.20172345331427355,21,0.04401966639335948
8,5-Finger,0.5,EDC,40,1.0361231290537374,0.20858981039371538,21,0.04551802834884225
8,5-Finger,0.5,EDC,41,0.8259595470397701,0.08107997572526789,21,0.017693101243153434
8,5-Finger,0.5,EDC,42,0.8423657874620626,0.07085519781136546,21,0.015461871778650075
8,5-Finger,0.5,EDC,43,0.9013316939631307,0.08448350518864478,21,0.01843581226200758
8,5-Finger,0.5,EDC,44,0.9927783375012228,0.11215683135967904,21,0.02447462711486315
8,5-Finger,0.5,EDC,45,1.096908905874853,0.12378193165359706,21,0.027011431974783756
8,5-Finger,0.5,EDC,46,1.1588937868713338,0.12929613768711426,21,0.02821473038174446
8,5-Finger,0.5,EDC,47,1.150067755390507,0.1433427065893539,21,0.031279943012645695
8,5-Finger,0.5,EDC,48,1.0841014858700584,0.18191287152207306,21,0.039696643030317925
8,5-Finger,0.5,EDC,49,0.9051515328924699,0.09907981312227779,21,0.021620987784519853
8,5-Finger,0.5,EDC,50,1.0247707214717783,0.15410258068319047,21,0.033627940036607615
8,5-Finger,0.5,EDC,51,0.9139199316568674,0.1353940722643472,21,0.029545408799985337
8,5-Finger,0.5,EDC,52,0.8303603182691475,0.10251361940002868,21,0.02237030574592976
8,5-Finger,0.5,EDC,53,1.1350202031239678,0.16087533585188316,21,0.03510587638060465
8,5-Finger,0.5,EDC,54,1.2324137145530472,0.191911600772447,21,0.04187854463237543
8,5-Finger,0.5,EDC,55,1.241473273859216,0.17453743717280037,21,0.03808719130704557
8,5-Finger,0.5,EDC,56,1.1677566205454117,0.19543059389960096,21,0.042646451888337926
8,5-Finger,0.5,EDC,57,0.836640333644583,0.07783299841669325,21,0.016984552705232137
8,5-Finger,0.5,EDC,58,0.9965949225587507,0.1176301619237065,21,0.025669005763109397
8,5-Finger,0.5,EDC,59,1.0829569714675256,0.1257610067749193,21,0.027443301572377236
8,5-Finger,0.5,EDC,60,1.1403263597479878,0.10756521732507741,21,0.02347265478745441
8,5-Finger,0.5,EDC,61,1.130971375302415,0.14426817959844146,21,0.031481897780159133
8,5-Finger,0.5,EDC,62,1.0534172903178873,0.15142089549999535,21,0.03304274835365366
8,5-Finger,0.5,EDC,63,0.9583567857922232,0.12144795428080969,21,0.02650211635663555
8,5-Finger,0.5,EDC,64,0.9774532770131242,0.1593124239128776,21,0.03476482103465021
8,5-Finger,0.5,FDS,1,1.0458397579669354,0.07772297598221181,21,0.01696054384170097
8,5-Finger,0.5,FDS,2,1.0282154011963807,0.06333912307678136,21,0.013821729807213086
8,5-Finger,0.5,FDS,3,1.021163372512559,0.05960488641986383,21,0.013006852562298638
8,5-Finger,0.5,FDS,4,1.0155734139321015,0.048405829633298966,21,0.010563018017701382
8,5-Finger,0.5,FDS,5,1.0177773171763587,0.0392620772480732,21,0.008567687663357092
8,5-Finger,0.5,FDS,6,1.0274917610519243,0.0491268716103903,21,0.010720362276713842
8,5-Finger,0.5,FDS,7,1.03461785728013,0.05645419017684106,21,0.012319314275371742
8,5-Finger,0.5,FDS,8,1.032515539132815,0.0611210231327073,21,0.013337700717084674
8,5-Finger,0.5,FDS,9,1.0102649969019193,0.06684659649685946,21,0.014587123257001351
8,5-Finger,0.5,FDS,10,0.9968123267686548,0.06069377574521387,21,0.013244467693577016
8,5-Finger,0.5,FDS,11,1.0155125250652512,0.057066621374340445,21,0.01245295771920476
8,5-Finger,0.5,FDS,12,1.0187989820049868,0.05591713525364362,21,0.012202119283090744
8,5-Finger,0.5,FDS,13,1.0384855926626357,0.07142671333641952,21,0.015586586690764489
8,5-Finger,0.5,FDS,14,1.0463518018094171,0.10011616561606654,21,0.021847138439255242
8,5-Finger,0.5,FDS,15,1.034511701444937,0.08375444012218677,21,0.01827671722136035
8,5-Finger,0.5,FDS,16,1.0126644316851714,0.04997009698705863,21,0.010904369139403854
8,5-Finger,0.5,FDS,17,0.9315107853754852,0.07081314797892196,21,0.01545269575292948
8,5-Finger,0.5,FDS,18,0.9366006281020538,0.07478540673826924,21,0.016319513678865683
8,5-Finger,0.5,FDS,19,1.015372873191882,0.05818559791903414,21,0.012697138420011378
8,5-Finger,0.5,FDS,20,1.0465159877766896,0.06635647406941896,21,0.01448016977492794
8,5-Finger,0.5,FDS,21,0.9381956943569656,0.06979700267507305,21,0.015230954668550359
8,5-Finger,0.5,FDS,22,1.0591129989383683,0.14482272928863904,21,0.031602910443585076
8,5-Finger,0.5,FDS,23,1.0393589898135216,0.11003554144402536,21,0.02401172370489032
8,5-Finger,0.5,FDS,24,1.0035066026597383,0.06483625457025816,21,0.014148430683125454
8,5-Finger,0.5,FDS,25,0.9879556667795883,0.061512866929562315,21,0.013423208043736435
8,5-Finger,0.5,FDS,26,1.0109325884807032,0.061351534327702975,21,0.013388002383732407
8,5-Finger,0.5,FDS,27,1.051959219836371,0.0785351254184596,21,0.017137769378235312
8,5-Finger,0.5,FDS,28,1.0658740091015129,0.10106595315000248,21,0.02205439907108319
8,5-Finger,0.5,FDS,29,1.077874976418395,0.12458315384756938,21,0.02718627299156265
8,5-Finger,0.5,FDS,30,1.080140449979301,0.1447348542492844,21,0.0315837345378927
8,5-Finger,0.5,FDS,31,1.0372901546343485,0.09571888601204764,21,0.02088757336128848
8,5-Finger,0.5,FDS,32,1.0115088053184318,0.06111119943885735,21,0.013335557011338412
8,5-Finger,0.5,FDS,33,0.9807751959915935,0.06715629955383878,21,0.014654706004695017
8,5-Finger,0.5,FDS,34,1.0022943768333699,0.07840515462379506,21,0.017109407425631322
8,5-Finger,0.5,FDS,35,1.0363934160789265,0.09380259634916333,21,0.020469404673972822
8,5-Finger,0.5,FDS,36,1.0505230985548135,0.08882209498008249,21,0.01938257017289453
8,5-Finger,0.5,FDS,37,1.0631046790355565,0.12170363237654964,21,0.02655790989126748
8,5-Finger,0.5,FDS,38,1.0534944556356411,0.1188612262078807,21,0.025937646013946773
8,5-Finger,0.5,FDS,39,1.0188095054843003,0.07320654450956895,21,0.01597497769434541
8,5-Finger,0.5,FDS,40,0.9978699044118274,0.06140352779142547,21,0.013399348287691992
8,5-Finger,0.5,FDS,41,0.9285622446594927,0.0698142704357622,21,0.015234722802857044
8,5-Finger,0.5,FDS,42,0.9887586812981055,0.09171796373635915,21,0.020014500543289553
8,5-Finger,0.5,FDS,43,1.0093619009623627,0.07951270972766705,21,0.017351095763718374
8,5-Finger,0.5,FDS,44,1.0058705693045713,0.050816330470965655,21,0.0110890324249091
8,5-Finger,0.5,FDS,45,1.0072668379707497,0.06993878486579444,21,0.015261894079082617
8,5-Finger,0.5,FDS,46,0.9969763097548681,0.06523418645825033,21,0.014235266540180732
8,5-Finger,0.5,FDS,47,0.9853351195159067,0.05586423393357328,21,0.012190575268634296
8,5-Finger,0.5,FDS,48,0.9759788969735645,0.05907375610027988,21,0.01289095042451866
8,5-Finger,0.5,FDS,49,0.9288088592426063,0.06994487607671321,21,0.015263223290278292
8,5-Finger,0.5,FDS,50,0.9416177050072614,0.09343272454297052,21,0.020388692028767655
8,5-Finger,0.5,FDS,51,0.9689445612083906,0.08052717993435765,21,0.017572471311929665
8,5-Finger,0.5,FDS,52,0.9662625230386103,0.04243853619811204,21,0.009260847833855803
8,5-Finger,0.5,FDS,53,0.9676561198196338,0.047502181117972116,21,0.010365825745171869
8,5-Finger,0.5,FDS,54,0.9661444913624735,0.06332213693937663,21,0.01381802312814537
8,5-Finger,0.5,FDS,55,0.9697128169969893,0.06897667049019805,21,0.015051943509874254
8,5-Finger,0.5,FDS,56,0.9806918682468203,0.08289612027094388,21,0.018089416474274457
8,5-Finger,0.5,FDS,57,0.9003117024887801,0.06371717297358778,21,0.01390422705809812
8,5-Finger,0.5,FDS,58,0.9315148028839224,0.08933033616796623,21,0.01949347749264556
8,5-Finger,0.5,FDS,59,0.9418253134833175,0.07504696068874087,21,0.01637658943012049
8,5-Finger,0.5,FDS,60,0.935323245148796,0.049016914867663186,21,0.010696367748298708
8,5-Finger,0.5,FDS,61,0.938934960322924,0.05155250777021147,21,0.011249679481990151
8,5-Finger,0.5,FDS,62,0.9381206047169448,0.06408462527407977,21,0.013984411723873841
8,5-Finger,0.5,FDS,63,0.9559288566993095,0.09084765677460382,21,0.01982458399423761
8,5-Finger,0.5,FDS,64,0.9765191675120362,0.09829623386207986,21,0.021449996771526782
8,5-Finger,0.75,EDC,1,0.9022072826897366,0.09498968170119224,21,0.020728447935022622
8,5-Finger,0.75,EDC,2,1.0714480203074381,0.15194364998163404,21,0.033156822733748266
8,5-Finger,0.75,EDC,3,0.9258594942638825,0.1385376855827832,21,0.030231401466052212
8,5-Finger,0.75,EDC,4,0.9520694555053292,0.13725880829677606,21,0.029952327562829
8,5-Finger,0.75,EDC,5,0.9889266299060795,0.13126915636365757,21,0.028645278354735952
8,5-Finger,0.75,EDC,6,1.0022479013800065,0.16234590948851654,21,0.03542678185702746
8,5-Finger,0.75,EDC,7,0.9906142226928034,0.15658642995358035,21,0.03416996038405631
8,5-Finger,0.75,EDC,8,0.9434485073767329,0.16196784831615485,21,0.035344282145614546
8,5-Finger,0.75,EDC,9,0.8380648423724117,0.08495499797833705,21,0.01853870042383571
8,5-Finger,0.75,EDC,10,0.9871987937138984,0.12227404806035924,21,0.02668238479834593
8,5-Finger,0.75,EDC,11,1.0043602371584817,0.10826635328199075,21,0.02362565519674063
8,5-Finger,0.75,EDC,12,1.0822228047592102,0.12958104377834354,21,0.028276901987887893
8,5-Finger,0.75,EDC,13,1.1260349995169276,0.10892104236146591,21,0.023768520066424246
8,5-Finger,0.75,EDC,14,0.9172079895093556,0.10025945299032368,21,0.021878406307763092
8,5-Finger,0.75,EDC,15,0.8954071656800072,0.09127258613009458,21,0.01991731118169214
8,5-Finger,0.75,EDC,16,0.948971369365285,0.12180145055899662,21,0.02657925556866778
8,5-Finger,0.75,EDC,17,1.0187443954924984,0.13422296821742807,21,0.029289852945619813
8,5-Finger,0.75,EDC,18,1.022473403562157,0.13926932321179533,21,0.0303910578858725
8,5-Finger,0.75,EDC,19,0.9826372550349464,0.1508002834397027,21,0.03290731969920158
8,5-Finger,0.75,EDC,20,0.9712242907283152,0.15967954152939665,21,0.03484493266639547
8,5-Finger,0.75,EDC,21,0.9101189204736609,0.1367260772129675,21,0.029836076109657165
8,5-Finger,0.75,EDC,22,0.8815204683140381,0.09649139175596688,21,0.02105614793492172
8,5-Finger,0.75,EDC,23,0.8972322631955174,0.10190897351430808,21,0.022238361196407937
8,5-Finger,0.75,EDC,24,0.9140929714712119,0.13144733459967534,21,0.028684160033485718
8,5-Finger,0.75,EDC,25,0.9176767558690878,0.14339703942599297,21,0.031291799409627605
8,5-Finger,0.75,EDC,26,0.8660094570454284,0.10654078939193334,21,0.02324910628518489
8,5-Finger,0.75,EDC,27,0.8630202161292682,0.10146692800150128,21,0.02214189895721495
8,5-Finger,0.75,EDC,28,0.9066070669251797,0.13535545863172796,21,0.02953698261454082
8,5-Finger,0.75,EDC,29,0.9856612417684193,0.168448849780437,21,0.036758552611766575
8,5-Finger,0.75,EDC,30,1.0683924629231973,0.1375542219735521,21,0.030016792112121927
8,5-Finger,0.75,EDC,31,1.0801260055477573,0.11785573964599835,21,0.025718230857752166
8,5-Finger,0.75,EDC,32,0.8110230220104493,0.11005454566785122,21,0.02401587076651917
8,5-Finger,0.75,EDC,33,1.116288362638222,0.15139010104465975,21,0.03303602845257936
8,5-Finger,0.75,EDC,34,0.9994957289739849,0.11515931058044554,21,0.02512982179589622
8,5-Finger,0.75,EDC,35,0.8984409546132358,0.09482955733429832,21,0.020693505933503657
8,5-Finger,0.75,EDC,36,1.2057328277382675,0.18276421119292638,21,0.03988242057716574
8,5-Finger,0.75,EDC,37,1.205503364245722,0.15357738888913067,21,0.03351333379133863
8,5-Finger,0.75,EDC,38,1.1398410448516119,0.17627818483908425,21,0.03846705359021527
8,5-Finger,0.75,EDC,39,1.0152129604272648,0.20196141113626145,21,0.04407159304723883
8,5-Finger,0.75,EDC,40,1.046696697039367,0.22076859264174728,21,0.04817565651665132
8,5-Finger,0.75,EDC,41,0.8229286990322409,0.0790712234603981,21,0.01725475556190678
8,5-Finger,0.75,EDC,42,0.8580134144835405,0.11715852592594311,21,0.025566086350718123
8,5-Finger,0.75,EDC,43,0.8926187624254643,0.08249291970355643,21,0.018001430897117213
8,5-Finger,0.75,EDC,44,0.9862443770200496,0.10619927232642656,21,0.023174581151670415
8,5-Finger,0.75,EDC,45,1.0978789733431473,0.13373340633433342,21,0.02918302178435094
8,5-Finger,0.75,EDC,46,1.1634343898373736,0.1231201001070555,21,0.02686700849100583
8,5-Finger,0.75,EDC,47,1.1565545199956244,0.1278724620061727,21,0.0279040588782691
8,5-Finger,0.75,EDC,48,1.0937714837321066,0.17047178176074312,21,0.037199992560599894
8,5-Finger,0.75,EDC,49,0.8942033314395841,0.08677938478485879,21,0.018936814263729264
8,5-Finger,0.75,EDC,50,1.0222803693482183,0.1426668265777377,21,0.031132453902458123
8,5-Finger,0.75,EDC,51,0.9059903267341493,0.11722620519533403,21,0.02558085517809732
8,5-Finger,0.75,EDC,52,0.8219797182622246,0.09390727229000445,21,0.02049224683694164
8,5-Finger,0.75,EDC,53,1.152730799766188,0.1755491735889515,21,0.038307970293252995
8,5-Finger,0.75,EDC,54,1.2521049265380642,0.20548087117810881,21,0.04483960219234064
8,5-Finger,0.75,EDC,55,1.2525295764702176,0.16952440438401845,21,0.03699325786819373
8,5-Finger,0.75,EDC,56,1.1762426850911698,0.18566574059558358,21,0.0405155862018713
8,5-Finger,0.75,EDC,57,0.8308221395650044,0.07966926614519093,21,0.01738525917485334
8,5-Finger,0.75,EDC,58,0.9844597506285441,0.10726545609637746,21,0.023407241524552955
8,5-Finger,0.75,EDC,59,1.077833790755299,0.1323164220564134,21,0.02887381046472566
8,5-Finger,0.75,EDC,60,1.1330119500987101,0.10663756536204658,21,0.023270224533208542
8,5-Finger,0.75,EDC,61,1.1261600350643797,0.12898950913399457,21,0.028147818545796566
8,5-Finger,0.75,EDC,62,1.0533031390708882,0.1369766318499644,21,0.02989075161393147
8,5-Finger,0.75,EDC,63,0.9603341909474888,0.12191892989018613,21,0.026604891660466288
8,5-Finger,0.75,EDC,64,0.9845067971339274,0.15769997958678433,21,0.034412956835687146
8,5-Finger,0.75,FDS,1,1.0222682924511943,0.06363719780049389,21,0.01388677504455431
8,5-Finger,0.75,FDS,2,1.0122149407516594,0.05689683170535925,21,0.012415906575855817
8,5-Finger,0.75,FDS,3,1.012763841940719,0.06455216450796458,21,0.014086437149094739
8,5-Finger,0.75,FDS,4,1.0090122261007468,0.06043584513332521,21,0.013188182619623396
8,5-Finger,0.75,FDS,5,1.0109722549941584,0.04167069664672073,21,0.009093291506911442
8,5-Finger,0.75,FDS,6,1.0222750939991216,0.04183392974716166,21,0.00912891188970634
8,5-Finger,0.75,FDS,7,1.0302358650057268,0.04846841547654688,21,0.010576675368373582
8,5-Finger,0.75,FDS,8,1.0283883120954391,0.06089261207464531,21,0.013287857337887815
8,5-Finger,0.75,FDS,9,0.9977634163397359,0.06027948687161923,21,0.013154062449632948
8,5-Finger,0.75,FDS,10,0.988010369224663,0.05399258724761514,21,0.011782148477557323
8,5-Finger,0.75,FDS,11,1.0136603099925985,0.062750859003989,21,0.013693360062346706
8,5-Finger,0.75,FDS,12,1.0204028656128534,0.07574331349613678,21,0.016528546070610335
8,5-Finger,0.75,FDS,13,1.0352892270287346,0.06654192744300759,21,0.014520639018849599
8,5-Finger,0.75,FDS,14,1.0417269214272575,0.07843630699153359,21,0.01711620542959508
8,5-Finger,0.75,FDS,15,1.0336878942647818,0.06749210810792147,21,0.01472798543889014
8,5-Finger,0.75,FDS,16,1.0119350395298436,0.04560599372100396,21,0.0099520437319134
8,5-Finger,0.75,FDS,17,0.9239200942252263,0.060227091557932565,21,0.013142628854821993
8,5-Finger,0.75,FDS,18,0.9276025035807975,0.0649334201350839,21,0.014169633947685315
8,5-Finger,0.75,FDS,19,1.0164371044916047,0.053134526999456054,21,0.011594904380508675
8,5-Finger,0.75,FDS,20,1.0520413643306963,0.07915603710721646,21,0.017273263416978702
8,5-Finger,0.75,FDS,21,0.9290947714603067,0.05994198391095633,21,0.01308041326560869
8,5-Finger,0.75,FDS,22,1.056672956084969,0.11915002557846326,21,0.02600066720329678
8,5-Finger,0.75,FDS,23,1.04069064296204,0.09373261421603962,21,0.020454133320528353
8,5-Finger,0.75,FDS,24,1.0124645852092755,0.05566956979162714,21,0.012148096070274209
8,5-Finger,0.75,FDS,25,0.9827269248796088,0.056543573300093276,21,0.012338819271950545
8,5-Finger,0.75,FDS,26,1.0110953664057136,0.04653002201778969,21,0.01015368323735634
8,5-Finger,0.75,FDS,27,1.057175510886618,0.0788326957330628,21,0.017202704544484883
8,5-Finger,0.75,FDS,28,1.0726036562685728,0.09990003450192518,21,0.02179997476351296
8,5-Finger,0.75,FDS,29,1.0841565511894224,0.1143327861015186,21,0.024949459367876382
8,5-Finger,0.75,FDS,30,1.0844707421033166,0.12597348149148632,21,0.027489667356754982
8,5-Finger,0.75,FDS,31,1.0424214476474194,0.0862536402707993,21,0.018822087405068057
8,5-Finger,0.75,FDS,32,1.0158817361314216,0.06066544161942921,21,0.013238284680426607
8,5-Finger,0.75,FDS,33,0.9768351939143187,0.06266658927384891,21,0.013674970899624779
8,5-Finger,0.75,FDS,34,1.0028751414583088,0.0621532542639801,21,0.013562952016786936
8,5-Finger,0.75,FDS,35,1.0430111247408114,0.09334865918110338,21,0.02037034746285908
8,5-Finger,0.75,FDS,36,1.0577805398941218,0.08614094878161524,21,0.018797496106050755
8,5-Finger,0.75,FDS,37,1.071039097686925,0.11408149461822246,21,0.024894623070557228
8,5-Finger,0.75,FDS,38,1.062493412456457,0.11530205436076765,21,0.025160971042482425
8,5-Finger,0.75,FDS,39,1.0278514787881134,0.07055521462059092,21,0.015396410079652994
8,5-Finger,0.75,FDS,40,1.0027927324863821,0.06078948564668531,21,0.01326535330635081
8,5-Finger,0.75,FDS,41,0.9185470802654601,0.05998970468340864,21,0.013090826791893665
8,5-Finger,0.75,FDS,42,0.9847090142263862,0.07336717885965227,21,0.01601003098332002
8,5-Finger,0.75,FDS,43,1.012548529615499,0.06573308774811999,21,0.014344135727092104
8,5-Finger,0.75,FDS,44,1.0125743872891786,0.04163067010728226,21,0.00908455699992173
8,5-Finger,0.75,FDS,45,1.0186813413414701,0.06188206333788142,21,0.013503773305042537
8,5-Finger,0.75,FDS,46,1.006453860527809,0.06091784365770867,21,0.013293363320711215
8,5-Finger,0.75,FDS,47,0.9932464946044914,0.05223533163956885,21,0.011398683866164097
8,5-Finger,0.75,FDS,48,0.9811713900797098,0.05167615011001238,21,0.011276660452525348
8,5-Finger,0.75,FDS,49,0.9247899238691407,0.06938078036086161,21,0.015140127513273994
8,5-Finger,0.75,FDS,50,0.9363927141627154,0.079090065462047,21,0.017258867223754425
8,5-Finger,0.75,FDS,51,0.9653188456022945,0.06835962653863797,21,0.014917293480581933
8,5-Finger,0.75,FDS,52,0.968941626527362,0.03650280936651201,21,0.007965566047646873
8,5-Finger,0.75,FDS,53,0.9741152174660554,0.04326372753600445,21,0.009440919346651701
8,5-Finger,0.75,FDS,54,0.9748596747522694,0.06057026355082435,21,0.013217515123098919
8,5-Finger,0.75,FDS,55,0.9748173845437536,0.06011460396380607,21,0.013118082049353986
8,5-Finger,0.75,FDS,56,0.984985000002679,0.06964952819525642,21,0.015198773098701124
8,5-Finger,0.75,FDS,57,0.8958226018593894,0.06464427514181138,21,0.014106537337281087
8,5-Finger,0.75,FDS,58,0.925969854883525,0.078723259782956,21,0.017178823662336605
8,5-Finger,0.75,FDS,59,0.9387656524267514,0.0661123815149778,21,0.014426904412675476
8,5-Finger,0.75,FDS,60,0.9365635781443595,0.0476057728706903,21,0.01038843131889588
8,5-Finger,0.75,FDS,61,0.9429116250480926,0.05112919572248885,21,0.011157305220024644
8,5-Finger,0.75,FDS,62,0.9434924408824082,0.05830962209800035,21,0.012724202714683637
8,5-Finger,0.75,FDS,63,0.9597976823649813,0.0720343587630143,21,0.015719185793767552
8,5-Finger,0.75,FDS,64,0.9797825294725367,0.08052370861871908,21,0.017571713808754674
