subject,task_id,task,freq_hz,rep,n_emg_samples_used,interval_start_s,interval_end_s,hp_cutoff_hz,hp_order,rms_window_ms,rms100_edc_mean,rms100_edc_std_channels,rms100_fds_mean,rms100_fds_std_channels,fmed_edc_hz,fmed_fds_hz,power_20_450_edc,power_20_450_fds,power_20_50_edc,power_20_50_fds,relpower_20_50_edc,relpower_20_50_fds,power_50_100_edc,power_50_100_fds,relpower_50_100_edc,relpower_50_100_fds,power_100_200_edc,power_100_200_fds,relpower_100_200_edc,relpower_100_200_fds,power_200_450_edc,power_200_450_fds,relpower_200_450_edc,relpower_200_450_fds,kinematics_available,kin_fdom_hz,kin_fdom_error_hz,kin_active_angle_count,rms100_edc_mean_norm,rms100_fds_mean_norm
Sub001,1,Index,0.5,1.0,71838.0,5.0,40.0,20.0,4.0,100.0,56.66140246989831,4.241622813184974,59.64360237134408,3.490453394354414,138.3346812829882,137.00133495736907,3797.5253078752444,4617.866594876031,335.0882355121448,352.6511458008128,0.08836153472453719,0.07710748437396597,857.5753046270869,1073.0798966451569,0.22656317248456137,0.2308549607919187,1619.6331717850626,2094.5138105177157,0.42430461914373163,0.45057800236875795,961.5274029576113,1069.6329730002553,0.25452479155631735,0.23540298303484541,1.0,0.48828125,-0.01171875,1.0,0.9987127173375782,1.0953463659880889
Sub001,1,Index,0.75,1.0,71838.0,5.0,40.0,20.0,4.0,100.0,72.77276966699078,5.447978270860457,76.66252323199717,4.984283438674015,133.66796914332116,132.33462281770198,5975.6804400391375,7273.526637204942,583.9702203512937,619.3856332903471,0.09714147153278636,0.08353447783549177,1383.4514773869823,1748.0121263337398,0.23248626257175267,0.23836254254135594,2446.777501352906,3152.0623863828787,0.41019010925125676,0.4337992010190865,1524.7214797224963,1710.788336049254,0.25408720295352,0.23846193956478257,1.0,0.732421875,-0.017578125,1.0,1.2826913449753246,1.407896453115483
Sub001,2,Middle,0.5,1.0,71838.0,5.0,40.0,20.0,4.0,100.0,59.52240102617092,5.875439617341229,57.76106269160824,5.165720453090569,101.66765732846123,90.00087697929355,3951.3587961258495,3759.7317923235855,613.8101977652915,730.247672952935,0.1552709222228766,0.19416516748548385,1309.8081913052117,1360.500635497506,0.33117588574054296,0.36148280064052773,1284.7643957404389,1098.1738631841552,0.32528053435157783,0.2922738896423584,713.1176989467148,540.298202319364,0.18072288830001237,0.14398285318489235,1.0,0.48828125,-0.01171875,1.0,1.049140619187552,1.0607737896338185
Sub001,2,Middle,0.75,1.0,71838.0,5.0,40.0,20.0,4.0,100.0,72.38368667215848,8.119098152170693,71.1907667010313,7.395774974959707,90.66755014210311,79.83411124644742,5904.985277789342,5761.514666283697,1126.3113877779053,1334.525475731848,0.1899888157268715,0.23100779537063718,2138.9995549058112,2224.931736509941,0.36133382804850583,0.385203616504817,1767.2530676746721,1528.8831816053273,0.3003584165904421,0.266577107094174,825.7746406071332,623.5915741898731,0.14042106084256611,0.10861704287520534,1.0,0.732421875,-0.017578125,1.0,1.2758333760917402,1.3074084142735392
Sub001,3,Ring-Little,0.5,1.0,71838.0,5.0,40.0,20.0,4.0,100.0,61.049155016257146,6.381973830228767,60.81597104357914,5.67678678441559,82.66747218838815,73.33404790905401,4372.192621379876,4550.666747674598,1099.401349582464,1296.1046976995644,0.24633689407777892,0.27759571317711457,1452.3782374858013,1646.4444269404858,0.33310670986045565,0.3629008619480896,1137.4233424121883,1057.843845936929,0.2633785890064478,0.23696655551930923,641.9043993496626,501.96604889749574,0.1477454807355627,0.1118273039705579,1.0,0.48828125,-0.01171875,2.0,1.0760511536903832,1.116876751707177
Sub001,3,Ring-Little,0.75,1.0,71838.0,5.0,40.0,20.0,4.0,100.0,78.75083201662282,8.432543234982779,78.60647410358756,7.853530000026282,80.6674526999594,71.00069183922047,6969.697001518175,7216.725617786979,1754.7126889450055,2053.987604645306,0.25149362136866044,0.2832647025808495,2400.3556761219547,2760.552521937711,0.34502609198218787,0.38271628022017107,1783.7095243641877,1606.1904158114446,0.25600521980069474,0.22346149112891386,964.5992466208882,721.854662459053,0.13795942528921043,0.10025715679728937,1.0,0.732421875,-0.017578125,2.0,1.3880605492901361,1.4435968373679091
Sub001,4,Thumb,0.5,1.0,71838.0,5.0,40.0,20.0,4.0,100.0,49.57040511710317,5.698778914127366,46.144463632948884,4.673023573963458,114.50111571254568,111.00108160779537,2742.3624090103854,2455.303465820231,363.7773358413394,321.77343836718177,0.13176589220012616,0.1286110888268971,802.4860431391902,756.5654071635742,0.2923953331035536,0.30848432863394526,958.3321102110916,891.0451458475503,0.3499890504844845,0.36251007933468354,599.7485543427646,469.40637023433186,0.21924559021721124,0.19358450601935193,1.0,0.48828125,-0.01171875,1.0,0.8737269434925715,0.8474365823199197
Sub001,4,Thumb,0.75,1.0,71838.0,5.0,40.0,20.0,4.0,100.0,60.178405716560725,5.060393991046154,57.47590269390883,5.850174810667991,113.83444254973608,106.6677060495331,4005.39159766418,3754.232674339409,525.0447434347387,491.91539993890297,0.13122376787040999,0.13108756491465323,1197.6739139053348,1236.438389193207,0.2994031599863309,0.3284937679497735,1390.596276642431,1327.0730827435975,0.34721839608829935,0.35306074034794466,865.7756168663915,671.3708283493792,0.2155813231363742,0.18004515591456113,1.0,0.732421875,-0.017578125,1.0,1.0607033444002478,1.0555368663966787
Sub001,5,I. Pinch,0.5,1.0,71838.0,5.0,40.0,20.0,4.0,100.0,43.244283286487594,5.267454693443944,37.195286477921606,1.7517283380830915,106.00103288672351,102.33433049127082,2156.9668777533548,1592.669382994468,316.4555871075745,248.8389556999217,0.147553719584643,0.1561033446132085,683.4778553043155,526.2565358254818,0.3164268728847311,0.32893860388113483,725.2763433421475,526.8331589290209,0.33597866959549694,0.33161551064366374,417.5571576700508,279.7235923745151,0.1934007600390489,0.17641321877004612,1.0,0.48828125,-0.01171875,2.0,0.7622228499075403,0.6830862029730752
Sub001,5,I. Pinch,0.75,1.0,71838.0,5.0,40.0,20.0,4.0,100.0,51.76334702440477,5.531806335417406,45.01470653503376,1.7667570097530192,103.66767681688998,97.16761347949655,3221.6320210721665,2491.6385972123567,479.31298309193585,419.07849143259864,0.14905767299421335,0.16872254769571549,1050.5802993651566,855.6752883786306,0.3259168037175346,0.342441060240336,1083.1617822929518,807.25166669077,0.33589887823696074,0.32380903370208863,586.2584200846445,390.5856502472441,0.18220801451010823,0.15738856774967888,1.0,0.732421875,-0.017578125,2.0,0.9123796925551834,0.8266887521679782
Sub001,6,M. Pinch,0.5,1.0,71838.0,5.0,40.0,20.0,4.0,100.0,43.600278528282296,4.897974721845745,41.465620039206435,3.652112888748914,105.16769143321154,93.50091108404384,2283.035330652199,2156.6471684025837,362.3080055199223,414.56342401915157,0.1597952367787747,0.1962052395731312,702.5411542568027,719.3499806827755,0.30796703804254194,0.3329641871498665,741.0834108106096,660.8080367297347,0.3239839569697003,0.30362667085917394,460.1354996743964,343.77971272856365,0.2008392927333019,0.15881684498750162,1.0,0.48828125,-0.01171875,2.0,0.7684976147349891,0.761510278011132
Sub001,6,M. Pinch,0.75,1.0,71838.0,5.0,40.0,20.0,4.0,100.0,57.14215511429418,5.622706693729776,53.14029811487262,4.417081893970482,96.00093544457978,88.16752578156719,4157.247677100768,3761.2068545923053,695.3695459444915,718.1332283565386,0.1680152307751417,0.19278812802957723,1465.553394516104,1419.419247990131,0.3529248496292774,0.37451831899947097,1294.644627030514,1103.0662889893,0.3110088720938449,0.29377361488794956,669.7660400473645,491.6338407077163,0.1603206587329817,0.13111552186424455,1.0,0.732421875,-0.017578125,2.0,1.0071864535834625,0.975914098300929
Sub001,7,Tripod,0.5,1.0,71838.0,5.0,40.0,20.0,4.0,100.0,44.075396001540355,4.674868435360065,42.25405779551249,3.599309196554623,100.66764758424686,90.50088185140073,2329.2976834942588,2245.889296217732,420.6834683501011,461.42925572437247,0.18496623696391024,0.212113584010205,714.8883252919717,759.6498422940767,0.3052273807357255,0.3342821483838863,748.803198716164,677.0779684995709,0.31960717850621106,0.2989126205416819,430.2391034338209,333.4861893559336,0.18391390041287758,0.1484016701951361,1.0,0.48828125,-0.01171875,3.0,0.7768720255700228,0.7759898264763763
Sub001,7,Tripod,0.75,1.0,71838.0,5.0,40.0,20.0,4.0,100.0,59.44535636408563,6.164945608775305,55.855579892084535,4.065472831374926,95.5009305724726,84.5008233861145,4322.671426903375,3954.0768992920543,824.3707814774156,895.3861707875282,0.19142892676547993,0.22956794854442117,1420.7456723324358,1391.9688412383232,0.3272742184067471,0.3498184280705455,1346.882973677848,1122.0660230893047,0.3111908219203874,0.2828591474552086,700.3933062917257,512.1073321442401,0.16310222519802994,0.12952813241395436,1.0,0.732421875,-0.017578125,3.0,1.0477826315544638,1.025779866112628
Sub001,8,5-Finger,0.5,1.0,71838.0,5.0,40.0,20.0,4.0,100.0,41.8349646394226,3.8977649122758145,37.37542032189731,1.7979608783193373,93.00090621193665,88.16752578156719,2088.459393452802,1765.8850407731522,434.09289962174336,403.0538861303705,0.20907904072362174,0.230307822351127,675.5680636814936,581.4656424602862,0.32355221837244436,0.3279152954929337,620.9494703454699,512.6959839150189,0.2968408952257917,0.2892473023345487,342.73230185022265,255.18413522683701,0.1633187398527691,0.14486195359896448,1.0,0.48828125,-0.01171875,5.0,0.7373822283512254,0.6863943356737426
Sub001,8,5-Finger,0.75,1.0,71838.0,5.0,40.0,20.0,4.0,100.0,55.756132945638136,4.972012164861646,50.62737285619392,2.2912387468399733,90.50088185140073,84.6674916768169,3881.219763002613,3375.978073256336,827.8124101396647,798.175716799427,0.21137920179813738,0.2333249113027944,1302.539901001368,1177.540731561288,0.33609936001936863,0.34940900989950935,1145.6306849300713,944.263373807134,0.2961655628964804,0.2816641265882158,578.9200618426667,430.3176911828959,0.14960191883206736,0.12801857501929306,1.0,0.732421875,-0.017578125,5.0,0.982756455277579,0.9297645794815251
Sub002,1,Index,0.5,1.0,71838.0,5.0,40.0,20.0,4.0,100.0,71.84848067715173,18.64240354480879,59.080686338499,2.7005022470725106,80.6674526999594,108.83439382866425,6243.397694537925,3985.3848232820933,1562.6170734700233,707.8483692694572,0.2518076564154986,0.17659422918551052,2128.7623774409617,1130.3777677507626,0.34107233898911,0.28185324694899966,1583.8469452653164,1276.4480562654192,0.25071853650691617,0.31792186851709353,919.3737314056497,842.8268761844014,0.14856434555429757,0.2165336944941266,1.0,0.48828125,-0.01171875,1.0,0.8715474960040498,0.882272052740424
Sub002,1,Index,0.75,1.0,71838.0,5.0,40.0,20.0,4.0,100.0,73.91967266441553,18.22009127810734,62.123888807733096,3.329946156316398,84.5008233861145,109.6677352821762,6274.218169653211,4180.511984802182,1492.437615476465,680.3313955118527,0.236966337562499,0.16350065386943943,2122.968463604036,1211.4853598581556,0.3374576220103381,0.2903834144435453,1652.3332499724208,1364.1987922019625,0.2644056899734006,0.3257882728610486,959.3790022351656,897.0292508161147,0.15361137085819435,0.2136490256153074,1.0,0.732421875,-0.017578125,1.0,0.8966717877528866,0.9277172338280766
Sub002,2,Middle,0.5,1.0,71838.0,5.0,40.0,20.0,4.0,100.0,79.41596197293566,17.67967724964963,66.50349647492472,6.195590909145278,68.16733089727974,75.83407226958992,7462.2525983585465,4839.242892205028,2229.4426850720993,1270.7075027403034,0.29816767271289707,0.26057146724470465,3008.817283162333,1813.9637158089652,0.403697564123465,0.37528710668160054,1581.1680386548062,1230.1110854311148,0.21179667456922532,0.25482607724150624,579.4223427008686,484.3383881417296,0.077791198653554,0.10090866147396677,1.0,0.48828125,-0.01171875,1.0,0.9633437220653109,0.993119409838563
Sub002,2,Middle,0.75,1.0,71838.0,5.0,40.0,20.0,4.0,100.0,94.44852275196621,21.035715469438028,79.97477837932668,7.356711324581212,68.50066747868453,72.33403816483963,10745.109054634924,7121.865732359921,3188.730495210693,2007.0083524524873,0.2944952099880816,0.27994337587226803,4448.961855483132,2765.8713882699644,0.4136400991182838,0.3855489046593163,2261.1208019981027,1688.7599161171681,0.21207137908554105,0.23911872274850862,751.2779606670206,599.2405195094912,0.07101997141162093,0.08697982482311888,1.0,0.732421875,-0.017578125,1.0,1.145694003964301,1.1942906601308392
Sub002,3,Ring-Little,0.5,1.0,71838.0,5.0,40.0,20.0,4.0,100.0,88.25651012426108,26.973299680308397,67.88849893595963,3.7882050030883008,78.16742833942347,91.6675598863175,10129.541870793992,5231.837046513221,2471.81437623428,1034.6459977353636,0.24143000973336118,0.1956334001769029,3990.7448748526535,1800.7205644614344,0.39397398846151793,0.3434618183581408,2653.080321004816,1658.357696115849,0.26321996933527814,0.31892698596262226,922.50163468878,698.210819687701,0.0923855677410594,0.134260273788814,1.0,0.48828125,-0.01171875,2.0,1.070582699590985,1.0138021242766915
Sub002,3,Ring-Little,0.75,1.0,71838.0,5.0,40.0,20.0,4.0,100.0,99.09499799655187,29.123524199460082,78.97842780745317,6.7373936313679,75.50073568818515,84.3341550954121,13180.732215717382,7292.164488718173,3197.569884139977,1532.3619525795475,0.24127633428486614,0.2094408172895149,5482.544886280238,2692.625278288338,0.4182536060002664,0.37177297794768066,3216.0763731455118,2102.545950395689,0.2440007473289917,0.2885807502471133,1166.060311014853,904.6956908877924,0.08749147091983596,0.12192667935094496,1.0,0.732421875,-0.017578125,2.0,1.2020573929531408,1.1794118169965624
Sub002,4,Thumb,0.5,1.0,71838.0,5.0,40.0,20.0,4.0,100.0,69.63791407722834,17.490140026338324,56.777593357715574,2.9218775169119993,80.8341209906618,94.33425253755583,6474.469029190829,4296.741864498649,1552.8554072215454,796.0935595466971,0.2404680881259902,0.18553825040234284,2329.587866120398,1445.2865264087366,0.3597101732065347,0.33553897299034025,1817.9248958211992,1430.3890146793267,0.27965582685408247,0.33165984440860913,724.8724535925826,593.4151490739549,0.11256767638188747,0.1399237916975579,1.0,0.48828125,-0.01171875,1.0,0.8447325408824436,0.8478791792357747
Sub002,4,Thumb,0.75,1.0,71838.0,5.0,40.0,20.0,4.0,100.0,86.59441670309819,20.198607864557168,72.93374061886236,5.326373453311093,83.83415022330492,95.50093057247261,10397.94621255632,7307.6635356314955,2315.762699757307,1276.1440577141434,0.21970767443440498,0.17270795280920848,3792.1326839393732,2503.403557638428,0.3670472771524631,0.34700206711186626,2961.655302540179,2417.9442555195724,0.28869922446932494,0.33337002346391564,1253.3810597286426,1057.022875477953,0.11733689711845123,0.13964793084593127,1.0,0.732421875,-0.017578125,1.0,1.0504209182187592,1.089144440218027
Sub002,5,I. Pinch,0.5,1.0,71838.0,5.0,40.0,20.0,4.0,100.0,81.82913283219715,15.34796434074021,67.44184714973467,3.3268594098096607,87.50085261875762,101.16765245635405,9256.912938803185,6438.247702458557,1881.1275358756823,1020.0626700708076,0.20602109661927615,0.15846565901826573,3349.944824468688,2197.768882470015,0.3580652464383527,0.33542648403020525,2782.588896215723,2247.2834318437654,0.2975809421400824,0.3466124278040323,1175.8553782167094,927.347905256168,0.1309729104597883,0.15234864747244586,1.0,0.48828125,-0.01171875,2.0,0.9926163385492962,1.0071321207152046
Sub002,5,I. Pinch,0.75,1.0,71838.0,5.0,40.0,20.0,4.0,100.0,88.91772178207418,16.367630675184376,73.8180056082153,3.241477648186146,87.5008526187576,97.33428177019896,11052.862774520916,7771.968476477322,2249.9527455113675,1336.838236335624,0.20337290958968915,0.16954268613031073,3919.814715117847,2618.0721723594743,0.3585519029670558,0.33988591526260886,3437.328309391931,2686.2649224301917,0.3080136014785706,0.34487132237220014,1367.4409939317384,1078.075559677906,0.12289967157597737,0.13894298944869818,1.0,0.732421875,-0.017578125,2.0,1.078603430986617,1.1023494710948354
Sub002,6,M. Pinch,0.5,1.0,71838.0,5.0,40.0,20.0,4.0,100.0,77.24842024062569,18.084323403986335,62.41166457728593,3.5142354770798554,79.83411124644742,92.50090133982947,8700.702499404822,5483.82474223698,2164.237942424937,1094.3850331449082,0.24734431322698433,0.1979598373085587,3178.666912917466,1854.5418710702277,0.3667328638477698,0.33874617198324053,2374.605014804954,1779.3245026102697,0.27375227234162075,0.3253911861970183,923.0334393282307,718.4569643667322,0.1052646619976132,0.13109533691274208,1.0,0.48828125,-0.01171875,2.0,0.937050673813286,0.9320146876098023
Sub002,6,M. Pinch,0.75,1.0,71838.0,5.0,40.0,20.0,4.0,100.0,82.69687500388602,18.2873264084995,66.32278412458558,3.4359475063218645,86.16750629313844,96.66760860738935,9790.924453967482,6266.9540564716835,1864.3518817377917,1025.892175017618,0.19213200737930092,0.16502105769019204,3841.5615137632813,2287.9454131166276,0.38753476012565824,0.3537884646382438,2897.8020515458284,2055.953241087397,0.29619922901557977,0.32995355711843893,1113.6550436555992,854.2458054386728,0.11669148694184543,0.14442897171106392,1.0,0.732421875,-0.017578125,2.0,1.0031423581642531,0.99042077063563
Sub002,7,Tripod,0.5,1.0,71838.0,5.0,40.0,20.0,4.0,100.0,73.47005448662215,16.31475443343738,56.86716025771804,3.0222502172136014,79.16743808363783,91.00088672350792,7684.628761855292,4457.033283654627,1940.6135250808818,925.0554968259162,0.24843827435914315,0.2037695667657757,2965.901686354418,1545.2769020539706,0.3816906694400107,0.34290554074519397,1958.7577153052155,1385.7205644391452,0.25811699575003577,0.3133212186760588,765.5626644459065,571.588242007102,0.10478387893429847,0.13352212410619466,1.0,0.48828125,-0.01171875,3.0,0.8912177601475633,0.8492167123217991
Sub002,7,Tripod,0.75,1.0,71838.0,5.0,40.0,20.0,4.0,100.0,92.47508087726327,19.99497601895892,73.04640905627829,5.233370223324983,84.5008233861145,91.6675598863175,12037.840462619322,7496.2653552732945,2622.9042125770225,1502.8386564695645,0.21932846960870825,0.201406265749747,4435.168606205841,2556.027514331134,0.3690825354490455,0.3416002149666479,3513.7522316066465,2360.1422696050327,0.29115273291642413,0.31459741140318936,1378.546706170363,1018.0953187984196,0.1131569963140135,0.13465495995238372,1.0,0.732421875,-0.017578125,3.0,1.121755455672161,1.0908269564465705
Sub002,8,5-Finger,0.5,1.0,71838.0,5.0,40.0,20.0,4.0,100.0,75.2525417566767,15.219776380635041,60.730397548594595,3.7399374735269326,85.66750142103126,102.83433536337799,9665.074843952936,6318.027741172739,2023.2635067155861,929.2984535346355,0.21182604405973168,0.14789180501796673,3526.186704137435,2167.2958023848746,0.3649489599966798,0.3353210361763492,2897.3859039584495,2281.927181876122,0.293671446821727,0.3574658729896953,1145.7676996890061,892.7309277812377,0.12228236206201297,0.15233429797591289,1.0,0.48828125,-0.01171875,5.0,0.9128399615112335,0.9069077532707254
Sub002,8,5-Finger,0.75,1.0,71838.0,5.0,40.0,20.0,4.0,100.0,83.89890931463748,18.20142821549776,66.52862151523706,4.408351708634114,84.83415996751928,98.50095980511571,10998.842992562277,6791.442181111157,2090.525679043499,989.0316712357447,0.19220375394412112,0.1473621207117388,4328.872114571813,2402.137787127223,0.39711357114425105,0.3572235563490538,3220.148936362843,2371.2105261921683,0.2904339099530507,0.34790476446440227,1280.2086371987768,982.3987146465456,0.1129971484761438,0.14064884897664107,1.0,0.732421875,-0.017578125,5.0,1.0177234597237124,0.9934946106404724
Sub003,1,Index,0.5,1.0,71838.0,5.0,40.0,20.0,4.0,100.0,70.90861249525021,18.074489604228187,50.12012769508957,3.3660655470630823,119.16782785221274,136.83466666666666,5701.454521861666,2830.0911132994293,605.8629409090377,242.8153807323299,0.10574609343920133,0.08562585534568638,1646.9417956148664,694.2113207544088,0.287589278370794,0.2419471438800844,2172.9313030794406,1108.8421495116438,0.3818864276872603,0.39089130070329664,1238.9508075315623,767.5212863267279,0.2183265286146301,0.2756574318392532,1.0,0.48828125,-0.01171875,1.0,0.9811004432553082,0.9183887289842366
Sub003,1,Index,0.75,1.0,71838.0,5.0,40.0,20.0,4.0,100.0,78.06640258598509,19.572133023284422,56.490150370767715,4.668842406171948,116.83447178237923,128.50125213154692,6866.696835554819,3530.795946751083,700.3342946729057,289.0356808054863,0.1015054457279226,0.08228742055423598,2053.498711385284,944.7017911307925,0.29851995407483617,0.26813189152604333,2645.109644805137,1404.5197201576404,0.3851978120452806,0.39765189545076857,1420.5620815146704,870.1526169874429,0.2078987414777469,0.245604308701358,1.0,0.732421875,-0.017578125,1.0,1.0801365234101532,1.0351114369610954
Sub003,2,Middle,0.5,1.0,71838.0,5.0,40.0,20.0,4.0,100.0,72.24120255177009,14.619768737505154,56.41064599435436,3.5016381730438155,110.66774502639056,112.33442793341453,6074.44644296465,3447.862759823189,703.565186219054,382.3367878244326,0.11565629119291117,0.10918512418858696,1936.981865669668,1081.9676777531965,0.3190069030141373,0.31301517794154804,2241.4929134703575,1325.6683529548354,0.3691834898689376,0.3849638324192904,1149.9163788324272,633.5509552391794,0.1891790163825642,0.1858622370068355,1.0,0.5208333333333334,0.020833333333333332,1.0,0.9995383261742109,1.0336546185817181
Sub003,2,Middle,0.75,1.0,71838.0,5.0,40.0,20.0,4.0,100.0,82.1391908328295,16.045624058154086,66.9703269532065,4.253576797114836,106.66770604953308,105.8343645960211,7655.0098666663625,4911.488957604425,981.1269563458567,627.3167942576661,0.12830685592297272,0.1291888864369616,2505.2796155315154,1624.108648557248,0.32811921981601994,0.33180900700715416,2753.1220929574665,1808.9023732970275,0.359484720587316,0.36635700349498196,1358.6484399506471,814.2465045490052,0.17660273317661634,0.16500291609888249,1.0,0.7486979166666666,-0.0013020833333333333,1.0,1.1364881316796243,1.2271475807959662
Sub003,3,Ring-Little,0.5,1.0,71838.0,5.0,40.0,20.0,4.0,100.0,91.88608999719615,24.20296709714623,64.38404822657738,4.488946808238286,106.1677011774259,95.1675939910678,9709.558359614623,4770.830003729994,1279.0609386846918,813.6068797499278,0.1317007094642106,0.17074005926017363,3178.3370709480623,1661.0815762269178,0.32716875511545146,0.34814244757695784,3542.4800923952876,1512.1096458965942,0.3647325788196916,0.3166739186099823,1634.0497034641603,742.9795836222675,0.1685767817728406,0.15577743353416243,1.0,0.48828125,-0.01171875,2.0,1.2713474492436996,1.1797572539596561
Sub003,3,Ring-Little,0.75,1.0,71838.0,5.0,40.0,20.0,4.0,100.0,103.4347562931709,26.652664530125037,76.15153073250838,8.065497664952794,101.33432074705642,84.0008185140073,12162.12937394069,7033.739363902601,1730.7946891079107,1387.8153150981368,0.14159960181047296,0.19203653061448955,4208.947165833295,2820.605670070657,0.3455562720075441,0.3956828829572317,4232.643642601443,1882.3963711364624,0.3483336334377765,0.27269333056728606,1895.501943678574,875.689058108309,0.15678397185829712,0.13029444920812866,1.0,0.7486979166666666,-0.0013020833333333333,2.0,1.4311362424985026,1.395381670715183
Sub003,4,Thumb,0.5,1.0,71838.0,5.0,40.0,20.0,4.0,100.0,51.114849728019315,14.880777787589269,33.58474695094662,3.776770055060865,104.16768168899716,120.16783759642713,3088.3353104179355,1345.4112905278196,415.1735552891544,137.80845710608858,0.13196898802664117,0.09900342931487112,1050.0182398370036,397.7755746181304,0.33695087167251075,0.28815774689181745,1074.3120449463422,515.5358594928189,0.3506143220604498,0.3859385688151264,526.7833988176545,285.4601343242373,0.1734030768851352,0.2204263332935078,1.0,0.5045572916666666,0.004557291666666667,1.0,0.7072314625878122,0.6153985331637323
Sub003,4,Thumb,0.75,1.0,71838.0,5.0,40.0,20.0,4.0,100.0,54.40748931912424,13.765090547409448,39.77924061811877,4.79079991327047,108.83439382866423,120.16783759642713,3410.2758207877973,1851.024273470306,420.60067784216125,187.1736961523221,0.1238368421744448,0.09883116910485906,1094.4390209530693,535.6419262346876,0.3223588342511339,0.2882484964660757,1213.200952993376,711.9702742408468,0.35592186140313564,0.3881869147457886,656.7539633306784,403.9449739402863,0.19039093619609226,0.21795705675495528,1.0,0.732421875,-0.017578125,1.0,0.7527888363487133,0.7289048913339351
Sub003,5,I. Pinch,0.5,1.0,71838.0,5.0,40.0,20.0,4.0,100.0,55.46404352464028,15.291889863943963,37.14049947952408,3.4246251277917863,106.83437434023547,116.50113520097443,3733.739162845933,1711.7439921935322,482.91441639231556,196.0525063570574,0.13086543611190357,0.11421150863428631,1209.2743021558472,506.15696036716764,0.32624448339641776,0.2957290056460232,1315.7528162278775,633.7721140865816,0.34991735737369106,0.37043824020801175,698.6524621713392,363.87616438001515,0.18571804998227592,0.21271126883761082,1.0,0.5045572916666666,0.004557291666666667,2.0,0.7674074526617103,0.6805532563354109
Sub003,5,I. Pinch,0.75,1.0,71838.0,5.0,40.0,20.0,4.0,100.0,69.24665927791322,18.177074120910532,48.80706474609508,5.258944934952736,108.33438895655702,112.00109135200974,5745.8271202915175,3033.8281939866115,733.3795677903786,371.33892600130065,0.12761082172638727,0.1228229790210952,1844.0122872204574,929.5192358000877,0.320894699795838,0.3063898997651618,2061.8440643893423,1106.0960352251584,0.3588694811754183,0.3641382845728569,1064.1034908312126,604.0885373693565,0.18523121465678574,0.19912820142351403,1.0,0.732421875,-0.017578125,2.0,0.9581054503930784,0.8943284907474236
Sub003,6,M. Pinch,0.5,1.0,71838.0,5.0,40.0,20.0,4.0,100.0,64.15996135976714,11.903536596202578,52.403849524211374,3.4941111798789657,111.66775477060496,114.33444742184327,4797.836391221725,3075.6247863575445,572.845175576133,329.1634674557413,0.1209298689615212,0.10803985333238086,1476.1866445186595,933.6074851800221,0.3091825013833346,0.3056207476814445,1753.9209530471771,1182.4713313254586,0.3621437960856034,0.3820453301397359,959.8019140940604,609.8272955815349,0.20038878288227677,0.19764932305030847,1.0,0.48828125,-0.01171875,2.0,0.8877252609269077,0.9602350786336252
Sub003,6,M. Pinch,0.75,1.0,71838.0,5.0,40.0,20.0,4.0,100.0,77.08777480171373,13.630149803603395,64.46742654651656,4.9162601267932,109.33439870077142,112.00109135200974,7095.258616962314,4930.925361107788,858.9094375987582,562.5965770010695,0.12182868710923396,0.11575382633562199,2264.26945442602,1532.552506414694,0.31982848141662856,0.30958641459155495,2598.576703446885,1905.0585329113212,0.3641968654858809,0.38263695630327793,1324.5596557318488,897.317241081348,0.1871569003357149,0.18508201711686467,1.0,0.732421875,-0.017578125,2.0,1.0665961068211964,1.1812850575147396
Sub003,7,Tripod,0.5,1.0,71838.0,5.0,40.0,20.0,4.0,100.0,51.197618007760546,10.08572951165842,38.77030623576883,3.277583330120636,104.66768656110435,113.0011010962241,3337.8004257975463,1921.9305510603965,472.8714018909097,226.52480736459654,0.1424931666130589,0.11841133358983273,1083.4257721891759,585.6675372426014,0.32527533667764746,0.3052432258586153,1117.4109734365493,703.7623781932529,0.334073991209831,0.365670940240782,641.4166093841699,392.7021537413723,0.19138064162952342,0.203755932481566,1.0,0.48828125,-0.01171875,3.0,0.7083766548724171,0.7104174291576238
Sub003,7,Tripod,0.75,1.0,71838.0,5.0,40.0,20.0,4.0,100.0,68.38414378108503,12.700862972000627,52.2524156264682,4.767986863377872,104.50101827040196,108.33438895655705,5943.539196205748,3796.3237816739565,794.560807825188,453.88416272248986,0.1333711573712971,0.11980652869809065,2001.4208341290578,1239.9869981070951,0.33672113199162074,0.32694566001597036,2060.6680231588425,1402.4884216888058,0.34633658618853413,0.3684311993161998,1046.8188491789858,672.6836104169455,0.17685455363895375,0.1776583264469843,1.0,0.732421875,-0.017578125,3.0,0.946171577955377,0.9574602416316216
Sub003,8,5-Finger,0.5,1.0,71838.0,5.0,40.0,20.0,4.0,100.0,78.87716160677498,13.704288944902048,63.37952150890869,9.671085893492814,98.8342963865205,102.16766220056843,7008.0077016336545,4587.813868240089,1020.9956352015138,615.3253005400076,0.1441253954761895,0.13320881600148218,2542.627572007935,1656.010286558808,0.35700240240796033,0.3522334458106742,2287.2007927939426,1580.414449161898,0.32978110539972194,0.34612944336251195,1104.2954535388342,700.9281687201254,0.16164415425588205,0.16082698385930866,1.0,0.5208333333333334,0.020833333333333332,5.0,1.0913542867632786,1.1613505567324893
Sub003,8,5-Finger,0.75,1.0,71838.0,5.0,40.0,20.0,4.0,100.0,87.77716109988393,14.56027952955977,72.071771252142,9.856593162661893,97.50095006090135,100.00097442143726,8804.852218042406,6132.797146836968,1272.4412721033016,811.1050433829578,0.1440820135847447,0.13208164937054515,3204.7067631043337,2212.4012793863967,0.3637394448800085,0.36104247288304275,2889.8612693157797,2153.2446369532913,0.32861315163752813,0.35048364352996025,1367.8326831393006,907.7389045964229,0.15564176737586635,0.1485455483400713,1.0,0.732421875,-0.017578125,5.0,1.214495794408011,1.3206251747515434
Sub004,1,Index,0.5,1.0,71838.0,5.0,40.0,20.0,4.0,100.0,96.30859065921777,17.998637109583754,82.55292804613305,12.568338547928766,95.5009305724726,102.00099390986601,10829.944381846652,7503.848321342753,2009.324828684528,1291.5286338856904,0.18962484667953816,0.17299115641134288,3510.213389800494,2318.5985422257477,0.3279035098353091,0.310806849056302,3437.9772571840526,2524.0183324677078,0.31350278825362976,0.3347960215704619,1796.3164253640355,1318.994933656518,0.16188094282606427,0.1745832540373172,1.0,0.48828125,-0.01171875,1.0,0.8264733645339991,0.9263176410089151
Sub004,1,Index,0.75,1.0,71838.0,5.0,40.0,20.0,4.0,100.0,103.56270032286572,20.391167401710643,87.76567589595061,12.150215807667282,91.6675598863175,99.33430125862769,12765.392833406397,8660.204379699246,2329.8497296532637,1436.1918231158688,0.1850855165287498,0.16675840179942547,4524.947817856605,2882.6024732292644,0.35594276597696256,0.33454055548130324,3923.5218725477903,2871.869416949857,0.3048418371040408,0.32997490964710835,1892.294624037723,1408.618117697985,0.14664755399944088,0.1616546148244529,1.0,0.732421875,-0.017578125,1.0,0.8887245965308189,0.9848093311972861
Sub004,2,Middle,0.5,1.0,71838.0,5.0,40.0,20.0,4.0,100.0,95.13372515259813,17.497090283992293,79.37690386942351,12.352642890609589,89.83420868859115,80.3341161185546,10530.58019873368,7109.78096175329,2213.138148412668,1736.8209967628134,0.20939675116056702,0.24175756241951452,3589.3049057139956,2623.000464092874,0.34174771587509417,0.36905368450906534,3129.936701314679,1863.5765869969598,0.29642925331965353,0.2633422354267419,1521.5097823983822,833.0629404624519,0.14488694947031658,0.11815702868545164,1.0,0.48828125,-0.01171875,1.0,0.816391241625912,0.890679810918712
Sub004,2,Middle,0.75,1.0,71838.0,5.0,40.0,20.0,4.0,100.0,112.09882628629128,20.04418714944573,90.56696344259258,12.159747891834776,87.16751603735281,75.16739910678035,14206.55757801801,9168.963879582945,3056.283743446895,2467.141483509714,0.21520182871677285,0.2678078638289185,4995.112635186282,3407.85110347951,0.35369704456174317,0.3727744129322943,4139.623730897969,2227.6611805663247,0.28972670801362815,0.2426990913366762,1911.7998019873796,993.8043037421007,0.13413382821825617,0.10891807831663802,1.0,0.732421875,-0.017578125,1.0,0.9619774672953972,1.0162422813470728
Sub004,3,Ring-Little,0.5,1.0,71838.0,5.0,40.0,20.0,4.0,100.0,132.5312778992127,34.81026791672125,93.84745090807729,7.057138453015114,95.66759886317499,109.16773041006904,20035.413318238545,9373.618598166717,3429.3977294324327,1287.8872598434866,0.17209686428674398,0.13709497387448977,6956.132515660691,2903.7396151821517,0.34838224698522496,0.31085661626775407,6730.964877583593,3542.788809715176,0.3357809462417478,0.37913395619257134,2771.675958341162,1578.2816310391333,0.13636253521397057,0.1664392567826257,1.0,0.48828125,-0.01171875,2.0,1.137318804081879,1.0530522829098152
Sub004,3,Ring-Little,0.75,1.0,71838.0,5.0,40.0,20.0,4.0,100.0,184.01602064752228,48.5176752486214,126.91669181630569,10.076088001252389,95.66759886317499,106.6677060495331,39626.73452619554,17780.367276593362,6749.311030972876,2604.3079254000236,0.16970354877543006,0.14064053813393143,13794.45792805496,5675.540248939196,0.35069957043939065,0.3190394877748269,13336.771862705762,6511.2271441596595,0.33652719137441034,0.3700096659692418,5451.648805414832,2868.012964154704,0.135570397889866,0.16345636202044656,1.0,0.732421875,-0.017578125,2.0,1.5791357621549773,1.4241187241988174
Sub004,4,Thumb,0.5,1.0,71838.0,5.0,40.0,20.0,4.0,100.0,87.86967673140157,26.971044965795457,60.589523290904964,6.78735370384814,89.16753552578156,100.33431100284206,9492.062901715906,4105.569898715484,1677.935443307386,555.8422847623494,0.18202730714684034,0.13893976736982672,3652.1339750552293,1433.1630750198858,0.3893762532584472,0.35394865319174956,2994.5411672286123,1482.9975489904534,0.3080043179747498,0.35471895001972387,1089.9218389341497,604.3155762865314,0.1124699001904308,0.14499186249097148,1.0,0.48828125,-0.01171875,1.0,0.7540547200579931,0.6798686080925124
Sub004,4,Thumb,0.75,1.0,71838.0,5.0,40.0,20.0,4.0,100.0,111.48325765106763,28.307349179515626,79.87732224973855,6.9644152470807015,95.8342671538774,106.8343743402355,15026.608733090003,7379.224360553733,2142.2006167831546,813.8051018874295,0.14425944803911758,0.11157983133046344,5662.8614800213145,2511.5911893425855,0.37876528306449425,0.3429664992492873,5087.629109184436,2807.2812967345894,0.33711082232490885,0.37960233133595195,2019.0800897864217,1196.1323269071688,0.13196906016599846,0.1588701405590805,1.0,0.7649739583333334,0.014973958333333334,1.0,0.9566949574219521,0.8962949524350963
Sub004,5,I. Pinch,0.5,1.0,71838.0,5.0,40.0,20.0,4.0,100.0,123.82046151884515,23.746045340758034,95.48483555990047,11.671680845358809,98.6676280958181,108.83439382866425,22745.160046338347,12430.117215432358,3308.349690324862,1499.5933062441973,0.15653750785987913,0.12760690825807539,7866.245520636588,3921.854040877411,0.3502655236633856,0.3194929628223871,7780.01206892508,4749.646492316062,0.33532342437720875,0.377681233327163,3623.3764715233433,2170.7526891287416,0.1503418376225046,0.1679968477316708,1.0,0.48828125,-0.01171875,2.0,1.06256682533894,1.0714252022477393
Sub004,5,I. Pinch,0.75,1.0,71838.0,5.0,40.0,20.0,4.0,100.0,124.24282583613046,26.14055628217632,96.08858397544259,11.779360793893451,90.00087697929354,100.50097929354446,22253.98298992489,11925.576975898102,3753.9444963908704,1662.737465025978,0.17116180120606747,0.14117665730406995,8661.24101833406,4178.338401134805,0.38670013173235357,0.3503528261891902,6970.241327242223,4344.901834776997,0.31242084056805086,0.3609807401188117,2687.1369540544633,1650.8909467323174,0.121527760309794,0.13993936602723633,1.0,0.732421875,-0.017578125,2.0,1.0661913499631355,1.0781997991189165
Sub004,6,M. Pinch,0.5,1.0,71838.0,5.0,40.0,20.0,4.0,100.0,106.6127421405006,19.116056227880634,80.85028615271013,9.71849103920305,95.66759886317499,106.33436946812829,17526.044383035714,9255.286039284143,2981.295619547271,1230.3191040148674,0.1720838335359586,0.13357252375292147,6164.6531880692855,3007.7243366573493,0.35167303794951804,0.3246336463594225,5927.0940484390985,3543.8286133497727,0.3367047941557892,0.3829412197419131,2331.825535190419,1411.9151908016884,0.13257346947579784,0.15218015908489838,1.0,0.48828125,-0.01171875,2.0,0.9148985681956076,0.907212477091324
Sub004,6,M. Pinch,0.75,1.0,71838.0,5.0,40.0,20.0,4.0,100.0,132.44050621597697,24.930221524258855,101.43537111264438,11.998403820386812,90.50088185140073,98.8342963865205,24177.73105027471,12609.068868566263,4298.520095066277,1978.5076712543116,0.18751301562366884,0.16420899067294412,8811.12534875187,4171.432743562533,0.3662103278504157,0.3396110992435643,7695.641273607038,4555.908163901869,0.3127600764997475,0.3533001069162938,3189.445812039905,1814.424871339476,0.12615855942785334,0.13607444713104358,1.0,0.732421875,-0.017578125,2.0,1.1365398457570322,1.138195529920152
Sub004,7,Tripod,0.5,1.0,71838.0,5.0,40.0,20.0,4.0,100.0,107.84722103090752,20.123677869668857,84.09388822831956,10.46031658597687,93.33424279334145,103.66767681688998,17856.584935157818,9481.719875986086,3098.1092073345476,1408.1260697392893,0.17577606302809054,0.15084982095484453,6402.3755214292,3051.5053259116285,0.359480008409822,0.3234688759379227,5909.710014752997,3527.3372783226664,0.32797353701513005,0.3694618219764008,2303.9750546157215,1424.285055687055,0.128784448309349,0.14866361033671982,1.0,0.48828125,-0.01171875,3.0,0.925492264095602,0.9436085916103764
Sub004,7,Tripod,0.75,1.0,71838.0,5.0,40.0,20.0,4.0,100.0,146.06564076694278,26.8465550749951,112.78599352073145,14.232940345155612,91.33422330491271,98.50095980511571,29107.77229705997,15642.1363743239,5171.570123146642,2451.541086559039,0.1789407879253925,0.15454068172885058,10705.413902520346,5447.46785536924,0.3672122824089079,0.34829317054557984,9205.238778867666,5472.906706369021,0.3186465883544987,0.35319790670767376,3809.989510154215,2159.072726852894,0.12771471409686846,0.13684104061840413,1.0,0.732421875,-0.017578125,3.0,1.2534641067963288,1.2655596588722646
Sub004,8,5-Finger,0.5,1.0,71838.0,5.0,40.0,20.0,4.0,100.0,97.7579341408089,20.35214165330152,74.89068271069759,9.404765925075187,90.50088185140073,102.3343304912708,15625.946556920475,7965.2603047788825,2743.5206057644914,1158.6987887859789,0.17865593653017733,0.14723025363901154,5884.401737288627,2666.099030569144,0.3755716326100373,0.33535787526447774,5004.194804608796,2960.5711210442937,0.31891608311866904,0.3707901000807934,1884.398912662545,1129.7464614519272,0.11987043853342531,0.1403169654267552,1.0,0.48828125,-0.01171875,5.0,0.8389109235865922,0.8403403995961606
Sub004,8,5-Finger,0.75,1.0,71838.0,5.0,40.0,20.0,4.0,100.0,102.68180734985542,19.864679918820084,78.78826079128712,8.793234184052414,90.66755014210314,101.83432561916361,17776.397875054863,9212.041624296788,2887.3715338409093,1222.7153221667875,0.16636706402485615,0.13321136514481247,6876.714110463392,3226.3565241941255,0.38728092431407224,0.3506865078647374,5781.152229440595,3418.5606509736203,0.3219862449978818,0.37107194211756006,2085.4991055069136,1273.0980862443214,0.11622113881324193,0.13735158957755148,1.0,0.732421875,-0.017578125,5.0,0.8811652025638332,0.8840747094348393
Sub005,1,Index,0.5,1.0,71838.0,5.0,40.0,20.0,4.0,100.0,65.43632486491848,20.54084246474962,42.311852943436996,3.4569012627463747,105.50102801461632,116.00113032886725,5001.2819291766455,2022.1291357994714,885.4159004839165,360.43912155903644,0.1758965689561487,0.17825833989170412,1447.3811110303134,470.607303208,0.28827005294850494,0.23282404059744297,1886.9293370739904,794.8328419258627,0.3787204059605189,0.392701021693292,750.7641657401564,383.9680683606455,0.15096229026792504,0.19008975390617858,1.0,0.48828125,-0.01171875,1.0,0.8851414573514772,0.8109352878428314
Sub005,1,Index,0.75,1.0,71838.0,5.0,40.0,20.0,4.0,100.0,75.55811778685424,22.256275099336104,51.12831986609509,3.3793535897320948,105.16769143321153,114.00111084043851,6874.579918888744,3040.5945933412627,1195.8734299641883,564.1301076222285,0.17374068237290685,0.18511856473468832,1996.8750104103822,726.960517858256,0.2917889465840616,0.23896129543022848,2587.95186866388,1155.651974683857,0.37550270632009713,0.3810345309506948,1048.3811495992138,574.1059027952764,0.15235897411688196,0.18824186628871845,1.0,0.732421875,-0.017578125,1.0,1.0220565202989575,0.9799088412166388
Sub005,2,Middle,0.5,1.0,71838.0,5.0,40.0,20.0,4.0,100.0,67.8711143477377,16.163760630037952,48.76630775440467,3.5676318984807978,101.83432561916364,89.50087210718637,5216.308573049202,2701.3832154054567,923.3447963434783,595.4029486536111,0.17658930208653004,0.22331071322023024,1610.9234586831492,884.7795569545448,0.30935557009847464,0.326568231342192,1850.86347107632,802.6593890296743,0.355136860952024,0.2966079707689046,795.0244257939676,396.8695478420893,0.15196030004957864,0.14563747564185806,1.0,0.48828125,-0.01171875,1.0,0.9180762701731866,0.9346392810713409
Sub005,2,Middle,0.75,1.0,71838.0,5.0,40.0,20.0,4.0,100.0,85.75593028626696,21.555590700205034,62.44338817970877,4.707690021031118,101.50098903775886,79.16743808363783,8714.148589862702,5065.375505352888,1455.2849644970527,1319.3504691686119,0.16673644631524576,0.24978438528333735,2793.4099358448057,1855.6981226055584,0.3202538182856067,0.36141700403426436,3137.959970825345,1261.2490423711818,0.36081584699678637,0.26019958731927645,1265.5027336387325,586.7988506885297,0.14510016644136967,0.12019996686812329,1.0,0.732421875,-0.017578125,1.0,1.1599998818211836,1.1967697806826536
Sub005,3,Ring-Little,0.5,1.0,71838.0,5.0,40.0,20.0,4.0,100.0,78.50086192801187,20.866456403081806,55.243996585360065,5.731525364845173,96.16760373528219,95.3342622817702,7563.265019870712,3946.229931887867,1499.0779968254235,724.1241824975564,0.19652251963259795,0.1858725701525917,2414.3740797607957,1325.7464132314626,0.319779746821827,0.33529096509232975,2576.3790614717545,1294.733712471914,0.34088461477084175,0.32633994791822185,1017.9372911896153,571.3182014986024,0.13537218747935922,0.14477634705720135,1.0,0.48828125,-0.01171875,2.0,1.0618623138409056,1.0587885700119448
Sub005,3,Ring-Little,0.75,1.0,71838.0,5.0,40.0,20.0,4.0,100.0,94.47927065843713,24.5760451654814,70.60176217351105,10.077689476063858,92.83423792123426,83.50081364190011,11147.58529183993,7365.851974152421,2524.8253079545466,1940.0104790205812,0.21644529259951636,0.24050784567602349,3551.733451718779,2549.585755832853,0.3181975030963205,0.34865959561945226,3616.252025714208,2045.4631519984584,0.3310495324352014,0.2897551413602938,1368.0990841515652,771.4388626564828,0.12652079591268833,0.11270617165884471,1.0,0.732421875,-0.017578125,2.0,1.2779984128501665,1.353130537840648
Sub005,4,Thumb,0.5,1.0,71838.0,5.0,40.0,20.0,4.0,100.0,61.47137840605279,12.676150271956738,43.97683015184001,1.7414413276078446,86.33417458384083,111.66775477060496,4551.834347360683,2290.688614058191,1090.117660696552,351.3708294922846,0.24041589289582802,0.156333489950043,1523.4904443567623,638.527372284341,0.334509224116282,0.2809400632725069,1351.9135027852928,844.7214876217337,0.2974134301675082,0.36855928173161856,556.1662080023065,441.59403123283795,0.12104057016040104,0.18784897970181177,1.0,0.48828125,-0.01171875,1.0,0.8315085784548435,0.8428457024860521
Sub005,4,Thumb,0.75,1.0,71838.0,5.0,40.0,20.0,4.0,100.0,61.66266566246301,9.941742039907128,45.2798510915592,2.129625775519727,83.83415022330492,108.00105237515226,4465.548011482407,2387.343754331169,1137.054536901369,395.71675716879554,0.2533018823596425,0.16457463398484987,1495.5779557004146,685.916520041983,0.33802582291350897,0.29095351611633835,1263.1227919069624,838.2540273625355,0.2835595867632876,0.35176248514632436,540.6374838600365,452.9981105036057,0.11851549276165006,0.1866272441441658,1.0,0.732421875,-0.017578125,1.0,0.8340960752505641,0.8678189803575975
Sub005,5,I. Pinch,0.5,1.0,71838.0,5.0,40.0,20.0,4.0,100.0,58.9990499610579,12.286423311341153,40.356989278751065,1.839025227366358,100.00097442143726,118.83449127080796,4284.733322520604,2048.3757317058803,782.9611715067646,248.2395339082993,0.18462612403469714,0.12300926835171754,1330.5213683957961,560.481757209803,0.3111287022892742,0.2729384192503934,1521.910709649508,829.0802709118008,0.35325159839273756,0.4026936479146712,621.634438136506,398.6660633735556,0.14449068487834762,0.19547414043420516,1.0,0.48828125,-0.01171875,2.0,0.7980659851036465,0.7734690031415968
Sub005,5,I. Pinch,0.75,1.0,71838.0,5.0,40.0,20.0,4.0,100.0,78.2766138992914,16.907822882994843,53.82994988691495,1.8305634184486468,96.83427689809177,111.00108160779537,7437.216040632032,3529.2031485236535,1383.8896839085116,516.8013099757719,0.18493702775275198,0.14478585026371604,2435.1365989531946,1037.7440280978542,0.32818816121181665,0.2935378876494268,2573.568742617746,1322.5503972404595,0.34637376937258596,0.3761830563101813,995.7415377735673,630.5837842386472,0.13392802892008096,0.17942489484426258,1.0,0.732421875,-0.017578125,2.0,1.058828964590935,1.0316874083596836
Sub005,6,M. Pinch,0.5,1.0,71838.0,5.0,40.0,20.0,4.0,100.0,63.243525526485655,12.089897480964714,42.35819399352504,1.8030208000739958,102.83433536337799,114.50111571254568,5131.296795354245,2287.9477872984303,862.0930491585382,294.19962894084097,0.16682911189460217,0.12959915555887083,1596.7058210002335,661.4309913487604,0.3127218585133476,0.29195396154121095,1852.4147576496161,878.8532424297024,0.3617764023159303,0.3833790377409351,783.0931969265895,437.72825881257467,0.15141304804615063,0.18824513722052974,1.0,0.48828125,-0.01171875,2.0,0.8554799871190566,0.8118234454199132
Sub005,6,M. Pinch,0.75,1.0,71838.0,5.0,40.0,20.0,4.0,100.0,86.47209561342356,13.923558358635324,64.64591425005956,4.445611165594526,102.00099390986601,111.83442306130736,9579.040133327237,5442.9869604464275,1536.3792728824283,661.908519275103,0.1595639266149673,0.12130772535214107,3106.223811589434,1685.0991046937215,0.3244613610851353,0.3092331313786169,3474.4388924247833,2132.0377748852343,0.3632847621490874,0.39191110687420955,1396.626589301487,926.1140985344576,0.14585371290522012,0.17059464896476495,1.0,0.732421875,-0.017578125,2.0,1.1696872782740344,1.238982682945028
Sub005,7,Tripod,0.5,1.0,71838.0,5.0,40.0,20.0,4.0,100.0,71.65362432725841,12.195699198725173,50.7188530029831,2.7722509939555713,101.50098903775883,113.8344425497361,6108.910380250397,2954.266905770973,1059.2014389472836,412.148342876608,0.17025101766377623,0.13795406667360657,1923.9050086777315,837.275183414572,0.3148012293628417,0.283202419389654,2167.0054355486163,1119.0580845006325,0.3569613409076733,0.38016042457129634,915.1341430990265,564.3343838756861,0.15072437723860796,0.1914005096794071,1.0,0.48828125,-0.01171875,3.0,0.9692413746106826,0.9720611317593454
Sub005,7,Tripod,0.75,1.0,71838.0,5.0,40.0,20.0,4.0,100.0,81.32109794580298,13.755988989471147,60.094101846854606,3.711724662043151,101.50098903775883,110.3344084449858,8147.622650741549,4554.798335469405,1268.5975379513286,568.2231611629041,0.15795871010875506,0.1253452762440798,2674.262428108798,1402.3980200894118,0.3277990047137579,0.3055309760163612,2979.1987255784843,1785.77002586842,0.3640618286937181,0.3904901427143524,1172.769909931974,764.0531064807775,0.1437084039864668,0.1712689623970081,1.0,0.732421875,-0.017578125,3.0,1.1000109694082212,1.1517441186984076
Sub005,8,5-Finger,0.5,1.0,71838.0,5.0,40.0,20.0,4.0,100.0,66.6617780755174,13.851568298019693,43.551854968148426,2.2457949358772225,101.83432561916362,115.50112545676005,5235.454534562665,2139.756894834297,859.278309089554,258.7049439312323,0.1636530750895821,0.1213218192092463,1682.8187127473059,622.1722240482106,0.32134303055124397,0.2907252469882511,1904.7781559474377,841.8323092929314,0.3643683449462041,0.3932118365820829,750.5668797574463,403.41391259139726,0.14337581220638904,0.18836071074873187,1.0,0.48828125,-0.01171875,5.0,0.901717868740484,0.8347007655726605
Sub005,8,5-Finger,0.75,1.0,71838.0,5.0,40.0,20.0,4.0,100.0,85.47708895780495,17.656155541955005,59.517568267432495,3.0939625710667795,100.50097929354446,112.00109135200974,8827.571191356861,4242.6359586383405,1488.9895618797452,520.083202399643,0.16821850944737102,0.12244094666690276,2860.804791186523,1290.1280084507346,0.32383668920570224,0.3035368899849866,3174.972960719099,1655.3484128043547,0.3603370105890666,0.3905139943002051,1234.484141651539,742.171601231115,0.13988463773391982,0.17527231915779937,1.0,0.732421875,-0.017578125,5.0,1.156228062111654,1.1406944625936577
Sub006,1,Index,0.5,1.0,71838.0,5.0,40.0,20.0,4.0,100.0,46.22732738526974,6.630034931317618,37.71132285624734,1.5743975159998558,91.33422330491271,95.00092570036541,2439.1376182177014,1644.1851820372767,446.69445337789534,266.4442102338241,0.1844284747256316,0.16333920901810933,881.6327220182658,589.9580006908501,0.36103045189792454,0.3602265229059671,738.470290751601,520.3445892227384,0.30289063313832787,0.3162171339877386,352.4837947243513,253.9843129136501,0.14358405382471165,0.15208997730967244,1.0,0.48828125,-0.01171875,1.0,0.7334215151015099,0.7192517391468365
Sub006,1,Index,0.75,1.0,71838.0,5.0,40.0,20.0,4.0,100.0,55.2565964738549,7.914749142397987,46.016533522304606,2.0921412704984026,85.66750142103126,89.16753552578156,3505.583061930018,2488.3657310631693,713.8364427554225,484.796892992345,0.20476961328162502,0.1966292215836646,1323.313870845771,902.6528664412152,0.37595308355885,0.3618469893896803,982.0263268233908,736.2422223013681,0.2808175937731157,0.2965195019656622,457.0472748912709,342.46601427284895,0.1301428996528428,0.13616910767808188,1.0,0.732421875,-0.017578125,1.0,0.8766757456569092,0.8776534276347532
Sub006,2,Middle,0.5,1.0,71838.0,5.0,40.0,20.0,4.0,100.0,38.915432752968044,5.783489193157035,33.934677336321265,1.47715743969872,79.66744295574502,70.83402354851806,1739.9489318111152,1348.9068043712844,428.41760265519775,408.34475657112836,0.25154851577641996,0.30388684863312143,632.4971771700008,472.962286744953,0.3641222046667257,0.35053249573351736,433.96045031962376,299.95708393076166,0.24610603871745274,0.22177232749647013,230.03129910365723,155.77270461437638,0.1294178121997176,0.11500244209715381,1.0,0.48828125,-0.01171875,1.0,0.6174143578027272,0.6472214137004848
Sub006,2,Middle,0.75,1.0,71838.0,5.0,40.0,20.0,4.0,100.0,49.66810875226355,6.9450392382309944,44.71552907564538,1.8712446585414018,76.66741372310192,67.33398944376776,2909.301041257461,2604.3518070026767,746.0845630796889,792.9964687398989,0.25984052025983856,0.3096836606539923,1078.6205388206602,987.586366384303,0.36935825627908353,0.3717689342523139,717.7722107809933,556.1802864204632,0.24451729988510215,0.21357634830288963,339.2405997221769,240.85917490994385,0.11685147172045067,0.0950383810328894,1.0,0.732421875,-0.017578125,1.0,0.788011369762192,0.8528399329062755
Sub006,3,Ring-Little,0.5,1.0,71838.0,5.0,40.0,20.0,4.0,100.0,53.740149512152676,9.596131842388873,38.83476126118702,1.7537331919272177,81.83413073487617,84.0008185140073,3371.758018394806,1723.2088294179669,757.314537225282,380.92134969577864,0.22101271866689434,0.22199013687352254,1334.2702123161523,640.7618254039188,0.3941097089600878,0.37016148998570647,907.8541385849461,491.0323775638553,0.2711602317986294,0.2814833328438215,342.27666836713735,194.39369272019294,0.10500245604582227,0.11713351361039616,1.0,0.48828125,-0.01171875,2.0,0.852616495617351,0.7406785936132624
Sub006,3,Ring-Little,0.75,1.0,71838.0,5.0,40.0,20.0,4.0,100.0,54.21246142486506,9.581373059971924,39.10959408555323,1.6325125794540298,81.50079415347138,81.83413073487617,3623.4069065372464,1858.4514509834091,792.655700011538,411.4647583066489,0.22174808812058225,0.2262824050560377,1418.63974411298,683.5281975927841,0.394477848372325,0.3677967568064899,940.992445880153,486.18136261909666,0.25650672229682997,0.2604078036392074,439.3360527341738,260.4119034292418,0.11843563375178046,0.1363745853480405,1.0,0.732421875,-0.017578125,2.0,0.8601099791954734,0.7459203611230778
Sub006,4,Thumb,0.5,1.0,71838.0,5.0,40.0,20.0,4.0,100.0,58.34491718818191,6.629344818803819,48.45584434040103,2.221470913895765,93.00090621193665,97.83428664230614,3971.736210203801,2743.5812572194864,739.8927088565239,455.4224753307735,0.18214099748723986,0.1612746304927649,1397.3254844060023,949.4116620224557,0.35324862380968075,0.34540091831720904,1288.8294763719207,942.998456587981,0.32675725381530857,0.34745969917551967,515.7939040116985,375.04171153871454,0.1303066142480873,0.1383045005516157,1.0,0.48828125,-0.01171875,1.0,0.925673621708529,0.9241773471197176
Sub006,4,Thumb,0.75,1.0,71838.0,5.0,40.0,20.0,4.0,100.0,59.39881838582752,6.720385562196292,50.42543189413613,1.8911884610876015,91.5008915956151,97.16761347949655,4558.135045861433,3318.98910041691,746.3861036254301,482.82655121597116,0.1702106021830958,0.15012045321414116,1709.1178636757838,1192.9638968596055,0.37517861701520533,0.3622852029932037,1436.4127473195733,1115.631005638186,0.31059010946549964,0.33165171335515337,633.5273300784129,504.1700501656566,0.13660851168461305,0.14859056997733697,1.0,0.732421875,-0.017578125,1.0,0.9423943333928224,0.96174243808261
Sub006,5,I. Pinch,0.5,1.0,71838.0,5.0,40.0,20.0,4.0,100.0,65.11690274142764,7.955085985304873,54.04894234693378,2.01468685835548,97.50095006090135,102.00099390986601,5221.631690600348,3570.8678936816814,816.5332072434318,509.3307345066701,0.15987312558307584,0.14542668819447188,1801.4848780693185,1193.3524368762764,0.3501408305223391,0.341544686445278,1869.622160951114,1344.2840584746045,0.35241341033816304,0.37085315527182106,691.9449196686983,496.5214655283362,0.12929550963247433,0.13424013836382187,1.0,0.48828125,-0.01171875,2.0,1.0331148298777395,1.0308520846714115
Sub006,5,I. Pinch,0.75,1.0,71838.0,5.0,40.0,20.0,4.0,100.0,90.34222668148101,11.288301289758564,76.48401899920997,3.084132014252083,97.33428177019896,100.33431100284206,11113.543451742711,7955.434462063495,1655.3451477673043,1091.7766191674148,0.14903298254759842,0.13807782116130204,4048.2612765290382,2835.557801645438,0.36397904990797825,0.3556346307856826,3805.1427028739854,2821.185855900816,0.3425352496748382,0.35429355251529104,1531.9735796374962,1154.93129977819,0.1378982807084684,0.14546859472774662,1.0,0.732421875,-0.017578125,2.0,1.4333282177046027,1.4587465916223665
Sub006,6,M. Pinch,0.5,1.0,71838.0,5.0,40.0,20.0,4.0,100.0,68.06914783945638,8.763868125426933,56.13936780861497,2.218008597793123,96.0009354445798,99.6676378400325,7024.499228947086,4659.931992316513,1090.989644387071,693.0322763903506,0.15966927998473354,0.15041713332377907,2519.870873930427,1603.1221166783077,0.3610081677221906,0.348712182573988,2413.1986578863484,1639.4963424226116,0.33962946116115383,0.35015999358960626,950.1230347604254,688.7377171569732,0.13239731303628324,0.14312150776557497,1.0,0.48828125,-0.01171875,2.0,1.0799537927860126,1.0707218647531767
Sub006,6,M. Pinch,0.75,1.0,71838.0,5.0,40.0,20.0,4.0,100.0,75.82046227394207,8.658690079895445,65.01303332888342,2.300299492323044,92.66756963053187,96.00093544457978,8494.467870231056,6142.546996516377,1431.5280857856699,987.7520174117967,0.17409430473125456,0.16156146363719734,3119.8739092832275,2222.7415888810488,0.36515065873072433,0.3583438072552125,2816.2036822515124,2080.4468794002396,0.3245627824607036,0.33685185505216103,1064.576592600786,809.7047044638748,0.12872647131896395,0.13640633931115556,1.0,0.732421875,-0.017578125,2.0,1.202932582565242,1.2399654466447378
Sub006,7,Tripod,0.5,1.0,71838.0,5.0,40.0,20.0,4.0,100.0,60.86325753546604,7.532247231185184,51.552794307811475,2.1614431809469323,93.83424766544863,96.83427689809177,5136.7968569755285,3660.007157383375,874.871319327313,594.3079581486795,0.17089733715518862,0.16309331409069186,1864.4799961087338,1284.036681083161,0.3633339334377061,0.350980640690286,1666.16266924273,1228.9727250991107,0.32288234150866724,0.33404788983800565,695.7919120187904,526.905349455425,0.13593134006945415,0.14475691571990698,1.0,0.48828125,-0.01171875,3.0,0.9656284514059719,0.9832441334693163
Sub006,7,Tripod,0.75,1.0,71838.0,5.0,40.0,20.0,4.0,100.0,78.01482980962366,10.107878986322211,65.42352281328327,2.787639120872195,90.66755014210314,93.66757937474624,8796.9931927548,6083.417191438685,1532.2163989025146,1049.9995020196122,0.18772230093173461,0.18199327701335788,3149.9072485669944,2112.086485846759,0.35799242088286776,0.34793994882080215,2886.0183291700964,2034.1866828506209,0.3139777276295048,0.3233726100243905,1161.717387524205,843.154466591793,0.132081975136391,0.13895178546829112,1.0,0.732421875,-0.017578125,3.0,1.2377474086376226,1.2477945349183455
Sub006,8,5-Finger,0.5,1.0,71838.0,5.0,40.0,20.0,4.0,100.0,68.21351284025064,8.451952380065432,57.92170023729216,2.3178404835653255,95.66759886317499,99.33430125862769,7791.379106309233,5423.83821994359,1205.99264746294,808.1206570511646,0.161616492559962,0.1516853259850626,2799.1307826690972,1884.7296080681897,0.3614747621255557,0.34634295952586935,2668.4136826640333,1904.31824733342,0.33138668008543476,0.3446154045889996,1052.533458209961,780.7441183203255,0.1371406492123999,0.14891037831575268,1.0,0.48828125,-0.01171875,5.0,1.0822442214912615,1.1047155197609988
Sub006,8,5-Finger,0.75,1.0,71838.0,5.0,40.0,20.0,4.0,100.0,86.27081530102318,11.407409700347445,73.11415168474188,3.1883737905894907,89.83420868859116,92.16756475842469,10650.234524793668,7432.579541257071,1985.0897803404198,1347.9534074020123,0.18566339603793144,0.17914211514551015,3985.886899389061,2715.425848228993,0.37253915780090213,0.3637731277202449,3363.0610939990743,2415.5719818401835,0.31873363273140237,0.32860342497673,1228.7376913721978,894.9650519253481,0.11493956060718995,0.12066045934186974,1.0,0.732421875,-0.017578125,5.0,1.3687330772940323,1.3944745708326285
Sub007,1,Index,0.5,1.0,71838.0,5.0,40.0,20.0,4.0,100.0,53.2068427749241,16.715058096340318,28.494699801020328,2.156136632485753,94.33425253755583,109.16773041006901,3282.456994545988,864.7619026400967,581.5692208044043,115.55103759600604,0.17853328003818172,0.13498340355504476,1151.5422674931535,263.85697617983334,0.35375031054074574,0.3082682777970726,1105.0763438787308,319.99501179054204,0.33428001259688345,0.3686531423093557,420.646587885451,159.01468538409188,0.12621955772694635,0.18071982754515617,1.0,0.48828125,-0.01171875,1.0,0.7925092457018346,0.6671271560060085
Sub007,1,Index,0.75,1.0,71838.0,5.0,40.0,20.0,4.0,100.0,59.50000180144266,17.651910091440822,34.80365023866204,2.2611283832118176,96.66760860738937,112.33442793341453,4193.499843243503,1329.948326282977,688.5388378354974,169.05938983583678,0.16421617052845108,0.1274107842324192,1476.2346464051052,397.72626310011873,0.353574397490285,0.30074862194620905,1450.0552751153148,509.2345470948667,0.3452253348599453,0.38274471502252677,547.8868562037493,244.60598999294936,0.12964941778710162,0.18209153943959552,1.0,0.732421875,-0.017578125,1.0,0.8862450596136953,0.8148343504048793
Sub007,2,Middle,0.5,1.0,71838.0,5.0,40.0,20.0,4.0,100.0,71.60091406548177,24.096298350270796,39.539234611380294,2.767519281345212,107.00104263093787,111.66775477060496,6092.860415379863,1634.9703079417052,889.6037196565,204.97988605162618,0.14698861044111458,0.1275281405757343,1862.380674061311,487.55337824536576,0.3066463575941561,0.3000359475866704,2344.6492336744664,635.9764833593781,0.38364106978815754,0.3870554476633817,954.8671514837264,294.8711482768255,0.15592478054674117,0.17826188603883664,1.0,0.48828125,-0.01171875,1.0,1.0664866291284614,0.9257053880595698
Sub007,2,Middle,0.75,1.0,71838.0,5.0,40.0,20.0,4.0,100.0,80.66251778864596,25.69104762701082,46.2548198826349,2.8869408600257693,107.50104750304506,106.83437434023547,7601.626570664584,2230.3731250595442,1063.2866169670272,315.11372339554754,0.14110760748325898,0.1429383903265573,2350.1838649345937,708.1475844045971,0.31002328388414235,0.3168751844306571,2911.833099618842,806.740759224292,0.3817782497176905,0.36098860716108666,1221.9622305306316,383.9139408004109,0.1599580739079389,0.17173326520092735,1.0,0.732421875,-0.017578125,1.0,1.201458079358512,1.0829328491036585
Sub007,3,Ring-Little,0.5,1.0,71838.0,5.0,40.0,20.0,4.0,100.0,78.95353563903815,23.65700953778366,49.71206751702292,3.6420797428238507,94.83425740966301,100.16764271213965,7157.888612095343,2661.069164924523,1331.9088278539286,423.56205662541635,0.1839205377079678,0.15503300440518142,2470.456877268745,908.7037644817938,0.343384055924654,0.3391563974693173,2487.970276488244,932.2877443551224,0.34959112682303894,0.35232939147663983,814.9602167421867,377.55927975226524,0.11576271078829847,0.1463804415129146,1.0,0.48828125,-0.01171875,2.0,1.1760030047164605,1.1638750523219283
Sub007,3,Ring-Little,0.75,1.0,71838.0,5.0,40.0,20.0,4.0,100.0,81.84480418688432,27.481002848861078,48.618385587077405,3.0061516224390865,98.00095493300853,93.50091108404384,8070.937307973648,2592.572831342519,1383.5845497221628,495.5904124751277,0.1713144728736322,0.1860231436651917,2680.834392556571,899.7418306739096,0.3357133486818473,0.3490338343426537,2930.805878167592,814.68761615335,0.36107055496079626,0.31745648596214293,1018.6719977091261,364.49960407161075,0.12469116771777915,0.1404502857651382,1.0,0.732421875,-0.017578125,2.0,1.2190680868839538,1.1382694161652145
Sub007,4,Thumb,0.5,1.0,71838.0,5.0,40.0,20.0,4.0,100.0,43.52014753381314,12.144178191298382,25.74940254436324,1.5555584605204142,90.33421356069833,113.16776938692651,2177.4685983203367,714.8673321018802,440.4023031307097,89.6810207772085,0.20305931242713657,0.12460375361472598,775.7689901822492,216.672577044064,0.3548336007778996,0.30050607721812456,663.230681466309,267.3124196013775,0.30404728849212076,0.3740836479124372,281.6680475767562,136.23551090156468,0.13054470049618325,0.19385603382973482,1.0,0.48828125,-0.01171875,1.0,0.6482271357606222,0.6028533660024668
Sub007,4,Thumb,0.75,1.0,71838.0,5.0,40.0,20.0,4.0,100.0,50.10308942633676,8.940073872996033,32.743317190195306,1.6035177170409252,91.6675598863175,115.50112545676006,2670.8568340914294,1109.2311026121743,526.1964136555173,130.9321091154246,0.19692903236628698,0.1182903961264592,928.9584348519375,326.72872788952236,0.3479164942987656,0.2947017595080199,815.4481380421031,413.35025465547614,0.30547948015683113,0.3725586673926602,379.9685561462787,230.5305352188964,0.14208625706551647,0.20749043305406886,1.0,0.732421875,-0.017578125,1.0,0.7462792290940317,0.7665971646599155
Sub007,5,I. Pinch,0.5,1.0,71838.0,5.0,40.0,20.0,4.0,100.0,68.66177615004216,14.339240475054574,48.45151737744706,2.4936593639031757,105.16769143321153,122.83453024766546,6221.30593308364,3187.483936393574,1002.5318114968687,350.04384091423293,0.16128274895485342,0.1095575481091462,1881.9068329816646,833.2275970150682,0.3049198461670319,0.2623905571920227,2265.0694594216516,1316.300922248117,0.3626860263795771,0.4128517205156974,1030.1030346132948,668.9901621206692,0.16433239191694946,0.2092049020724356,1.0,0.48828125,-0.01171875,2.0,1.022708538738244,1.1343626435058822
Sub007,5,I. Pinch,0.75,1.0,71838.0,5.0,40.0,20.0,4.0,100.0,73.53450798176749,15.40987320909314,51.5080137065807,2.631757992866962,105.66769630531871,120.1678375964271,6980.496369833979,3563.302692499978,1051.102550830292,393.9472993618237,0.15112479148482985,0.11070220483311972,2150.6195326819584,983.4007146713067,0.3069586967242094,0.2738215749053023,2617.336598657759,1473.391808395397,0.37539937852186167,0.41309883098393074,1106.5922216904019,687.207159977666,0.15862050229698169,0.1951776567161946,1.0,0.732421875,-0.017578125,2.0,1.0952872678465222,1.2059223271536008
Sub007,6,M. Pinch,0.5,1.0,71838.0,5.0,40.0,20.0,4.0,100.0,70.78016368632906,14.505771866563757,48.13344373205089,2.1152217079533897,107.00104263093787,119.50116443361753,6539.856753783835,3047.497092689899,1020.3988587335301,360.2628729060648,0.1557390555315018,0.1185811817396855,1964.965139627741,824.572949377227,0.3002305618425764,0.27080230305904446,2385.4618090663644,1222.1176889292663,0.365412487874001,0.40053677499664775,1127.2395225701105,621.7883818922043,0.17223652397008024,0.20392585332054347,1.0,0.48828125,-0.01171875,2.0,1.0542616552347208,1.1269158001302586
Sub007,6,M. Pinch,0.75,1.0,71838.0,5.0,40.0,20.0,4.0,100.0,73.489139205022,15.755927361603355,49.41413934322344,1.8935498719016597,104.50101827040196,115.66779374746244,6951.272604016401,3178.5839294970992,1131.67996349105,411.1483594974233,0.16220746437831138,0.12831939102159287,2142.464458168713,898.8344778482551,0.3089286073180929,0.28220486454260973,2518.6810208218963,1252.5434226227892,0.3617113012817143,0.3938592020394836,1113.7909181910507,597.1061224204333,0.16072361436277743,0.18965164996429507,1.0,0.732421875,-0.017578125,2.0,1.0946115056106556,1.1568998612629302
Sub007,7,Tripod,0.5,1.0,71838.0,5.0,40.0,20.0,4.0,100.0,68.53829700472737,14.016945707369652,46.214561221279894,2.220348890488947,106.6677060495331,121.0011790499391,6258.5748815796005,2926.2645324895166,951.4490866700108,320.05606645701226,0.1527779035797934,0.10994773567669901,1882.1026999159142,803.643744834891,0.304007449523461,0.2752569597790593,2298.993944387454,1178.4236852817128,0.36536127513988054,0.3999024285812523,1081.6734434125626,604.7875515430622,0.17086741077315915,0.20843000887007568,1.0,0.48828125,-0.01171875,3.0,1.0208693323653477,1.0819903002632802
Sub007,7,Tripod,0.75,1.0,71838.0,5.0,40.0,20.0,4.0,100.0,71.30787746965848,14.788679822169998,47.011113828905685,2.1427433855201543,104.83435485180674,114.50111571254568,6515.721229933777,2872.2069893082967,976.8119536709346,362.5482394820883,0.1497524182605048,0.1251641714843064,2052.00746500573,842.0972988517851,0.31586518727578766,0.290004312869523,2401.1806023932713,1130.1167379824599,0.36770069993001037,0.3937367592138199,1037.8363722737347,516.1774796338384,0.15930066603434012,0.18369846755778885,1.0,0.732421875,-0.017578125,3.0,1.0621218858096115,1.100639448331004
Sub007,8,5-Finger,0.5,1.0,71838.0,5.0,40.0,20.0,4.0,100.0,61.469353744618225,12.375307617578878,42.38861830613993,1.7390050900444347,96.83427689809174,112.66776451481932,4999.406874146885,2413.03567609285,930.7330755253507,330.54764631545,0.1865835164832406,0.13708247875550736,1636.8564144149975,699.8641481758422,0.32781820316347315,0.2904164627237618,1671.1328693219336,917.2539087963706,0.33393932310891766,0.3800630246765155,724.0968131786658,449.13622678698124,0.14439833342365996,0.1857361882694741,1.0,0.48828125,-0.01171875,5.0,0.9155783096546668,0.9924160835197418
Sub007,8,5-Finger,0.75,1.0,71838.0,5.0,40.0,20.0,4.0,100.0,67.02205073612762,15.022954742440438,44.363762198706446,1.9484319718129377,93.83424766544863,103.50100852618759,5939.687051131415,2721.931677441557,1092.7724915562096,430.8050924275514,0.18361578072311546,0.15713249140460514,2067.7286283739454,879.1790381062233,0.348742231045637,0.3188784447623352,1955.06561109597,962.969007152528,0.3286331472653212,0.35491790325853856,779.5021254523452,429.43967682977217,0.13146275087141104,0.16161898431201052,1.0,0.732421875,-0.017578125,5.0,0.9982850344826603,1.0386587931096618
Sub008,1,Index,0.5,1.0,71838.0,5.0,40.0,20.0,4.0,100.0,37.68161390203128,6.792312653317757,23.872885495814142,1.5602551013825792,115.66779374746245,134.33464230613075,1541.8276570603527,601.29146258992,222.99107787024403,62.88370470392065,0.14367544977397417,0.10345202790659197,420.2177714199713,141.37171459326638,0.2719646298177745,0.2345178122494566,572.0942454980554,230.03472560620037,0.37157619599033836,0.3828829878584088,316.100124280942,163.11327818315104,0.20606027784001793,0.2726978369686901,1.0,0.48828125,-0.01171875,1.0,0.7696766638116581,0.7553236029975875
Sub008,1,Index,0.75,1.0,71838.0,5.0,40.0,20.0,4.0,100.0,52.907932037053165,9.657281911240906,34.5250736005648,2.197783050253684,122.33452537555826,141.16804222492894,3115.735445490654,1262.5476582144538,389.9395093003118,108.92023026346605,0.12631554391463914,0.08631171037676853,803.7189024757317,283.6555350824408,0.26018521540618433,0.22685125016346416,1194.8857143985686,501.07840674177214,0.3791996638025177,0.39449244608400313,705.3746802926222,361.4134700369529,0.22731184840117422,0.28646704730451916,1.0,0.732421875,-0.017578125,1.0,1.0806862127860677,1.0923523673042344
Sub008,2,Middle,0.5,1.0,71838.0,5.0,40.0,20.0,4.0,100.0,44.82279457781802,9.07315739027174,31.437015402708415,1.9518375823067977,115.00112058465287,109.16773041006904,2245.8303661022665,1099.2374190520202,309.6890112850073,152.00331110474016,0.13680356702372462,0.13849401597168529,633.5980387477999,337.27089259074364,0.28196596625350434,0.3054765926927788,846.2655491924128,406.98200636913225,0.3768951337173956,0.37008966165748364,439.2326412301375,194.59840197993802,0.196852272739685,0.17819281534303666,1.0,0.48828125,-0.01171875,1.0,0.9155409076443654,0.9946480807955883
Sub008,2,Middle,0.75,1.0,71838.0,5.0,40.0,20.0,4.0,100.0,51.14058610344398,10.566669215110663,35.772422698017095,2.4063101603620027,117.83448152659359,105.33435972391392,2972.429380692838,1463.5525555733502,388.4114247856434,228.27076312168674,0.12973092033750191,0.1554414152981974,814.4425559843853,459.2789736269465,0.2734357981664283,0.3124030189370881,1139.4865998911655,515.7586004821445,0.38366360748868406,0.35158160138029054,609.2315667246919,250.13040019827085,0.20618582011968847,0.17364623360732814,1.0,0.732421875,-0.017578125,1.0,1.0445867791068726,1.1318177354369912
Sub008,3,Ring-Little,0.5,1.0,71838.0,5.0,40.0,20.0,4.0,100.0,44.768712300713844,6.469515508887487,38.44922407925342,3.5131937718881967,115.50112545676006,98.50095980511571,2286.4081472049797,1869.997076844547,334.7836199239138,325.63911550995465,0.14445830449723648,0.1702411214940167,634.7140445800595,629.1771586371501,0.27670939809945766,0.33402727879079824,826.1251952274179,620.4884300238742,0.3632609751436025,0.33621461123093627,475.7306489792463,280.8951924218098,0.2091181009775072,0.15217254080620954,1.0,0.48828125,-0.01171875,2.0,0.9144362345079889,1.2165101059566272
Sub008,3,Ring-Little,0.75,1.0,71838.0,5.0,40.0,20.0,4.0,100.0,52.166115187807044,8.679608874304504,41.64652881620913,3.7750768403940786,113.00110109622413,92.33423304912708,3093.0387259043982,2200.633199631198,438.9322190613029,394.4739581057304,0.1412478111955169,0.17876455792934545,886.6374288055705,795.1911117409267,0.2871947319590866,0.3614409764145079,1145.4100090496859,704.4328103348399,0.37093275684127286,0.3206515324761617,599.9087339278537,290.03831467868486,0.19351785764607657,0.1316260225426518,1.0,0.732421875,-0.017578125,2.0,1.065534018955637,1.3176708866348608
Sub008,4,Thumb,0.5,1.0,71838.0,5.0,40.0,20.0,4.0,100.0,49.900435591371945,8.709957216024106,32.83134632048234,2.315585335759288,108.16772066585465,138.50134957369062,3030.494186437249,1221.5611670741491,450.649708508852,89.93616671868064,0.153428645120901,0.07876274699521596,913.348551992763,278.13787294513656,0.3003936844221167,0.2328953306710461,1104.161488796838,512.0461542058507,0.3617432521151594,0.413629394911705,540.5993048267045,334.1809584515135,0.17694028202010614,0.2685703616636714,1.0,0.48828125,-0.01171875,1.0,1.0192557274370164,1.0387638644853563
Sub008,4,Thumb,0.75,1.0,71838.0,5.0,40.0,20.0,4.0,100.0,51.511350713154805,9.157457354230623,33.55419001863614,2.6357323933318813,108.33438895655705,133.50130085261875,3060.867282949482,1206.0732852463702,460.26743519305813,99.71635331090373,0.15161570200199487,0.0845988891034042,918.1559936772618,290.3993774569387,0.29816324896905966,0.2400187183628725,1130.2870551137885,501.0764005862695,0.36976701916309884,0.4149621758492928,531.364206607638,307.4687787174612,0.17355619132224964,0.254271073532036,1.0,0.732421875,-0.017578125,1.0,1.0521599384891536,1.0616342002304575
Sub008,5,I. Pinch,0.5,1.0,71838.0,5.0,40.0,20.0,4.0,100.0,47.78603307291713,7.842821310534705,27.990140119158596,1.9625294815231067,108.00105237515226,127.66791067803491,2801.5655213472382,927.582204633728,430.6993277579389,86.02514824224238,0.15247923867077398,0.09316689434883525,833.5961854000863,234.49380082088192,0.2972388665759728,0.2556152851203262,1050.77309681271,389.40428168756466,0.3758237988648752,0.4182250287960012,465.4696513483729,211.70111198318705,0.16694160386443516,0.22644728801633987,1.0,0.48828125,-0.01171875,2.0,0.9760673894695828,0.8855910395463988
Sub008,5,I. Pinch,0.75,1.0,71838.0,5.0,40.0,20.0,4.0,100.0,52.45133683191,7.715768786374734,31.01082953009018,2.215320828171924,109.33439870077143,125.33455460820137,3298.0367828079666,1107.3397845332395,460.4865510216705,102.49993570538118,0.13932655275563974,0.09129627735836904,1002.6407280300406,298.1155839931533,0.3054473626297965,0.2691566841502649,1243.8106650476414,455.91100015548085,0.37646951097564285,0.4126309311133551,566.7370467087243,243.739606880947,0.1713983422271275,0.22062620834949256,1.0,0.732421875,-0.017578125,2.0,1.0713598958421948,0.9811638185387649
Sub008,6,M. Pinch,0.5,1.0,71838.0,5.0,40.0,20.0,4.0,100.0,46.74591324294257,6.311463926557642,28.582811011016005,1.6228100439034288,111.33441818920016,124.00120828258223,2768.3240505797785,918.4062075055057,383.3669874530871,91.54235706914191,0.14042342580556624,0.09900251447661873,817.369192957659,252.89872113393676,0.29562210898452296,0.2759655412256675,1052.305518264753,371.0453024995884,0.37879110954481227,0.40395405615520713,496.1982852994922,197.13517323122088,0.1782567817908329,0.2147247993526351,1.0,0.48828125,-0.01171875,2.0,0.954822122141582,0.9043427867328889
Sub008,6,M. Pinch,0.75,1.0,71838.0,5.0,40.0,20.0,4.0,100.0,60.508367042988674,9.072469500454325,36.078672272234265,2.081190863348257,111.66775477060496,121.83452050345107,4405.399136586485,1444.0124674909239,608.4303278900209,147.5411233447995,0.13766906759168498,0.10258299005368791,1302.8000589782448,393.0698151369943,0.2955166511588201,0.27245167384283897,1645.1338999400907,579.1331210497275,0.37383218809647606,0.40119821975050907,819.1190252894417,314.37865342982246,0.18622949788736412,0.21690970297702752,1.0,0.732421875,-0.017578125,2.0,1.2359310882867542,1.1415072860300581
Sub008,7,Tripod,0.5,1.0,71838.0,5.0,40.0,20.0,4.0,100.0,41.77311407979954,6.4536209743116615,23.332073590600945,1.8922992356620834,107.16771092164028,118.50115468940317,2274.290837577721,669.1248203699238,330.24491973134354,73.96820368998819,0.14690247593846317,0.10861774900885919,689.7743832090317,190.54054722868082,0.3108316037842995,0.2871505396887763,848.3247588077403,266.8731451064043,0.36994521169143485,0.3974843810689585,390.01092624906465,133.0578549375492,0.16533505181709493,0.19982351817783398,1.0,0.48828125,-0.01171875,3.0,0.8532487797777347,0.7382126426630587
Sub008,7,Tripod,0.75,1.0,71838.0,5.0,40.0,20.0,4.0,100.0,54.81095984845698,8.351752012117847,31.206505862862894,2.1563562463373613,108.33438895655706,118.33448639870078,3800.7599399678525,1153.163258190865,510.6038895159518,119.78211467285871,0.13384184613349667,0.10412192868680382,1208.3120466933449,333.6764758904413,0.3141634547207078,0.2863781224527571,1438.4537262621373,465.33330779277486,0.37985699276980384,0.4048967951747778,614.2897008981646,226.2575540745553,0.16470478879660194,0.1976629058104226,1.0,0.732421875,-0.017578125,3.0,1.1195570557608463,0.9873548989055331
Sub008,8,5-Finger,0.5,1.0,71838.0,5.0,40.0,20.0,4.0,100.0,41.865538990877106,5.443420601273523,24.407922564068183,1.6261217290669734,102.16766220056842,118.00114981729598,2289.5632352433527,733.6041392789006,351.7312727835859,78.58183351286648,0.15512679255931502,0.10946072290971072,754.414081561361,210.55401467778503,0.3277493686706088,0.28855491430187935,832.3781782231773,294.4062338467413,0.36344845022485667,0.3996156285602155,333.84248903327756,145.24535963489635,0.14611749250651915,0.19557989103336218,1.0,0.48828125,-0.01171875,5.0,0.8551366314338824,0.7722518509968403
Sub008,8,5-Finger,0.75,1.0,71838.0,5.0,40.0,20.0,4.0,100.0,52.48270202089796,8.221102519527944,31.001063672845685,1.698806884672285,103.16767194478278,112.83443280552171,3732.151483974723,1187.1923645732534,506.7424291145696,124.19566442191028,0.1395181263198787,0.10728042514729659,1266.1109881338164,361.8449994706168,0.33509492754636333,0.3057205961424005,1402.8712340714628,484.206011028715,0.37418614868477645,0.40459920611174366,529.1554376121089,208.8966980054247,0.14383833364472035,0.1756718408129536,1.0,0.732421875,-0.017578125,5.0,1.0720005545486622,0.9808548327447533
Sub009,1,Index,0.5,1.0,71838.0,5.0,40.0,20.0,4.0,100.0,48.16634672440506,12.65260706273792,33.14364296896786,2.1408491382471535,105.50102801461632,105.33435972391392,2615.0031146174074,1136.3562467020836,361.15476481884053,164.8672159693972,0.13838450788364645,0.14487663668069214,843.2651172680711,362.9378594275175,0.32286393285357606,0.3199366162509005,908.7330341437519,391.46629793020344,0.34721615345268625,0.34447068763770883,482.92297595459394,208.6433093445205,0.18429987167506376,0.18327596807197563,1.0,0.48828125,-0.01171875,1.0,0.8345017078401737,0.7323785316591924
Sub009,1,Index,0.75,1.0,71838.0,5.0,40.0,20.0,4.0,100.0,59.059149419742596,15.151961890954395,42.57496456685505,3.067734971699926,102.5009987819732,98.6676280958181,3913.9342925496253,1864.4972652488186,552.5798118481662,284.4253460970191,0.14097187171587908,0.15235140256459453,1324.0994686427687,655.3359404731053,0.33901551727178564,0.352170793893057,1336.2944426399092,607.1213969345105,0.3406634947282709,0.32544505227568504,671.1620505798297,303.03275920773507,0.17173527559615795,0.16222345763230053,1.0,0.732421875,-0.017578125,1.0,1.0232239811825163,0.940783427582477
Sub009,2,Middle,0.5,1.0,71838.0,5.0,40.0,20.0,4.0,100.0,57.005697379208605,12.91284649117523,45.68598609078412,2.8989336600518265,104.33434997969955,91.16755501421032,3640.9927069307,2279.03108943167,534.9087104119977,420.3756318862101,0.1474629369207001,0.18399997570099466,1169.447600038912,825.3680480741068,0.32215940769409496,0.36249524979296943,1242.9998660619146,703.62685129069,0.3404696714491069,0.3090943501168424,665.5339377983161,309.02782534815225,0.18217898236064686,0.13532382962390985,1.0,0.48828125,-0.01171875,1.0,0.9876470825524767,1.0095279943094542
Sub009,2,Middle,0.75,1.0,71838.0,5.0,40.0,20.0,4.0,100.0,68.43270869563639,15.816350107125663,52.90234322202363,3.4567505179676847,100.00097442143726,87.16751603735283,5212.168152129667,3016.8018510915954,846.0788295685634,629.618523172816,0.16360826568857614,0.21003271440963003,1725.840529672578,1092.445469436679,0.3321138209051514,0.36100873989466215,1733.6054035690825,886.8288326322303,0.3310595622983734,0.2935733357072239,868.6356333631139,381.90297700655157,0.16588797470904035,0.126626620151037,1.0,0.732421875,-0.017578125,1.0,1.185624739309997,1.1689885896536032
Sub009,3,Ring-Little,0.5,1.0,71838.0,5.0,40.0,20.0,4.0,100.0,73.15366196516995,14.735347423164,60.33067171574836,6.431749736922712,97.50095006090135,81.16745757206658,5712.521354016007,3861.067008537171,919.55233479168,902.2852713315239,0.16052586745146796,0.23310144565354893,2000.5638432790681,1460.570914631663,0.34786943942775445,0.37721778717758475,1860.660064195249,1015.8532609838902,0.32738166041926137,0.2642084759624723,889.2620515780858,450.16529905572133,0.15680499556450403,0.11720082616347943,1.0,0.48828125,-0.01171875,2.0,1.2674171905540366,1.333133138278207
Sub009,3,Ring-Little,0.75,1.0,71838.0,5.0,40.0,20.0,4.0,100.0,79.35568034583736,14.279059947640212,66.95603899220994,6.591016114501666,97.16761347949655,78.66743321153065,6691.482520678692,4806.463549089227,1079.7392843746532,1119.2741671323563,0.1612534633443779,0.233391819941035,2353.7340701021926,1898.4155045633354,0.35091351482427574,0.3944081185206944,2162.006322538833,1234.7873643038672,0.32305316950248397,0.2565091942630154,1044.8356527532685,510.41739180502435,0.157203103554144,0.10661865305300781,1.0,0.732421875,-0.017578125,2.0,1.3748697021662721,1.4795345692307715
Sub009,4,Thumb,0.5,1.0,71838.0,5.0,40.0,20.0,4.0,100.0,45.037412499706136,8.199436290836106,34.30871659926651,2.4008797760257568,109.16773041006901,103.1676719447828,2207.819491189481,1252.6858466823558,316.1062119495647,179.6542607170508,0.14455306771544624,0.14499939594414327,669.1446371214705,415.1844119729156,0.3040566575819203,0.3317218107117421,754.5538953526149,424.54953397643953,0.3405091215788823,0.3384877320511393,452.53155887190627,223.93596785100502,0.2039037319324983,0.17730376996915234,1.0,0.48828125,-0.01171875,1.0,0.7802916393628851,0.7581232850477045
Sub009,4,Thumb,0.75,1.0,71838.0,5.0,40.0,20.0,4.0,100.0,53.64152040562527,8.98612760579908,42.49367200510585,3.4772381153337215,107.00104263093789,99.83430613073487,3116.1715257035726,1945.7921177369972,443.9492855912399,285.0322623896099,0.14239862777330184,0.14659003514714578,987.1616416186806,680.2458546576797,0.31644243837588254,0.3495711346119865,1058.70420337273,650.767289097032,0.3385005769786049,0.3337123485099372,604.3125063778172,314.3874547553738,0.19555998942660321,0.1622570533043379,1.0,0.732421875,-0.017578125,1.0,0.9293613369883562,0.9389870973762762
Sub009,5,I. Pinch,0.5,1.0,71838.0,5.0,40.0,20.0,4.0,100.0,45.186741497398835,7.3874935235652615,33.61484216250147,1.7199913763393468,108.50105724725942,111.66775477060496,2406.083297442665,1332.935627099885,336.64352424823386,169.9516430849657,0.14116192756917267,0.12907091762415387,738.822991382865,402.7346095474777,0.3079577390321928,0.30310494759887746,826.9795056361882,482.1667702402089,0.3415825761562045,0.3594231025756172,487.06840983372894,268.2255709466885,0.20239728719374908,0.201007268177678,1.0,0.48828125,-0.01171875,2.0,0.7828788254809779,0.7427906693292201
Sub009,5,I. Pinch,0.75,1.0,71838.0,5.0,40.0,20.0,4.0,100.0,49.918085435431806,7.8455975494801,38.14841056391747,1.8311508295483077,103.66767681688997,103.0010036540804,2897.248280621275,1689.0680802315057,438.95731061991256,245.7353898042612,0.1519420614701046,0.146458044599012,929.754897001153,560.0418331245942,0.32116377458965006,0.32923328125868495,973.5573242461951,583.8494216054104,0.3353607613220099,0.344390574785163,533.2461643156125,285.95187480155226,0.18406253841518505,0.17196747162291304,1.0,0.732421875,-0.017578125,2.0,0.8648512993175128,0.8429694026119292
Sub009,6,M. Pinch,0.5,1.0,71838.0,5.0,40.0,20.0,4.0,100.0,51.103677879664986,9.133637519351195,39.54654813097356,2.7654880451470674,107.33437921234265,102.66766707267561,3131.4056250893086,1776.776209853845,439.0302919637548,260.3755860620395,0.14044858427757692,0.1483655813731806,989.1407357044767,589.603992373085,0.31533044250735615,0.3321529813535808,1070.3516287926057,605.9603718610948,0.341968979818563,0.3394629152718463,611.0762252052083,308.37210746037505,0.195304222000405,0.17305193155729523,1.0,0.48828125,-0.01171875,2.0,0.8853921745716805,0.8738641940920578
Sub009,6,M. Pinch,0.75,1.0,71838.0,5.0,40.0,20.0,4.0,100.0,62.56427214094396,10.74402995644631,50.151269042065586,3.6230408126845846,106.1677011774259,101.33432074705644,4533.211139350579,2811.1416529509356,645.4397707754024,397.99274183114153,0.14215207607082905,0.14229813586078724,1447.7364888203892,962.9858734624399,0.32102480792656907,0.3438901139951585,1566.2675536578306,978.0629907407765,0.34451283722609344,0.34484824227449057,842.0384701040672,451.4807702323921,0.18524580738490015,0.16150465606650932,1.0,0.732421875,-0.017578125,2.0,1.0839516696195943,1.1081978168864195
Sub009,7,Tripod,0.5,1.0,71838.0,5.0,40.0,20.0,4.0,100.0,51.554926197225534,6.5463034426094175,42.08103329701063,3.0295950366344395,107.50104750304507,97.83428664230614,2934.196408926114,1899.4688404269084,428.3736395987701,295.2135525973047,0.14646944682918436,0.1560848850817646,914.5989354807601,668.0518979379021,0.31099099019176163,0.3512285469866722,974.1000995285268,613.8150634688762,0.33215980800634815,0.3226403619374148,597.3777488522297,309.50938029889,0.20366788527999288,0.16321784064756842,1.0,0.48828125,-0.01171875,3.0,0.8932102367099386,0.9298689768539341
Sub009,7,Tripod,0.75,1.0,71838.0,5.0,40.0,20.0,4.0,100.0,57.581241166077604,8.981161931832842,45.22643268441598,2.8082787328957743,105.33435972391392,100.00097442143726,4032.7760799117714,2418.130105303589,590.3204820763467,364.3523807930058,0.1461809241724966,0.15310944447473263,1295.4171200211567,834.5792781797544,0.32118610921673924,0.3426627176450272,1358.8185787470884,805.4980043353665,0.3366216895681196,0.3314507118335469,760.0911052137227,394.84805427035104,0.1890425008080414,0.16500184999779755,1.0,0.732421875,-0.017578125,3.0,0.9976186146644528,0.9993731948117042
Sub009,8,5-Finger,0.5,1.0,71838.0,5.0,40.0,20.0,4.0,100.0,56.268704811275626,8.324092656201286,44.512158875871215,4.285060138275743,101.50098903775886,93.83424766544863,3555.969691088472,2218.5052366966743,533.6328597867335,363.8477198559408,0.1500264027323758,0.16292692052432337,1200.0835408482,829.3032253172429,0.33721990786777006,0.3700251195215852,1166.1461904284217,692.5292419752409,0.327653906974336,0.3142615517454513,631.2313823765168,315.79770552101246,0.17811046976103195,0.1451113368624735,1.0,0.48828125,-0.01171875,5.0,0.9748783841057255,0.983589812049754
Sub009,8,5-Finger,0.75,1.0,71838.0,5.0,40.0,20.0,4.0,100.0,65.46923922655564,9.636412723128737,52.400047114133336,4.306795529206222,102.00099390986601,94.16758424685344,4931.050477981161,3142.8821732975243,711.0506971337028,508.4475778945384,0.1441030569705258,0.161687533336327,1669.073930522328,1169.3966116449708,0.33861997214010625,0.3712998368646381,1634.4901083911664,983.606816114223,0.3314427752287943,0.3133309038946817,880.3556442292738,454.97695901612855,0.17852090602883042,0.1452104122076944,1.0,0.732421875,-0.017578125,5.0,1.1342814155734045,1.1578893002272943
Sub010,1,Index,0.5,1.0,71838.0,5.0,40.0,20.0,4.0,100.0,83.36347896351425,25.09681336768924,57.72153975755368,8.674752857800481,87.5008526187576,103.83434510759237,8530.439770801606,4032.293024302104,1809.0422115275278,668.915914330059,0.20897905834757427,0.16567035289104207,3068.271818102323,1233.7806339443207,0.3600840065713593,0.30817275850357173,2508.316726195821,1496.3608476279314,0.2953430497284774,0.3695268740068034,1077.202590194217,602.2019553435579,0.12768017904409718,0.14899795140675617,1.0,0.48828125,-0.01171875,1.0,0.8609094918331633,0.7997463163013611
Sub010,1,Index,0.75,1.0,71838.0,5.0,40.0,20.0,4.0,100.0,96.45002324006862,28.438705345011595,67.76038352494216,11.156891372903784,86.66751116524563,97.33428177019896,10777.28199295902,5178.250596325711,2323.267819677419,979.730012292233,0.21484689460178907,0.18720415168140084,3896.333638679769,1670.1702204745259,0.36217370473985255,0.3227496885779142,3124.37427103491,1787.077120802828,0.2897406468210294,0.3467139613764972,1347.9313939815227,700.3246642906729,0.12533102104756091,0.13540024651711455,1.0,0.732421875,-0.017578125,1.0,0.9960565649047124,0.9388369981614749
Sub010,2,Middle,0.5,1.0,71838.0,5.0,40.0,20.0,4.0,100.0,93.81304881760609,21.483119204923415,71.2175489410583,4.001294398439732,86.16750629313844,81.33412586276899,10815.515245138511,5998.156631050756,2300.692186709491,1577.0282044917665,0.21367476174442016,0.26430665251249846,3914.8210389495193,1923.092462586843,0.3618373247696683,0.3209606139151225,3236.0162732669974,1791.4330487649875,0.29865527955123644,0.2971570667977546,1274.5922100810835,655.6465685409654,0.1175208501229393,0.10896812771380447,1.0,0.48828125,-0.01171875,1.0,0.96882406047657,0.986736886452683
Sub010,2,Middle,0.75,1.0,71838.0,5.0,40.0,20.0,4.0,100.0,109.87077875254477,24.13004940045496,89.24926406211772,9.090176143529005,80.8341209906618,67.33398944376778,14662.452038256974,9559.991204327243,3542.819063069564,3110.043600429126,0.24196600419511316,0.3250648074714989,5355.063014866747,3284.8997248332707,0.365378478610481,0.34367801324343633,4032.031173998362,2246.283602891198,0.27462981951007076,0.23524497994124752,1603.8098965979045,816.7083410145974,0.10922442519870042,0.08536955713014638,1.0,0.732421875,-0.017578125,1.0,1.13465509692279,1.2365707925687384
Sub010,3,Ring-Little,0.5,1.0,71838.0,5.0,40.0,20.0,4.0,100.0,93.95646351443573,22.082581390610965,67.87070528873598,4.952686211434689,86.16750629313844,90.33421356069833,10496.747844582338,4993.020534612194,2182.1188238498166,1058.0355676561505,0.20903089542174966,0.21335670972372575,3893.69320787689,1675.919355164487,0.370882930741441,0.3366694307108223,3127.896810475777,1617.6051079964573,0.2974270312269041,0.32277148477665735,1211.829676566255,602.5627937040429,0.11490537584703701,0.11937335590853543,1.0,0.48828125,-0.01171875,2.0,0.9703051295886573,0.9403655336886381
Sub010,3,Ring-Little,0.75,1.0,71838.0,5.0,40.0,20.0,4.0,100.0,123.03188778529027,29.48500076207394,89.83039160315359,6.994469488340553,81.66746244417378,81.50079415347138,18982.280898566863,9466.22703840224,4234.804630537798,2295.848530422316,0.22714010048062108,0.24500022753783798,7097.344348206508,3305.1847987691167,0.37614267644346183,0.35281067341383326,5410.110157460121,2765.6829467689045,0.2814244343637373,0.28887747317435597,2069.861880330091,1008.6076591911118,0.106293971024725,0.1034983240626221,1.0,0.732421875,-0.017578125,2.0,1.270572213509309,1.2446224594542166
Sub010,4,Thumb,0.5,1.0,71838.0,5.0,40.0,20.0,4.0,100.0,82.77671640840957,20.554441438605433,58.72232266439656,8.754478307969125,80.1674478278522,95.1675939910678,8482.527305895912,4295.614559114041,1762.3879241666639,703.785819497864,0.2086612321845328,0.1642489141294521,3407.1132884398853,1534.2181882955304,0.40112935130533883,0.35717112931280187,2311.330775620953,1461.6551764213564,0.27220467459205977,0.3399392352757995,935.8698364803319,565.3692957610532,0.11024060913771865,0.13151705688068008,1.0,0.48828125,-0.01171875,1.0,0.8548498904414916,0.8136124128491445
Sub010,4,Thumb,0.75,1.0,71838.0,5.0,40.0,20.0,4.0,100.0,85.93447787659511,19.617130371619634,65.95355539255043,11.635118856067658,74.33405765326837,90.00087697929354,9348.597467118738,5588.632704003547,1904.918546534449,899.058767808414,0.20950902426177118,0.16494986606851283,4176.669234024431,2180.8495310111243,0.44011911442321366,0.38698093562613983,2311.298046071743,1796.568251579258,0.24629334939719075,0.32037358266321564,888.2254212932266,672.9393576363492,0.0966542037735138,0.1205082569735174,1.0,0.732421875,-0.017578125,1.0,0.8874606554276289,0.913802944164659
Sub010,5,I. Pinch,0.5,1.0,71838.0,5.0,40.0,20.0,4.0,100.0,89.3055902056489,18.454525798448387,66.05347758413261,8.356737056660762,81.50079415347138,98.16762322371092,11307.724255740171,6249.765949561097,2365.2810477035905,1049.5051263483022,0.21394767175035176,0.16910622697910382,4348.019589596245,2097.236250942975,0.3804940315424181,0.3343105163772491,3154.963294005127,2120.5040668813886,0.27913170191315134,0.34056893843660757,1350.598128345628,937.9102659797691,0.11886406992695524,0.14908929637554655,1.0,0.48828125,-0.01171875,2.0,0.9222747327454484,0.9151873910274811
Sub010,5,I. Pinch,0.75,1.0,71838.0,5.0,40.0,20.0,4.0,100.0,110.11174456035825,21.61787466880145,85.3268375487421,13.907393681902454,82.66747218838815,92.50090133982947,15810.060516272648,9583.733073434641,3073.715660484542,1721.8869971622978,0.19331978785200366,0.17607879158605602,6414.55701812324,3433.168051934808,0.4046770732360275,0.3604340788703925,4415.656360827786,3136.2289802761893,0.2801678184525511,0.32780128793992835,1781.3374685266,1221.305211992176,0.11393617092635379,0.12825248766675332,1.0,0.732421875,-0.017578125,2.0,1.1371435937289833,1.1822245958419884
Sub010,6,M. Pinch,0.5,1.0,71838.0,5.0,40.0,20.0,4.0,100.0,93.3145242066587,18.557582025949525,68.14923262374671,5.522900256128192,84.3341550954121,89.50087210718635,11901.87569195324,6209.721440700229,2378.4989732931213,1194.0895558942227,0.1997238904033353,0.19242647854333153,4686.456559220013,2229.8664224433473,0.3941139081860651,0.36006140533012737,3398.5847745937667,1967.217406244287,0.2856764472751895,0.3164744740310166,1343.5137283004672,767.1524269836169,0.11253735346933784,0.12270826039858244,1.0,0.48828125,-0.01171875,2.0,0.9636757080467862,0.9442245993182052
Sub010,6,M. Pinch,0.75,1.0,71838.0,5.0,40.0,20.0,4.0,100.0,98.68075396536854,19.336862850493223,73.94275715084088,6.463322966822112,83.16747706049533,90.83421843280553,13850.676288130468,7363.669094114354,2502.0361724120407,1317.3259726012138,0.18053159337038602,0.17858688584955998,5700.532180467999,2677.62917832901,0.4110353515798911,0.36340108872129345,3948.163907077303,2366.049062790271,0.28545788282065576,0.32156797301966633,1596.863063678884,946.9533394830761,0.11552948759345771,0.1288886556090234,1.0,0.732421875,-0.017578125,2.0,1.0190937183322357,1.02449532526222
Sub010,7,Tripod,0.5,1.0,71838.0,5.0,40.0,20.0,4.0,100.0,91.51103667657624,16.274623495453994,68.36726319998324,7.622120823943284,82.00079902557856,91.33422330491271,10954.71305411699,6049.5799865075605,2414.5499707154886,1202.8888384098775,0.2215996031036941,0.19966426219835234,4140.751456159208,2063.8686066703667,0.37754409219767987,0.3411006010804634,3065.952775172625,1931.1153955697107,0.27913621460265264,0.31894672082425396,1247.8229130920965,801.0058808271428,0.11384460889620823,0.13182203056257089,1.0,0.48828125,-0.01171875,3.0,0.9450507711756859,0.9472454672804707
Sub010,7,Tripod,0.75,1.0,71838.0,5.0,40.0,20.0,4.0,100.0,104.45787685604425,19.612118100585636,77.44019400706472,7.70987242900483,81.1674575720666,87.33418432805523,14607.790754650856,7930.237719758038,2853.033637565006,1577.2499920499151,0.19520391558007186,0.1988833079195074,6025.018311295676,2903.036995225732,0.41234532192067824,0.36580527378267286,4002.4139612136655,2405.4114033215074,0.27387692943985226,0.3032344242596105,1599.0016771131188,971.8849403735393,0.10986013054674126,0.12296351980161184,1.0,0.732421875,-0.017578125,3.0,1.078755095159445,1.0729531843908928
Sub010,8,5-Finger,0.5,1.0,71838.0,5.0,40.0,20.0,4.0,100.0,89.8170211460839,15.577878107690372,68.6472911856535,5.670958199754071,85.00082825822169,93.33424279334145,13012.011959193338,7703.74961221727,2424.7355135342464,1437.147072760644,0.1872384103037774,0.18559932713605679,5101.138146737324,2644.7822091075245,0.39024150226728266,0.3422185813786404,3788.637763041366,2502.639577975098,0.29151730186503655,0.32582174420234294,1595.812714737309,1057.9404838488629,0.12310084642650791,0.13832301235915373,1.0,0.48828125,-0.01171875,5.0,0.9275563711380875,0.9511253247988553
Sub010,8,5-Finger,0.75,1.0,71838.0,5.0,40.0,20.0,4.0,100.0,102.91455219546175,19.346311367959803,78.54422207982815,7.726301475445844,81.83413073487617,86.66751116524563,15257.503377811016,8861.010352509993,2973.7376225476096,1840.5034029089786,0.195046164428786,0.20717397485183775,6247.396625672281,3212.2296714093045,0.4079634993091772,0.36111690802871027,4230.404046616125,2680.260975820956,0.2776583422686372,0.30335292771381744,1676.6223124207124,1047.1462218935142,0.11082801942646348,0.11919574752818625,1.0,0.732421875,-0.017578125,5.0,1.062816906569005,1.08824976843897
Sub011,1,Index,0.5,1.0,71838.0,5.0,40.0,20.0,4.0,100.0,34.14355302313424,10.106875833376193,24.791450949242734,2.0230441635179317,94.66758911896062,105.50102801461632,1311.2762576545856,640.5571677419706,227.14473267718117,92.00849794901085,0.17304143546606499,0.14556163397044677,462.1572153463444,204.66020132175447,0.3533938966205503,0.3192489051498022,428.7120219760664,225.69179073210853,0.3264803497536628,0.34969308316711983,182.23093934522365,112.97461866335141,0.13882747941282225,0.17754011240147327,1.0,0.48828125,-0.01171875,1.0,0.6869302718408984,0.6426565118985023
Sub011,1,Index,0.75,1.0,71838.0,5.0,40.0,20.0,4.0,100.0,43.66051950697632,10.700812843775092,33.79075170416809,2.384075048537446,98.8342963865205,105.83436459602113,2190.8525133788644,1250.8812735122572,327.1480886823177,164.4682699098706,0.15438003308584447,0.1345371949295287,760.4878580073228,416.4303179413284,0.34558784616825616,0.32785843392283026,754.9374210734148,451.75433108693716,0.33986763982904106,0.35651786664050217,331.4916544819267,208.16481573579895,0.15239317570113586,0.17338701334451434,1.0,0.732421875,-0.017578125,1.0,0.8784010414300161,0.8759409309721081
Sub011,2,Middle,0.5,1.0,71838.0,5.0,40.0,20.0,4.0,100.0,43.51957007891777,12.303033338179958,33.06086397444276,2.745833315935826,92.50090133982947,82.66747218838815,2245.143550060467,1264.664872319493,396.41269678734415,255.479897420586,0.17741661310816859,0.20197586226739664,817.404519240324,500.38677957929775,0.3628339252719744,0.38898105170005487,724.815992419923,340.3536149021389,0.3223720556715237,0.2721901363508337,287.88707319319707,156.55975804401112,0.129221958434813,0.12770671334540917,1.0,0.48828125,-0.01171875,1.0,0.8755652958687246,0.8570204126279761
Sub011,2,Middle,0.75,1.0,71838.0,5.0,40.0,20.0,4.0,100.0,53.14584112472739,14.376526894686888,42.774938809397106,3.1560807874830448,84.5008233861145,78.00076004872108,3434.93022624013,2305.4859605281667,657.5121123810687,458.0839310801341,0.1946982722469628,0.20026793045839186,1373.4069591616255,1010.9330983402996,0.40244039203968546,0.43670605287332914,1016.823468234431,593.4896328625849,0.2910789936844977,0.2563170282094896,356.68958327016435,218.6985084969667,0.1027868816530193,0.09617453016966797,1.0,0.732421875,-0.017578125,1.0,1.0692351515463618,1.10883356638546
Sub011,3,Ring-Little,0.5,1.0,71838.0,5.0,40.0,20.0,4.0,100.0,48.56052833993135,18.2640282874265,31.868214680402215,2.6909532851205924,84.6674916768169,91.16755501421032,2906.7684522588006,1128.1001859027601,616.7019537667724,218.5070898731216,0.2107383903552619,0.1863220277038836,1123.6604402033634,416.39742500314105,0.3845160499088948,0.361178711527057,864.0244719225157,335.4656067745946,0.29919985553307465,0.3052976391433393,277.34282873326293,148.57492117482533,0.09706667913632933,0.13906476562435865,1.0,0.48828125,-0.01171875,2.0,0.9769837635434402,0.8261039553058314
Sub011,3,Ring-Little,0.75,1.0,71838.0,5.0,40.0,20.0,4.0,100.0,70.62459083393475,25.479248507608244,47.96726037852358,3.0945934974886202,88.3341940722696,90.50088185140073,6103.108784854736,2471.2922745768196,1098.8315261348846,438.9914163660071,0.17872885913306058,0.17871763472833568,2394.3024019042637,916.5705035064175,0.3918781214595926,0.3692503452026627,1926.2288009113133,753.838463803526,0.3161215126255285,0.3033361318131787,630.0693839453719,342.46820430235334,0.10446321250171582,0.14075684756188367,1.0,0.732421875,-0.017578125,2.0,1.420888135084707,1.243431548371347
Sub011,4,Thumb,0.5,1.0,71838.0,5.0,40.0,20.0,4.0,100.0,32.46740336539863,8.624614053524144,25.861653924864385,3.687612561246157,92.00089646772228,108.66772553796183,1200.7677146233111,729.9745359739139,219.53402244297365,99.19746065248187,0.18273940663374702,0.13497916775237925,431.627718736893,230.76696539888272,0.35966011782294655,0.31468116555187897,362.8258111382699,260.76815146527605,0.3009907118464317,0.35671414355765135,177.02770902240763,133.87642382919844,0.1485911676062174,0.18639551745084817,1.0,0.48828125,-0.01171875,1.0,0.6532080069303248,0.6703988539156973
Sub011,4,Thumb,0.75,1.0,71838.0,5.0,40.0,20.0,4.0,100.0,41.29889483481406,10.092970061430995,33.70682248898043,4.291709775209534,96.83427689809174,109.5010669914738,1960.8296535118498,1243.461468848055,317.08317851292793,144.4585283595288,0.16298330951179082,0.11589759199013154,685.5734829204729,405.2976238898936,0.3511342127735881,0.3276495044057804,630.3964564228323,454.2763675599738,0.32085245261191303,0.36596805949736266,312.4976921249926,231.14017064505182,0.15728040909107108,0.18377082404018177,1.0,0.732421875,-0.017578125,1.0,0.8308877824280776,0.873765275469358
Sub011,5,I. Pinch,0.5,1.0,71838.0,5.0,40.0,20.0,4.0,100.0,40.62002249500695,9.215158644670167,31.504080029946312,2.5581974353619796,99.66763784003247,109.6677352821762,1933.7640997347671,1125.7120745115026,308.08709767197314,145.81830601349634,0.1601861375449544,0.1328329626072041,653.1830621641795,356.01402416186755,0.33600192582729926,0.3109256728545015,643.6969356399021,412.0872158374121,0.3327227817464102,0.3658081046854312,313.9497896800774,203.50311327581872,0.1633785577247758,0.18321213302404346,1.0,0.48828125,-0.01171875,2.0,0.8172296267987267,0.8166646729982938
Sub011,5,I. Pinch,0.75,1.0,71838.0,5.0,40.0,20.0,4.0,100.0,53.40447815492581,10.411694017085916,42.21892708858618,4.479667018954281,98.6676280958181,109.33439870077142,3463.4885111782737,2128.9928580590363,536.555433609335,264.7857684006242,0.15399307120363315,0.1221106275199238,1213.6565758227096,686.1044900140556,0.3483880473694374,0.3210984477146627,1139.4981984444096,773.3379757449261,0.3303483343458169,0.36523654315232057,546.5862673790708,387.9419620378872,0.1594200695902447,0.1839398262781641,1.0,0.732421875,-0.017578125,2.0,1.0744386406308737,1.0944203497567677
Sub011,6,M. Pinch,0.5,1.0,71838.0,5.0,40.0,20.0,4.0,100.0,48.39808378297648,12.293228275620285,37.808858097034744,3.341879089041418,96.83427689809174,105.8343645960211,2783.72357486414,1568.496552646395,461.1167844546392,208.4642119402171,0.1657578728878976,0.1334039777359131,978.3737754508696,517.852420392661,0.34841831241145055,0.32880360527651215,917.3447575125147,560.5690843489839,0.330113584388597,0.3575806880007146,405.6491604512318,270.5070882306522,0.1480994536184543,0.17315598420873887,1.0,0.48828125,-0.01171875,2.0,0.9737155599211493,0.9801003141467195
Sub011,6,M. Pinch,0.75,1.0,71838.0,5.0,40.0,20.0,4.0,100.0,57.70473878501045,14.258778879587963,46.51590978269658,5.659237047727959,95.3342622817702,102.16766220056842,3985.2728404567692,2488.1958959583167,623.024107936768,345.3392065485023,0.1560773718573888,0.13579846893499667,1459.1151883929942,862.6277037153467,0.3659024329503731,0.3449066117869457,1306.7421468083178,865.3005741861889,0.3290865163610654,0.35155776342114525,564.576409953855,395.60745652543784,0.14090082750938712,0.16000390737644826,1.0,0.732421875,-0.017578125,2.0,1.160955096654336,1.2058089052527328
Sub011,7,Tripod,0.5,1.0,71838.0,5.0,40.0,20.0,4.0,100.0,48.419763042799616,12.644125726864337,36.60903802182206,3.007780105492747,96.83427689809174,107.00104263093787,3064.6623810421765,1655.455405403801,504.29600204544613,227.85043651142192,0.16341077350209032,0.13541210917987156,1083.0649066539934,542.8644844321769,0.3500236489833172,0.3211342521708031,1020.7607866622826,594.8245140619199,0.3320899023424329,0.3570376502523655,433.92262070545377,277.9343695183018,0.14703765136848865,0.1792343530011761,1.0,0.48828125,-0.01171875,3.0,0.974151722491387,0.9489979722135808
Sub011,7,Tripod,0.75,1.0,71838.0,5.0,40.0,20.0,4.0,100.0,66.55427360114105,14.837610465607023,55.84442113911194,7.256724557151124,98.50095980511571,103.33434023548519,5780.543104915439,3854.288429575683,822.5456103657489,486.53145439558745,0.1423791014760555,0.12628233971687033,2081.608165142568,1350.0879466036426,0.3595380514508583,0.3509062970257628,1973.7191961193075,1373.9414017395459,0.3414262347822589,0.35640067169791495,855.3920090984649,613.4731514497095,0.1484317628645509,0.15855461179380037,1.0,0.732421875,-0.017578125,3.0,1.3389978841987724,1.4476272877989378
Sub011,8,5-Finger,0.5,1.0,71838.0,5.0,40.0,20.0,4.0,100.0,41.9542092075934,9.22796434642993,33.19678551387237,6.921079363796963,87.33418432805523,98.16762322371092,2147.4074527938715,1405.3798621062178,410.1741857602192,220.14685255984764,0.1940503413244087,0.15213108983538914,817.6538472758931,507.19971395374523,0.38126572264361797,0.35335387805471297,619.7814728584083,466.66541205487266,0.28694356378776037,0.3356414390509191,280.8683994213559,201.3929371213453,0.12887237020306436,0.1515236926506173,1.0,0.48828125,-0.01171875,5.0,0.8440719779899618,0.8605438394173378
Sub011,8,5-Finger,0.75,1.0,71838.0,5.0,40.0,20.0,4.0,100.0,70.7961663104469,12.362661010050557,59.70432262471092,10.530633116485545,96.33427202598459,101.66765732846123,6275.139943619132,4493.403873349643,931.9129713855305,578.238088692321,0.15000083793275729,0.1290681568302312,2306.888307225767,1597.0121447457016,0.36895059365952493,0.3568086284893419,2059.394088200706,1596.319595334309,0.3266669607402384,0.3552951217842175,926.619560227473,687.0291097583371,0.14641474144273214,0.15111756977401747,1.0,0.732421875,-0.017578125,5.0,1.4243400426422441,1.5476856034693507
Sub012,1,Index,0.5,1.0,71838.0,5.0,40.0,20.0,4.0,100.0,53.73474570447063,10.519567394267101,42.044014916296554,1.6457971746169886,93.83424766544864,91.0008867235079,3295.197945616926,1875.3788188704127,540.0413945872994,318.93658050074185,0.16434639488630595,0.170612213802524,1213.5811644087064,716.062486435042,0.3677646677527311,0.3801601864357554,1080.2196258171016,607.2000050199148,0.32718705760169015,0.3238982337751435,436.7944294808065,218.90265322027867,0.1332393956442548,0.11764730816483539,1.0,0.48828125,-0.01171875,1.0,0.769363852034684,0.735400237898341
Sub012,1,Index,0.75,1.0,71838.0,5.0,40.0,20.0,4.0,100.0,64.59688726894022,12.413147709665461,50.607165518922464,2.1047568182001117,93.33424279334145,90.50088185140072,4785.585434134104,2775.3912041972435,814.2955711126415,483.6289117476037,0.170044530914129,0.17342408457659672,1761.7103358518461,1067.9766176913747,0.365683209833,0.37901007644963863,1542.9342346514466,881.14888399121,0.32368943873635875,0.32088001320720244,628.825205457923,320.83401465551236,0.132629750831098,0.11884041702804955,1.0,0.732421875,-0.017578125,1.0,0.924885925617161,0.8851800104264285
Sub012,2,Middle,0.5,1.0,71838.0,5.0,40.0,20.0,4.0,100.0,57.93854986508672,10.784516516942576,48.38226820868142,2.037114176496828,82.83414047909054,76.8340820138043,3937.1157342202728,2562.1348462599253,888.527438673408,650.5519182868246,0.22724558015988716,0.25692059485367885,1495.533616729088,1017.606128533827,0.37887057471355634,0.39491339885283033,1119.008022435867,662.7306967387966,0.2836204635973141,0.25795610432021693,398.7155963929029,206.04905629789997,0.10131732076349693,0.08053623247105728,1.0,0.48828125,-0.01171875,1.0,0.8295531191431341,0.8462638884883106
Sub012,2,Middle,0.75,1.0,71838.0,5.0,40.0,20.0,4.0,100.0,78.05042344585229,12.273578596790786,69.56265074912885,3.7366287400365366,79.00076979293544,73.83405278116119,7183.692753089902,5755.001142545557,1716.8048352443684,1447.853316859242,0.23797809154500973,0.25434643010341024,2833.822331079173,2426.0257769430823,0.39369893296325326,0.42210162490611197,1905.0188171790105,1440.9421109842763,0.2650766623182599,0.24542873926484962,658.8406445076838,379.0226374310145,0.09395031529820756,0.06818338572033787,1.0,0.732421875,-0.017578125,1.0,1.1175110935761468,1.2167341775421163
Sub012,3,Ring-Little,0.5,1.0,71838.0,5.0,40.0,20.0,4.0,100.0,78.04293433236889,13.93542446778613,64.01041771765429,3.6984643779852746,82.66747218838815,71.83403329273244,6938.633117585782,4812.511422880623,1604.5389936065665,1367.3326755544247,0.23936038015507588,0.29204808785915387,2528.025464164202,1833.1570304095123,0.3636740134866457,0.3764751120121101,1986.4266026719672,1171.419053696847,0.28145347206096827,0.241473138654999,762.5190279538868,399.20601784005385,0.10717787983835902,0.08130544407741264,1.0,0.48828125,-0.01171875,2.0,1.1174038658760361,1.1196189638703893
Sub012,3,Ring-Little,0.75,1.0,71838.0,5.0,40.0,20.0,4.0,100.0,91.96088210098462,15.00138144447523,81.77205626434427,6.1770107482841725,74.50072594397078,64.00062362971985,9902.43398339057,8414.05117568758,2908.0381428365563,2945.681007926529,0.29158766454411783,0.3472016218022878,3493.1832525021587,3080.8019900729655,0.35043198499755546,0.36195011696770485,2499.8400489796336,1744.9522118655095,0.2555490546344845,0.21251394003751742,917.6353273714611,565.5113242637821,0.09401814010385434,0.06908603028306076,1.0,0.732421875,-0.017578125,2.0,1.3166783905303672,1.4302913208920607
Sub012,4,Thumb,0.5,1.0,71838.0,5.0,40.0,20.0,4.0,100.0,52.83335842306178,12.730650223258367,38.299048891891964,1.8042025316314108,89.66754039788877,82.50080389768574,3097.1429425822766,1605.1327439896893,557.9957286554709,330.73143346499154,0.18009355179817588,0.2058550651218135,1190.5572391899066,651.9074166005473,0.38427501110582485,0.406302948708161,938.1387818977828,460.69120939195864,0.30306127127415944,0.2870132652425785,384.78632315015284,148.11518334817467,0.12429020009430207,0.09226755482502143,1.0,0.48828125,-0.01171875,1.0,0.756457960662017,0.6698962913615688
Sub012,4,Thumb,0.75,1.0,71838.0,5.0,40.0,20.0,4.0,100.0,63.263757204842456,12.017812947401744,49.93279687465807,2.1818227328359714,86.83417945594805,82.00079902557856,4496.379398364906,2843.8104375379203,869.41008339133,591.2090274098776,0.19372689405833168,0.20951051177881339,1740.819258637809,1177.0544354445929,0.38633345375276235,0.4121111625097164,1313.7023931483238,804.385027699379,0.2920604241449492,0.282592105940993,537.1325776826806,248.50946877915547,0.11994141410340715,0.08762114932637184,1.0,0.732421875,-0.017578125,1.0,0.9057984233329143,0.8733844941701778
Sub012,5,I. Pinch,0.5,1.0,71838.0,5.0,40.0,20.0,4.0,100.0,64.09824085397902,9.033985477206526,50.88671283034404,1.8328197160582176,87.50085261875762,84.16748680470971,5057.919048945982,3247.8081981900455,938.2273142596005,611.0031358493446,0.18506673895375025,0.18715932593535375,2005.3403033799789,1372.6735339073082,0.3949423078424766,0.41984287526289027,1534.7512292097263,973.6809200904064,0.30511698096203393,0.30332273387790254,539.5037867157043,265.27408520380635,0.10704252071829373,0.08209063804113682,1.0,0.48828125,-0.01171875,2.0,0.9177464012444623,0.8900696281218969
Sub012,5,I. Pinch,0.75,1.0,71838.0,5.0,40.0,20.0,4.0,100.0,74.96405124988395,8.338871001577791,61.96385803675173,2.096256236855664,87.16751603735281,85.50083313032887,7334.560421052895,5249.122034628992,1350.3621484088217,946.3299321336018,0.1840870891691079,0.18238573858879628,2949.9195273932296,2239.5677231512013,0.3988502200112372,0.4221185404375363,2244.832854730978,1635.550547467751,0.3071351362668118,0.311989598276265,731.1634169718831,383.9168004187784,0.10206485608425007,0.07525711287464311,1.0,0.732421875,-0.017578125,2.0,1.0733210044564845,1.0838221809226807
Sub012,6,M. Pinch,0.5,1.0,71838.0,5.0,40.0,20.0,4.0,100.0,60.33138180917186,6.798026917496116,49.01999131039625,1.6428482217021365,83.83415022330492,80.3341161185546,4083.5773863386653,2656.187877327453,832.1723833111017,557.5897725819068,0.20348083260707536,0.21036377660910013,1636.5463229280324,1145.5169747255795,0.40039704858441594,0.4291529315065021,1142.0062659458815,710.5686532333851,0.27991936428730174,0.2684472221944327,436.8817093599243,217.8261349850784,0.10730547596783509,0.08263382892633041,1.0,0.48828125,-0.01171875,2.0,0.863813231062112,0.8574184302619263
Sub012,6,M. Pinch,0.75,1.0,71838.0,5.0,40.0,20.0,4.0,100.0,75.84705331963113,7.763527628607637,60.69088875508595,2.1969249565697817,85.16749654892408,80.3341161185546,7534.47727686216,4802.361539237895,1579.9445286043658,1076.1499240908115,0.20734434890635625,0.21831054589155316,2918.143683286867,2029.3038404239803,0.38738672705192595,0.4185153433809911,2152.566739646199,1288.067561425803,0.2883272825297086,0.27576139681084627,817.2305394488998,364.6860080285776,0.10833088547561916,0.07851731261638517,1.0,0.732421875,-0.017578125,2.0,1.085963659871131,1.0615564217072961
Sub012,7,Tripod,0.5,1.0,71838.0,5.0,40.0,20.0,4.0,100.0,72.94329637379151,8.898399596235087,57.51901386601179,2.271404922451584,82.16746731628096,76.83408201380429,5760.312890963109,3581.7873375090326,1255.9892651153486,828.7926842411784,0.2174363932802955,0.23110041675361923,2295.0104482759343,1554.8056615269807,0.3977571920828346,0.4330123282185751,1556.699619259216,896.6394709903315,0.2710780998606462,0.2511152566634465,601.4940061997514,268.39183966950736,0.10482007024393836,0.0754467034961112,1.0,0.48828125,-0.01171875,3.0,1.0443882211129318,1.0060765263487588
Sub012,7,Tripod,0.75,1.0,71838.0,5.0,40.0,20.0,4.0,100.0,81.37217723396553,7.958312602966484,69.02602404006488,2.897875988279143,82.83414047909055,81.1674575720666,7936.546114827371,5735.3630153508675,1660.7312989992251,1170.667604228751,0.2085845804815499,0.20250073685260442,3219.623930128857,2490.073199862827,0.4053318685513576,0.4326738610194731,2226.5301030859,1604.9220906284118,0.2811551493084858,0.2820703511640286,761.0453802633818,420.67503111034335,0.09636841987712853,0.07428074619701784,1.0,0.732421875,-0.017578125,3.0,1.1650713314897874,1.2073479329055394
Sub012,8,5-Finger,0.5,1.0,71838.0,5.0,40.0,20.0,4.0,100.0,61.54969146244596,8.715279142649306,47.93999000062763,2.340608606409702,84.5008233861145,80.500784409257,4562.594698007934,2840.8514421217274,953.335398477675,620.7641300116725,0.207358635764305,0.21729542191157739,1809.3432608437695,1193.9143951665656,0.3952503508205756,0.41776996695598295,1282.9948225943174,780.9734539853533,0.2835279035770001,0.2780758187300834,478.04164347362376,222.37388029652573,0.10535032213385531,0.078783850593391,1.0,0.48828125,-0.01171875,5.0,0.8812567565785271,0.8385279122722538
Sub012,8,5-Finger,0.75,1.0,71838.0,5.0,40.0,20.0,4.0,100.0,85.9619457990812,9.563522177380262,73.08884725200588,3.6267983693294137,84.5008233861145,82.83414047909054,9814.47502197067,7246.821897971565,1924.348665675436,1412.7778858290355,0.19694389274473645,0.19635906654359533,3917.6730879609763,3021.984975888636,0.3995849283770679,0.41869733014090876,2991.0178055763076,2231.7342535310395,0.303426254474873,0.3052621859620629,900.9145021370656,521.0180844219171,0.09176071986599123,0.07138016533137277,1.0,0.732421875,-0.017578125,5.0,1.2307867634121035,1.2784115828102545
Sub013,1,Index,0.5,1.0,71838.0,5.0,40.0,20.0,4.0,100.0,34.6555234185986,4.665407814485122,28.395549202357454,3.250197646530367,119.83450101502234,127.16790580592773,1331.0207886305216,928.7137409932883,168.819327024596,107.9490064463087,0.12578678739461616,0.11514218812940757,360.17526865366546,232.93960790759488,0.2709726098419065,0.25158705557609146,482.9173935164172,347.19608121559094,0.3641125432048098,0.37485234542457974,310.4197682774308,234.61692383746995,0.23259229541590007,0.25195180769178116,1.0,0.48828125,-0.01171875,1.0,0.7029745466913071,0.6878901974377232
Sub013,1,Index,0.75,1.0,71838.0,5.0,40.0,20.0,4.0,100.0,39.06087302423338,4.662143445934256,33.64336957037903,3.4433777733488746,113.33443767762891,118.50115468940317,1701.9565827705667,1326.3093380279836,232.43202315669998,169.01904174298255,0.13639274767036155,0.12764765663267275,491.76265785687036,368.05523058689727,0.28921131372075237,0.27737778648648953,603.5512105093671,486.2022607547442,0.3544516870045505,0.3663924667667336,363.0237163618953,294.6136274031095,0.2133930650935544,0.22224783663870795,1.0,0.732421875,-0.017578125,1.0,0.7923354432107881,0.8150201276725771
Sub013,2,Middle,0.5,1.0,71838.0,5.0,40.0,20.0,4.0,100.0,36.377482522230224,5.667937786965802,33.60319935499329,2.9212657939521502,96.50094031668696,79.83411124644742,1511.2823482249266,1405.7700888616043,271.9826263694351,360.05337544305956,0.18125314511704785,0.2556515370284625,500.4571999943207,510.6028158418008,0.33312348488588084,0.3642802309213682,497.23599525895435,354.36359793455614,0.32767542161098545,0.25209862989223164,229.6628140302464,169.5864528782695,0.1502210463167389,0.12010601330543297,1.0,0.48828125,-0.01171875,1.0,0.7379038537941043,0.8140469928620515
Sub013,2,Middle,0.75,1.0,71838.0,5.0,40.0,20.0,4.0,100.0,52.87042079976212,8.05937972404588,49.15555654720535,4.502192158297428,93.16757450263906,72.50070645554202,3262.5516075103114,3312.359543373321,630.9334087111815,956.696265227844,0.1940234671373601,0.29243818686326306,1127.4581977060916,1280.0227388432947,0.34327296241324023,0.3790862812213159,1027.6621950318265,735.1974074405938,0.31533324540349966,0.2228502198626966,454.34028876517635,316.5176922119745,0.140540319450438,0.09847202068393633,1.0,0.732421875,-0.017578125,1.0,1.0724570408636573,1.1908072373402443
Sub013,3,Ring-Little,0.5,1.0,71838.0,5.0,40.0,20.0,4.0,100.0,43.838340630100674,6.216877238874751,37.79892213798877,3.9191209831399014,93.50091108404384,82.00079902557856,2162.6176274853296,1832.5209656037598,435.8263550424019,455.64491706357836,0.20167969363148852,0.24925485824559487,713.9546319157247,641.206528713135,0.3303282504822363,0.34853594869371296,682.7457082786483,493.16308391669827,0.315579663902338,0.2687947423836598,314.063133318208,227.71866465564054,0.14500198625290325,0.12530519814025146,1.0,0.48828125,-0.01171875,2.0,0.8892446165047799,0.9156895620203579
Sub013,3,Ring-Little,0.75,1.0,71838.0,5.0,40.0,20.0,4.0,100.0,52.648242005405784,7.260578339825227,47.35204489797827,13.822342017707044,93.33424279334145,76.33407714169711,3204.739573388863,3414.616247602155,644.1702994565609,987.1793440106327,0.2028013208485593,0.2802157692590275,1042.0542072157193,1169.2051133413097,0.3307711505188226,0.34936797762760663,1015.0024119288315,832.4054464089269,0.3122695487002877,0.24645924686014106,481.763288967732,402.3397667097244,0.1473141242270591,0.11705988467286972,1.0,0.732421875,-0.017578125,2.0,1.0679502257346367,1.1471166583827133
Sub013,4,Thumb,0.5,1.0,71838.0,5.0,40.0,20.0,4.0,100.0,28.40363118791528,3.139069430239203,23.269758248192247,4.106181030683846,111.16774989849777,118.00114981729598,934.9070753126202,668.9538915586027,130.52319388308044,103.42654684375456,0.1405759293046371,0.14708125709872266,276.7800422710517,176.58574031022644,0.29748044790475775,0.26823568585537433,320.45121048178913,221.81888034092847,0.34275004039593465,0.33716776757503003,201.1715415985034,162.88935432083784,0.2126910491942,0.24106925207943655,1.0,0.48828125,-0.01171875,1.0,0.5761572121573008,0.5637164642108108
Sub013,4,Thumb,0.75,1.0,71838.0,5.0,40.0,20.0,4.0,100.0,36.09912156164253,3.6043967782924167,28.97595443582485,3.6133757066881285,120.00116930572472,134.16797401542834,1568.2725120656385,1012.5454387305348,195.13850493187132,99.78114367814885,0.12520672840746408,0.09941773672930775,425.9492739272496,238.71747393943932,0.2736393926008186,0.23887946356385492,571.5403180783848,394.5698528861728,0.3658187604696989,0.3900472575853062,366.7065249640539,273.923754457234,0.22954491353195286,0.26616517399560163,1.0,0.732421875,-0.017578125,1.0,0.7322574040861574,0.7019506781066664
Sub013,5,I. Pinch,0.5,1.0,71838.0,5.0,40.0,20.0,4.0,100.0,58.58480846678871,6.745980372225397,47.213795525895954,5.201029268553557,120.66784246853432,128.0012472594397,4850.302550031055,3300.8124874610126,536.9865640484298,319.15141680498544,0.11071410332354993,0.0955795784090232,1370.18477482807,867.0572958887814,0.28050932186502603,0.2576689431897113,1865.3571012293617,1353.8184281900756,0.38367171434749325,0.40943080869108844,1049.583431300704,741.4587138132998,0.219235121545867,0.2313913468320092,1.0,0.48828125,-0.01171875,2.0,1.1883712930111394,1.1437675283067419
Sub013,5,I. Pinch,0.75,1.0,71838.0,5.0,40.0,20.0,4.0,100.0,58.9515140625352,6.685025615543801,48.09296738441569,5.320446167318376,113.66777425903369,118.33448639870078,4802.649742916653,3289.474542158521,586.0438078396188,391.70596391781993,0.12222974466516782,0.1196223273342457,1420.487832902508,907.5273320788638,0.2968005957059606,0.27674075033894346,1827.151531960848,1298.1164376925929,0.3803760423337534,0.3937395021700512,937.6667976458317,671.389774072174,0.19407119797854475,0.20356745490875447,1.0,0.732421875,-0.017578125,2.0,1.1958097811512642,1.1650657148298826
Sub013,6,M. Pinch,0.5,1.0,71838.0,5.0,40.0,20.0,4.0,100.0,42.65205176893992,4.487463918359566,35.752648957284116,3.7937834565127786,117.167808363784,123.33453511977264,2562.367769735733,1743.8908209267518,309.7650446113123,188.06585068964523,0.1272868105020954,0.11372667740271726,701.3153532637225,446.83753472467316,0.2749071701560191,0.2569318374105147,1000.0174215004266,718.8285987948871,0.3838128775315719,0.40523519995816565,533.2880632841188,377.3358484643445,0.20718785725745612,0.2170343315680375,1.0,0.48828125,-0.01171875,2.0,0.8651811832578914,0.8661180164145564
Sub013,6,M. Pinch,0.75,1.0,71838.0,5.0,40.0,20.0,4.0,100.0,69.12516558262789,8.09627828077704,60.119732806548406,13.591407952612242,114.33444742184328,110.001071863581,6845.369085267207,5410.551837585889,809.5214050788445,873.6607027795276,0.11846335212522811,0.15994793194824206,2019.485507882705,1505.1967706623425,0.29510058466488753,0.2787462931795351,2675.8602133701393,2013.3118310488978,0.3907037397746312,0.37375518665751306,1296.8544165171631,982.5713063414138,0.18936374068610196,0.1809763359998892,1.0,0.732421875,-0.017578125,2.0,1.402178560498406,1.456417503161598
Sub013,7,Tripod,0.5,1.0,71838.0,5.0,40.0,20.0,4.0,100.0,52.57047204302459,6.281747281514544,41.42404081035854,4.674538890532612,113.6677742590337,120.00116930572472,3556.3472944352156,2185.4730392032984,467.0799875623879,266.57430360834724,0.13526932160544483,0.12704037801763363,1025.970357196795,582.6514053997296,0.2916399065864948,0.2712752112744435,1317.8800030943319,836.6347515991662,0.3680651737015392,0.3786734554521945,723.0127150962736,485.2673171819785,0.19869732433696086,0.2165050632720281,1.0,0.48828125,-0.01171875,3.0,1.0663726906505242,1.0035090854780901
Sub013,7,Tripod,0.75,1.0,71838.0,5.0,40.0,20.0,4.0,100.0,66.39999720344125,8.814855907689704,53.309432499481225,6.364426191498346,114.16777913114088,116.83447178237923,6343.682623792737,4155.105816255695,767.1362797740081,507.2945047484011,0.12271614324448588,0.12221325593848714,1832.2949164607824,1136.5026720312928,0.2913949488152962,0.27779938861363923,2482.9493539624395,1657.5442360847512,0.38988015507404944,0.39835006167266124,1222.2486193082311,828.7898705120047,0.1897796466778825,0.19554704842418905,1.0,0.732421875,-0.017578125,3.0,1.3468995222084201,1.2914360552081388
Sub013,8,5-Finger,0.5,1.0,71838.0,5.0,40.0,20.0,4.0,100.0,45.960116236134176,5.873668882155754,36.319097391492456,3.774307692094992,110.83441331709298,118.16781810799837,3465.611017384534,2179.1926232597875,451.23474724238616,256.5871264997534,0.14419044139534357,0.1340927192760785,984.3163856156995,561.983483503564,0.29268644917085407,0.2672051058514367,1352.314674613101,902.3813247957643,0.37120390195072056,0.38852334680702577,655.8546091129681,444.9881182005716,0.18557425578089734,0.20391639173298873,1.0,0.48828125,-0.01171875,5.0,0.9322840543114415,0.8798403896804877
Sub013,8,5-Finger,0.75,1.0,71838.0,5.0,40.0,20.0,4.0,100.0,70.576708359483,9.16084109170222,56.04094797461451,5.291695972097033,111.66775477060496,122.33452537555826,7214.323933541545,4550.444157922127,941.9159434687716,523.2047197959764,0.12885265933378204,0.11436345671724657,2182.4783875198227,1191.2326846574442,0.30128885140191985,0.26143590669833133,2753.624979030837,1889.3850451138985,0.3839698926956849,0.4167163701443215,1292.2410520169951,920.0244580866852,0.17979576679025402,0.2016440831682729,1.0,0.732421875,-0.017578125,5.0,1.4316225718681823,1.3576077888873603
Sub014,1,Index,0.5,1.0,71838.0,5.0,40.0,20.0,4.0,100.0,73.63509332790666,14.990038208547006,52.106670363140154,3.0383341795720433,96.33427202598459,114.83445229395046,6281.698750496084,2941.6538127768413,932.5588792202561,354.5374292232845,0.1479381371922636,0.1209966769119753,2300.884073974878,890.7662481267449,0.36631788754207495,0.303011810647594,2000.5060085979912,1013.1067081662413,0.31851185183907554,0.34388199330284624,996.3285103200633,660.918015220686,0.15907769325623,0.22454259490794196,1.0,0.48828125,-0.01171875,1.0,0.810581614279072,0.7572220245894059
Sub014,1,Index,0.75,1.0,71838.0,5.0,40.0,20.0,4.0,100.0,90.68467157417113,17.153921243616832,67.77273109809283,2.55727334925782,92.16756475842469,110.50107673568822,9531.192371068651,5071.1968080269935,1263.5559872254196,551.444068622756,0.13260208999735226,0.1087802785286056,3853.700641599358,1716.741912433791,0.4043669446244653,0.3383229715041409,2910.558741789732,1720.1505746292648,0.3053111415208258,0.3393027672902984,1423.4143675720704,1047.0622940488645,0.14931929368827102,0.2065431943175079,1.0,0.732421875,-0.017578125,1.0,0.9982648782370848,0.9848835916092982
Sub014,2,Middle,0.5,1.0,71838.0,5.0,40.0,20.0,4.0,100.0,92.23250519449692,16.792887837614842,71.19113421946118,2.8314073059708726,97.50095006090135,96.83427689809174,9796.103172894434,6106.018562239117,1367.889119646891,868.0302612536271,0.1401687674589274,0.14371271819620746,3618.0662657110747,2267.2153256298566,0.36926736408333133,0.36879817441974766,3325.0864711827458,2018.8929417149204,0.3390132971867856,0.33001996215311685,1415.2978300880302,907.9239319660974,0.14437473602262774,0.1501856340226908,1.0,0.5696614583333334,0.06966145833333333,1.0,1.0153035675073216,1.03456034344137
Sub014,2,Middle,0.75,1.0,71838.0,5.0,40.0,20.0,4.0,100.0,106.1858995180076,18.794540575847098,82.71231038395617,3.08250542721132,92.66756963053187,93.33424279334145,13820.542272460845,8817.237466120778,1884.1878134246629,1319.3702016703976,0.13809899422042782,0.1492279190919106,5515.665362747691,3450.366180038966,0.40068605577251476,0.3856815648422205,4619.363670511706,2884.6498555396447,0.3304812167942162,0.32735808626368107,1698.0805771243197,1097.0066942443839,0.12330539015133928,0.13031116044047367,1.0,0.732421875,-0.017578125,1.0,1.1689037652426217,1.2019878201949306
Sub014,3,Ring-Little,0.5,1.0,71838.0,5.0,40.0,20.0,4.0,100.0,118.01606162065143,21.50801042356515,84.87420628501276,3.4370131638813404,82.83414047909054,75.33406739748274,16080.438486650353,9217.555251189902,3267.558397938926,2259.4842984991687,0.20531048542594385,0.2497280177881913,6266.250834031861,3556.0811660637387,0.38877304035622345,0.3851210097250006,4656.88036741043,2254.185854106282,0.28903228705901646,0.24204077221351403,1759.5979546889132,1072.6763775226357,0.10883458899398357,0.11491812371777106,1.0,0.48828125,-0.01171875,2.0,1.2991312350665774,1.233404818819883
Sub014,3,Ring-Little,0.75,1.0,71838.0,5.0,40.0,20.0,4.0,100.0,138.03069026380578,24.871841188314125,105.24413513758522,5.059121218290955,83.16747706049533,75.00073081607796,21441.778588335615,13237.843906662829,4021.79726967965,3070.3304825484847,0.18670679672661447,0.23104944876349143,8799.232250748408,5427.6898669093025,0.40900711353357133,0.4076917950727245,6185.754586002436,3175.341220442881,0.2900321692443945,0.24156365825143986,2249.960124033118,1439.7194259328908,0.10566415014963076,0.11033162142111726,1.0,0.7649739583333334,0.014973958333333334,2.0,1.5194540358066932,1.5294237096641976
Sub014,4,Thumb,0.5,1.0,71838.0,5.0,40.0,20.0,4.0,100.0,74.16783603153078,13.305861807205497,57.14281176872401,3.5345300217448377,92.83423792123426,100.00097442143726,7245.984333274467,4492.318797579678,1034.4951602106255,514.0973488364532,0.14322620663522234,0.11433087398415258,2860.835433191561,1704.8724612364683,0.39479852678456795,0.3795882037502218,2382.43820078295,1587.1242390944665,0.3288906669935718,0.3538574966969257,911.1273815417418,652.3243796127653,0.12515050123526683,0.14463939421006322,1.0,0.48828125,-0.01171875,1.0,0.8164460930375362,0.8304079941529566
Sub014,4,Thumb,0.75,1.0,71838.0,5.0,40.0,20.0,4.0,100.0,87.51557390936485,15.06470843869905,69.3368167953296,4.079444694970633,89.16753552578156,95.1675939910678,9673.982487384694,6269.446671010851,1237.0049627721726,676.7838820822294,0.12736824760099152,0.1077368023698117,4227.741914164985,2624.46537949978,0.4370633957344266,0.418384679806627,3023.094665743258,2097.14666709284,0.31218178914579353,0.33374732077933783,1114.9352396413515,826.3543649917443,0.11597378451140139,0.13299020474764967,1.0,0.732421875,-0.017578125,1.0,0.9633791710986764,1.0076131218218207
Sub014,5,I. Pinch,0.5,1.0,71838.0,5.0,40.0,20.0,4.0,100.0,66.72565930137893,12.566676825910813,48.89061208233107,3.637889535754566,96.00093544457978,100.00097442143726,6117.4629040350255,3298.6535743706722,830.8172267187673,423.0201282020771,0.13785138590630533,0.13406478464935176,2355.572694303968,1199.6289127171344,0.3824529015034764,0.3607717902970611,1957.8150045208433,1056.3210158504496,0.3181423482492322,0.31447901806042494,926.639589207999,595.909745434123,0.15382777157390284,0.18347169602741764,1.0,0.48828125,-0.01171875,2.0,0.7345219539478611,0.7104857786228151
Sub014,5,I. Pinch,0.75,1.0,71838.0,5.0,40.0,20.0,4.0,100.0,79.257210247813,14.01949201245281,60.13067283039407,3.4451103080546392,93.50091108404386,99.66763784003247,8286.902975726143,4757.858943521628,1229.7400937992124,628.0855240289525,0.14964113172938923,0.13387615021889995,3203.3219343598716,1727.5634706785204,0.38607171078925456,0.3631240043784807,2612.156700965193,1573.5659029443711,0.3143698162997381,0.3287471631922348,1175.836274715423,795.7712796297297,0.14196902698989217,0.16745204524744609,1.0,0.7486979166666666,-0.0013020833333333333,2.0,0.8724703741440135,0.8738280435735412
Sub014,6,M. Pinch,0.5,1.0,71838.0,5.0,40.0,20.0,4.0,100.0,76.01035172955814,13.974025170615732,57.833162374880146,3.291556941631612,94.5009208282582,98.00095493300853,8305.862822891324,4689.054304609793,1131.268822298185,588.0050910404688,0.13733744800147538,0.12858668240478807,3286.1754800569047,1776.3469395374152,0.3933094132845698,0.37734283504536065,2656.4262019818057,1534.4948298926902,0.31944472339088964,0.32258097646147177,1170.5109192084356,756.7291549814614,0.1425356353454505,0.16428759358967612,1.0,0.48828125,-0.01171875,2.0,0.8367286686593359,0.8404402737061683
Sub014,6,M. Pinch,0.75,1.0,71838.0,5.0,40.0,20.0,4.0,100.0,100.88836336651737,16.449813686711895,81.0284691408218,4.345295163385437,93.33424279334145,95.83426715387738,14549.937754340584,9016.63431192828,1810.4817391262688,1096.2420545631358,0.12421265827250223,0.12113346956926759,6028.9432042201615,3603.785819268806,0.4117896316521274,0.39768552648698313,4685.400128031922,2940.980901642026,0.32111860071857606,0.32464360615610843,1919.4737558604395,1311.7421961033453,0.13539145100759178,0.14926809129366467,1.0,0.732421875,-0.017578125,2.0,1.1105880191586917,1.1775179842540162
Sub014,7,Tripod,0.5,1.0,71838.0,5.0,40.0,20.0,4.0,100.0,80.56678601654262,12.981821800061043,62.58947539416622,4.186244240272704,94.50092082825823,100.66764758424686,9013.355766889694,5132.908698913291,1258.5654627412205,681.7730641233655,0.13978200184644973,0.13241576029397265,3480.419943993363,1843.3953723929874,0.3849308967466763,0.35762574197186137,2869.584678896341,1704.2815489393276,0.3191392713398226,0.3325295006815763,1332.3276489766615,864.6349018078719,0.14810872285636964,0.1699880109050881,1.0,0.48828125,-0.01171875,3.0,0.8868862999297056,0.9095597347836983
Sub014,7,Tripod,0.75,1.0,71838.0,5.0,40.0,20.0,4.0,100.0,90.88305043819359,15.004502729936098,70.55743814124556,3.5680070189266058,91.00088672350792,97.16761347949655,12037.857569705127,6814.075340003058,1593.0218126720754,856.0465720229948,0.13429554975349767,0.12650564647411483,5020.307970984856,2637.620142048498,0.4167982557849765,0.38685625072269364,3711.4740121492246,2190.4318037390917,0.3063943258699362,0.32006610001735986,1625.2909324206382,1087.657910962159,0.13520685000168128,0.16025889392384726,1.0,0.732421875,-0.017578125,3.0,1.0004486503024246,1.0253513760677755
Sub014,8,5-Finger,0.5,1.0,71838.0,5.0,40.0,20.0,4.0,100.0,66.31861821738003,12.087569048545143,47.87633673259206,3.4283271897275327,90.50088185140073,102.16766220056843,7024.528647316896,3386.0606604082272,953.656966329062,402.41715502066654,0.1386821999764716,0.12348891670761414,2912.550396238199,1199.884396013306,0.4128761903833676,0.3561219218362617,2155.58298448095,1144.880853968789,0.305317438734185,0.3323812567389177,950.0620429549759,614.6123393750548,0.13542994508579667,0.18084320652638894,1.0,0.48828125,-0.01171875,5.0,0.730041209726129,0.6957461756417005
Sub014,8,5-Finger,0.75,1.0,71838.0,5.0,40.0,20.0,4.0,100.0,112.35833349085071,20.369666397315125,81.71998579931845,3.898454311151927,84.6674916768169,99.16763296792529,20136.866846053967,9761.68090603392,2865.0288506962893,1202.602596451604,0.14221999104660965,0.12314410454044795,9106.499057446666,3700.970941496311,0.45086807333448925,0.37766331427855154,5954.807788796595,3413.2775598055614,0.2958593932076028,0.3479808804043514,2074.1721419359833,1381.866381232888,0.1041073855165973,0.14466668127197288,1.0,0.732421875,-0.017578125,5.0,1.2368504638562565,1.1875672090564235
Sub015,1,Index,0.5,1.0,71838.0,5.0,40.0,20.0,4.0,100.0,66.75202650590154,27.420984610413786,43.0560906634523,4.340691519858194,101.00098416565163,125.0012180267966,5518.821149983392,2056.0871796573856,817.7130529201442,226.86244560821441,0.14894793713656107,0.11022569803356692,1875.4495499319883,553.5876385382821,0.34001218812622164,0.26982462029706084,1920.5345508607506,769.5123410049806,0.34733737218562055,0.37409665550987764,862.1997408461526,493.0119058373039,0.15585911931716698,0.2394379482654769,1.0,0.48828125,-0.01171875,1.0,0.9429235838784465,0.7748135708087179
Sub015,1,Index,0.75,1.0,71838.0,5.0,40.0,20.0,4.0,100.0,69.26816395670711,26.757706227872706,47.52761599471639,3.556502875304112,100.00097442143728,120.50117417783191,5902.2564664932115,2479.572390984529,879.220953210759,288.79294167794325,0.15022138275290078,0.11610350905178736,2030.8430807964576,686.5587703315454,0.34567192534375596,0.27683011380534883,2025.5624987384479,912.8039704868544,0.340724042430848,0.3683534808806923,921.1074715086182,574.9235587317298,0.15565315974545824,0.23209110305206407,1.0,0.732421875,-0.017578125,1.0,0.9784659556510041,0.855280665138284
Sub015,2,Middle,0.5,1.0,71838.0,5.0,40.0,20.0,4.0,100.0,68.71703297196724,26.245939574816987,49.25626845724321,3.2724240616556224,101.16765245635402,92.33423304912708,6390.4310579816165,3040.631909024636,945.4651112055275,507.38299244535534,0.15079278373640284,0.16660443422652052,2135.1334894018246,1118.8790424459219,0.33677783792710203,0.3740021954426396,2286.5364399418427,936.4733056081828,0.35592187609007925,0.3052709155237305,974.8657557907278,454.9434537024063,0.148853846663417,0.14662772962798978,1.0,0.48828125,-0.01171875,1.0,0.9706808076859242,0.8863885378350175
Sub015,2,Middle,0.75,1.0,71838.0,5.0,40.0,20.0,4.0,100.0,82.54697673427337,30.96365411462177,60.804215791619015,3.9402436289037532,98.16762322371092,91.6675598863175,8476.871851864804,4359.673982495264,1409.9393321412044,807.3352905381712,0.1644056195402628,0.18264163868497177,2904.3979025609974,1561.5536471638445,0.3422588343917538,0.3528334157696804,2898.8147670680846,1325.3230445602296,0.34287307806466233,0.30815932153639614,1196.3348785817782,626.8833716490138,0.14255695072584676,0.14757552419238854,1.0,0.732421875,-0.017578125,1.0,1.1660393731077268,1.0941990048743235
Sub015,3,Ring-Little,0.5,1.0,71838.0,5.0,40.0,20.0,4.0,100.0,71.04993259144042,25.837227070476782,57.641918546446874,7.6331040076879715,98.16762322371092,74.66739423467317,6423.571133648431,4147.392653530664,1025.0082532686145,1093.7246995636435,0.15954509330478336,0.2637155965594899,2207.3041870292614,1600.464220578574,0.34483961595093654,0.38958703842563597,2174.8219832786854,958.6047551944948,0.3381465189760304,0.22939595789641287,967.6157267964495,459.71795681731146,0.14989342352786864,0.10891073516281317,1.0,0.48828125,-0.01171875,2.0,1.0036348045181829,1.037292054365456
Sub015,3,Ring-Little,0.75,1.0,71838.0,5.0,40.0,20.0,4.0,100.0,93.94602173130299,33.43224230688106,78.83245309204632,12.564304975622312,94.5009208282582,65.33396995533901,11284.319682764262,8619.20709572312,1897.8935338900765,2651.8176573615997,0.17051654708553973,0.31286292799612336,4007.8538900054086,3534.3008407169746,0.35592196718769237,0.40899125049094537,3682.8784360388104,1610.4737654251064,0.32533514942573083,0.18464569896702368,1601.492126403282,730.1469885671125,0.13978969571408903,0.0827732746558415,1.0,0.732421875,-0.017578125,2.0,1.327059628581777,1.4186251825158538
Sub015,4,Thumb,0.5,1.0,71838.0,5.0,40.0,20.0,4.0,100.0,53.788906527124134,11.650555030754164,53.42668616517238,9.205265322313721,113.33443767762891,124.16787657328462,3837.682234853079,3792.519626317328,442.4512800704161,390.1203137709468,0.12064170225952743,0.10533930723563252,1179.0647067198786,1036.6913502242448,0.30903057836514664,0.2729710692966896,1402.113121441792,1465.4279798559558,0.3663376683516954,0.3909938844275019,788.0830031189117,875.1832210629832,0.19711926328865745,0.22399735449924485,1.0,0.48828125,-0.01171875,1.0,0.7598095693914941,0.9614370660746553
Sub015,4,Thumb,0.75,1.0,71838.0,5.0,40.0,20.0,4.0,100.0,70.777424407373,12.758263491937974,70.30376886601793,10.377563225908329,114.83445229395046,119.16782785221274,6288.652961408858,5857.179720606574,668.4774891108045,584.1801987947339,0.10570842495519354,0.1001032776402835,2000.0158873652392,1740.241874564558,0.31373980982473815,0.295873985652695,2398.252519164233,2313.836542671374,0.3814264600860118,0.39537681989241613,1181.8703597217805,1179.795849034698,0.1927521867752161,0.2019851430703429,1.0,0.732421875,-0.017578125,1.0,0.9997854173608605,1.2651477028458684
Sub015,5,I. Pinch,0.5,1.0,71838.0,5.0,40.0,20.0,4.0,100.0,66.00433602736642,18.156897577648934,48.99674131034717,3.8065664255396814,111.66775477060496,126.33456435241574,6862.974405110078,3985.782944348663,756.5264369060891,352.4088055496939,0.11242494568264066,0.08899885147428822,2184.6443160134663,1114.7700565768382,0.32334817001676286,0.283890495315821,2590.8767270759927,1588.7648279538678,0.37453033741926084,0.39792416990425794,1289.610692331802,906.7260392444635,0.18358681757048376,0.22329142249639608,1.0,0.48828125,-0.01171875,2.0,0.9323618822709336,0.8817182309792441
Sub015,5,I. Pinch,0.75,1.0,71838.0,5.0,40.0,20.0,4.0,100.0,68.37141384370346,19.66336138687414,51.94182470453013,5.014625263810215,102.00099390986601,116.50113520097442,6873.467113490788,4051.8283545141767,871.6211600767529,406.33280968479943,0.12775869315329216,0.10111374276699432,2449.383624235538,1260.1065478450043,0.3570643374023768,0.3129829283948495,2449.863708387895,1549.4752779095033,0.3559138082419085,0.3817588130278615,1054.102011165902,810.7122096147299,0.15219919007785168,0.19791040241959137,1.0,0.732421875,-0.017578125,2.0,0.9657986723540387,0.9347163212799344
Sub015,6,M. Pinch,0.5,1.0,71838.0,5.0,40.0,20.0,4.0,100.0,59.304571637961885,22.125675857130982,42.78667978374701,4.445584673498078,102.834335363378,110.50107673568819,5289.070209970574,2460.874920828165,687.1778802922748,289.3361634485353,0.13456326136124547,0.12518132502041915,1819.6565444035639,772.3135353147758,0.3451381780095613,0.32008947687254397,1918.459083941483,921.1965259346589,0.36095348144747813,0.36791327955398717,824.667409643076,462.28144895422207,0.15190440455530715,0.18032507670957412,1.0,0.48828125,-0.01171875,2.0,0.8377225704795531,0.7699654017691547
Sub015,6,M. Pinch,0.75,1.0,71838.0,5.0,40.0,20.0,4.0,100.0,68.60009128749141,25.20486995615153,50.36134337263409,5.952101728340023,105.66769630531871,115.33445716605767,7160.880474710771,3489.343363532518,864.8859016250781,373.535694760538,0.12377885676149127,0.1112464926401109,2416.42708845052,1050.4900802348723,0.33809988198031454,0.30526873941812216,2658.2053575598884,1331.605665934284,0.3695811311721429,0.37817209407084085,1171.7132638374635,710.2534338323485,0.16159512204158535,0.19842757057723026,1.0,0.732421875,-0.017578125,2.0,0.9690289166797241,0.9062748542193321
Sub015,7,Tripod,0.5,1.0,71838.0,5.0,40.0,20.0,4.0,100.0,62.892889878598396,19.36748134684775,46.653044116518124,4.657690800706983,106.33436946812832,116.83447178237923,6616.587863861059,3360.479836619459,795.3147179945271,347.38457853960335,0.1260564764253875,0.1105889353051306,2234.1884264978994,1018.3443510290466,0.3370885897020727,0.30306207463156337,2422.3593652620457,1286.8842155755367,0.3634064337134139,0.3796029072324439,1117.2024607762344,686.4273242300429,0.16629322027688154,0.20034196313286798,1.0,0.48828125,-0.01171875,3.0,0.8884103184426542,0.8395423537998864
Sub015,7,Tripod,0.75,1.0,71838.0,5.0,40.0,20.0,4.0,100.0,76.59186321557809,24.883004564013408,58.98793629994364,6.456150618328006,105.8343645960211,111.00108160779537,9124.664331212522,4664.736669160098,1068.0180369861755,553.3110033336148,0.11832757087343922,0.11952806595445413,3146.415900055142,1492.899333682034,0.34385928910004454,0.3187117446928703,3415.5195380882656,1726.1456540792842,0.3745453934940579,0.3709588107110228,1426.6841723459409,860.2888594592519,0.15582411421977338,0.1838420769348638,1.0,0.732421875,-0.017578125,3.0,1.0819188261314534,1.0615142446732264
Sub015,8,5-Finger,0.5,1.0,71838.0,5.0,40.0,20.0,4.0,100.0,76.2029804864482,21.906457846804216,63.03103735605999,9.325822958530798,111.50108647990255,122.83453024766546,10084.264992792303,5992.776299741558,1110.8865660390604,573.0008187394218,0.1114046016842828,0.09566177441906991,3329.5800944212606,1771.7897467343184,0.3276246465141455,0.2932140792025555,3734.377511755262,2317.575263605883,0.3700762396154138,0.38726292119524536,1840.1290507398153,1291.5537540330504,0.1840347119355327,0.21738081692873537,1.0,0.48828125,-0.01171875,5.0,1.0764255592472312,1.1342716529320567
Sub015,8,5-Finger,0.75,1.0,71838.0,5.0,40.0,20.0,4.0,100.0,77.86721257420227,22.857698414373278,65.50619146003156,10.031126381610944,103.33434023548517,112.50109622411692,8834.07474780982,5531.606775786957,1082.962349391273,625.7246250479883,0.12282747063529977,0.11419117527491524,3145.712397055209,1742.8928369379862,0.3583382798821528,0.3207798908189052,3165.729886634382,2068.503554516726,0.35750141144658754,0.37076151832326815,1374.912500086339,1054.6107866037894,0.15397780201289443,0.1870658792424846,1.0,0.732421875,-0.017578125,5.0,1.0999341142189945,1.178813155888988
Sub016,1,Index,0.5,1.0,71838.0,5.0,40.0,20.0,4.0,100.0,71.561572280127,14.39598679295508,50.107949122850584,2.1335609035716203,86.83417945594805,103.33434023548519,5674.98032705082,2745.4992747430438,1139.4477176149423,411.6740434408059,0.20829857162580442,0.15482115627167092,2026.725512430312,861.6358278079952,0.3677108430923903,0.3231150332000609,1708.1499801191633,984.940044215139,0.29046805695805283,0.35282900469807793,758.3976594967412,467.9206884895546,0.12601032908731444,0.1619677093767491,1.0,0.5533854166666666,0.053385416666666664,1.0,0.868738529624273,0.7492164304687109
Sub016,1,Index,0.75,1.0,71838.0,5.0,40.0,20.0,4.0,100.0,86.7092655271482,16.39713952072871,61.20930308431446,2.330409140558606,91.16755501421032,104.66768656110435,8289.854330371445,4088.5206128270256,1566.3954344945469,588.1984004454449,0.18939726200668713,0.1464218004948508,2952.2215512161906,1318.3848146865885,0.35959703403059073,0.3232422760593712,2607.24244736818,1480.3199181683842,0.31207352990812953,0.3588859051390358,1099.633750975655,672.5440847768085,0.13116633400636582,0.16423708310411517,1.0,0.7486979166666666,-0.0013020833333333333,1.0,1.0526275127660139,0.9152044011195538
Sub016,2,Middle,0.5,1.0,71838.0,5.0,40.0,20.0,4.0,100.0,66.30129735549313,11.134028866467348,50.36708014745604,2.4088084498699085,85.83416971173365,85.83416971173365,4958.7297649385355,2692.9213860708523,1013.4333294161355,564.8775402093498,0.20424564140586246,0.21031097989492933,1890.3520860612368,999.0872503597011,0.380854053643227,0.3711877305416242,1412.2541567852913,781.7683234044911,0.28473171599748365,0.2900583822577248,601.9063587677787,322.9798770012953,0.1219769207956028,0.11939620397374484,1.0,0.48828125,-0.01171875,1.0,0.8048801855739578,0.7530909698317692
Sub016,2,Middle,0.75,1.0,71838.0,5.0,40.0,20.0,4.0,100.0,85.84084680059597,13.424550722177665,68.13588535072063,3.4381082212749554,86.33417458384083,84.3341550954121,8265.920139963253,5098.790728437823,1669.5382157428737,1107.4704155641327,0.20178998234592935,0.2183868597600391,3116.773622420375,1876.795674951711,0.3781031524210634,0.3702449032294794,2392.575848090656,1489.4197904786063,0.28886950727899946,0.2896150840089445,1017.9514367930702,584.5030228952515,0.12288337265353373,0.11378367411035613,1.0,0.732421875,-0.017578125,1.0,1.0420851394843038,1.0187709874961282
Sub016,3,Ring-Little,0.5,1.0,71838.0,5.0,40.0,20.0,4.0,100.0,94.01155543389636,11.35786608321326,75.30120331106292,4.282162884126241,89.83420868859115,98.00095493300853,9668.80706366081,6148.534495146188,1906.8978088688352,1020.7111891209237,0.19809620636713476,0.1653344042977494,3446.2248102144545,2117.737738938115,0.35736216461212494,0.3429214032420644,2916.373906356926,2023.8072943284117,0.3021948467219329,0.33193920121828313,1325.2979007278293,940.7570335630826,0.13476367390779254,0.15255525394030325,1.0,0.5289713541666666,0.028971354166666668,2.0,1.1412753777353006,1.125907161284827
Sub016,3,Ring-Little,0.75,1.0,71838.0,5.0,40.0,20.0,4.0,100.0,105.41846862469295,12.796643078735151,84.34157384146722,4.415841695276825,91.16755501421032,97.33428177019896,11986.411625235209,7524.802649978464,2300.9371105313853,1317.1507960696274,0.1909256079765124,0.1733385263025006,4286.074543083124,2535.5875059781442,0.35696961976797553,0.33618633467976666,3633.881962834188,2417.6212104421156,0.30380328536416684,0.32226481947325264,1662.6189106497122,1196.664699183797,0.13982838774008666,0.16056610586221098,1.0,0.7486979166666666,-0.0013020833333333333,2.0,1.2797522819896292,1.2610792099810941
Sub016,4,Thumb,0.5,1.0,71838.0,5.0,40.0,20.0,4.0,100.0,58.79658240967202,9.326467874768758,46.12939647860687,2.8518427615805133,83.00080876979294,97.66761835160374,3801.2291976199995,2367.700759092304,843.6569721820277,374.4360306762381,0.22291924449104528,0.16103378678802124,1415.5583392749206,817.3420639392494,0.3739058404783169,0.34808100514372864,1028.9502470880493,801.6064007480409,0.2711184948949282,0.33737983716559317,480.7133500304219,357.23213053105013,0.12372799409016166,0.14632871395178856,1.0,0.5045572916666666,0.004557291666666667,1.0,0.7137749342561011,0.689728922743259
Sub016,4,Thumb,0.75,1.0,71838.0,5.0,40.0,20.0,4.0,100.0,75.12880053377599,11.315093070774104,58.78945212550307,3.4402774524901063,84.6674916768169,100.50097929354446,6140.32139668821,3746.948035436875,1261.1580810408343,580.7525088943695,0.20541372267277277,0.15429756203518608,2348.955733816548,1270.2012915084513,0.3823358377597607,0.33913852757986285,1685.0057753991225,1280.8480865809415,0.2745482986317602,0.34222113537386417,794.3261294363814,588.9498781776482,0.12942562445705627,0.15735023263757944,1.0,0.7161458333333334,-0.033854166666666664,1.0,0.9120437356051901,0.8790226748792318
Sub016,5,I. Pinch,0.5,1.0,71838.0,5.0,40.0,20.0,4.0,100.0,78.90609168683206,7.532124458047959,67.08127995880137,2.640675095745945,104.50101827040196,118.00114981729598,6642.078568349381,4779.992694767898,1166.8848919730772,648.0596553524477,0.17600030903162855,0.1358830936613928,1977.8579255136726,1302.4769144331094,0.2980155858057761,0.27260714876320574,2216.137084075102,1787.9789740953074,0.3331072321634308,0.37366745330350687,1236.0176918302418,1011.8844748501391,0.1860946291221638,0.2116568105939176,1.0,0.48828125,-0.01171875,2.0,0.9578990495357365,1.0030024776864446
Sub016,5,I. Pinch,0.75,1.0,71838.0,5.0,40.0,20.0,4.0,100.0,91.98628048865434,9.56583494958762,76.78176713639141,2.544280984698123,102.83433536337799,114.33444742184328,9125.997290389094,6332.397049901127,1570.9074463283323,879.2717859408741,0.17294214555783247,0.13901014755485078,2808.101145679602,1780.242072071066,0.307318801712212,0.2813129772351132,3051.087813313865,2344.315083460719,0.33361400456033957,0.36999143046487,1629.5014219928362,1288.1862162403281,0.17882106483546564,0.20328160127851377,1.0,0.732421875,-0.017578125,2.0,1.116689076429243,1.1480446217818454
Sub016,6,M. Pinch,0.5,1.0,71838.0,5.0,40.0,20.0,4.0,100.0,87.50941271273216,6.653530023621474,77.49670832580588,3.229089357883765,99.83430613073489,108.00105237515226,8422.859787600728,6438.196593387114,1522.7532262342847,991.7383505520506,0.18037204272265905,0.15293671228563788,2651.6912224528264,1953.2508781981494,0.3155881394397582,0.3020983025137886,2726.3788796062904,2274.447855917301,0.3238610251622243,0.35463568167798964,1459.7634870489783,1172.032091695695,0.1727728389109826,0.18302368669191274,1.0,0.48828125,-0.01171875,2.0,1.062341087626641,1.1587344563351398
Sub016,6,M. Pinch,0.75,1.0,71838.0,5.0,40.0,20.0,4.0,100.0,80.6765122632183,7.007238226958009,69.7578059178875,2.7877584551939916,94.16758424685344,101.00098416565164,7629.6693444689345,5502.937673762736,1438.9676357866128,875.7538002116784,0.1873504681834818,0.158290996978965,2621.508319123827,1834.407934778963,0.3417902053203537,0.3319767053384516,2392.8601180726746,1889.700574904572,0.3161131570170414,0.34525548067605855,1118.2845463489202,864.1546250846671,0.14717045760093514,0.15744717658833987,1.0,0.732421875,-0.017578125,2.0,0.9793914863190667,1.0430220206976129
Sub016,7,Tripod,0.5,1.0,71838.0,5.0,40.0,20.0,4.0,100.0,82.88937803150598,6.879824557892344,71.29687067084406,2.5197168172189186,100.16764271213965,108.50105724725944,7907.107479837483,5683.903055811395,1351.9529785316702,832.4233136329257,0.17204108732984968,0.1475554027862176,2538.202951149467,1711.815989200336,0.32414788551348017,0.30359726803401527,2564.8384497113025,2012.680397518012,0.3227965323481082,0.35301074155526013,1390.740043054889,1085.986742917864,0.17333700052230547,0.18872564328952482,1.0,0.5045572916666666,0.004557291666666667,3.0,1.0062550905209546,1.0660341898375483
Sub016,7,Tripod,0.75,1.0,71838.0,5.0,40.0,20.0,4.0,100.0,90.68597684658123,8.014329618613678,76.29062555476769,2.5852585498442857,95.1675939910678,103.1676719447828,9840.289250619995,6814.100616975463,1864.0424573572202,1105.2604938191764,0.1893810141337634,0.1620456569098072,3321.969142486913,2164.31883675121,0.3349276684440759,0.31695353775427865,3045.3753496148456,2330.6089175505126,0.3108412022995486,0.3426056864126045,1534.5062797351213,1163.233374398755,0.1573706246256583,0.1709961449379973,1.0,0.732421875,-0.017578125,3.0,1.1009037346866415,1.140701049572639
Sub016,8,5-Finger,0.5,1.0,71838.0,5.0,40.0,20.0,4.0,100.0,71.40452259056904,7.262011855392344,59.54840721274203,2.1714392118874506,91.16755501421032,98.8342963865205,6266.196695860753,4326.353259435368,1269.0966012436836,739.8894144339415,0.19999740816725955,0.17024349181570328,2138.9999189113328,1418.6331272241923,0.3437457651504073,0.33052571609559384,1856.2663135577802,1419.1158776681398,0.29767370701389334,0.3284808007506284,959.1775226308122,721.6627169284296,0.151799823619431,0.1645152665104131,1.0,0.48828125,-0.01171875,5.0,0.866831987998127,0.8903706073191157
Sub016,8,5-Finger,0.75,1.0,71838.0,5.0,40.0,20.0,4.0,100.0,90.15936363847091,7.407278106662034,77.45225706423486,3.6628409461570652,92.66756963053187,99.16763296792529,9748.108842555735,7306.328284429706,1953.2913004472582,1244.0907928087129,0.20083570998335767,0.1707184897118923,3283.160439255189,2397.743295949641,0.33903049382625094,0.33079420537855847,2999.115511559263,2463.8107668402026,0.30725238893971923,0.3361657940404334,1438.479832812577,1143.3006146888804,0.1449741206167207,0.15413631047116863,1.0,0.7161458333333334,-0.033854166666666664,5.0,1.094510789848822,1.1580698189650804
Sub017,1,Index,0.5,1.0,71838.0,5.0,40.0,20.0,4.0,100.0,76.07170801042199,28.547979368341146,44.488057480209555,1.8948199598266242,92.00089646772228,100.16764271213965,7153.432213910358,2273.0240248625237,1297.6707840065676,335.2321757519032,0.18222106118541534,0.14935112205608272,2599.7207544997386,777.4021206864926,0.36557000603583195,0.3479323556843393,2319.8042621842965,811.7308404525198,0.32323199024760313,0.3538303196986763,878.7952883396912,330.41323884101877,0.12088379309792978,0.14080753248035824,1.0,0.48828125,-0.01171875,1.0,0.8437374850880954,0.7148953175184675
Sub017,1,Index,0.75,1.0,71838.0,5.0,40.0,20.0,4.0,100.0,87.65946242895296,29.880238808957937,54.22194304935931,2.3877822270997116,93.66757937474624,95.1675939910678,9120.810333689074,3377.900024682823,1571.456189181353,560.3533712230031,0.17295324233664577,0.16320851614071005,3304.915696167216,1234.0752830751696,0.36280607284313016,0.36199982497017014,3023.7827151635142,1140.6081948062085,0.33037023707370045,0.3393815832179192,1141.767533117994,412.6597097156655,0.1252393793796226,0.1267212394191725,1.0,0.732421875,-0.017578125,1.0,0.9722612559697787,0.8713127834359513
Sub017,2,Middle,0.5,1.0,71838.0,5.0,40.0,20.0,4.0,100.0,68.5162213737466,25.089194812703003,47.4792810344182,5.398264538178554,91.8342281770199,73.50071619975638,6443.724792397673,2640.04676133772,1087.272419498038,703.7475843713569,0.16947352316746256,0.2656164187081015,2436.93665799981,1066.5180892089875,0.3798488895133214,0.4040022386484145,2113.000452062837,650.6985775887292,0.3265920906198549,0.24605178770963876,756.6519375367193,198.32991700877525,0.11635042208285062,0.07660927559976856,1.0,0.48828125,-0.01171875,1.0,0.7599369834275854,0.7629624131318459
Sub017,2,Middle,0.75,1.0,71838.0,5.0,40.0,20.0,4.0,100.0,86.26838437623563,30.180971765225163,61.20185261375595,7.206061525867809,92.00089646772228,67.66732602517256,10366.871003246159,4786.882715720523,1747.2591576865573,1474.6876865780725,0.17005434594843774,0.30156883121651756,3910.636638842286,1934.2071798893842,0.3770248595078211,0.4034977302255452,3371.3335918691696,1015.5960523232874,0.32322458870790854,0.2156256154125691,1261.974757196565,317.5668362232491,0.12230890986583098,0.06981452424089664,1.0,0.732421875,-0.017578125,1.0,0.9568323307036317,0.9834755737872558
Sub017,3,Ring-Little,0.5,1.0,71838.0,5.0,40.0,20.0,4.0,100.0,104.7319000809528,27.63490022750272,83.3054412425642,10.625860891221055,82.75080633373935,69.5006772228989,14356.007540409235,10420.856476425668,3281.3939381305127,3122.2982615823266,0.2254047685787186,0.2869224684063167,5518.541350109421,4359.851030966746,0.3817041884847102,0.41886345432119915,4041.0207607296015,2136.6323739913823,0.28262718429405836,0.21086042967008556,1401.4788934938217,710.2736646818146,0.1023987500973257,0.0746286875908098,1.0,0.48828125,-0.01171875,2.0,1.1616175355323224,1.33866644761039
Sub017,3,Ring-Little,0.75,1.0,71838.0,5.0,40.0,20.0,4.0,100.0,113.97420076272556,33.209707057009304,85.72370268799462,12.865949321647797,88.16752578156719,69.00067235079172,16045.828584016881,10561.9427080003,3236.244103311869,3252.9596580723687,0.1995756086041518,0.3041177881879494,6014.85048068698,4282.760102742216,0.3737738161097215,0.403899480284785,4834.725797116865,2141.004059280705,0.3029329938570775,0.20634237523166896,1828.467590896551,793.4336140941233,0.11554163638368949,0.0767465272401559,1.0,0.732421875,-0.017578125,2.0,1.2641270720948323,1.377526399736704
Sub017,4,Thumb,0.5,1.0,71838.0,5.0,40.0,20.0,4.0,100.0,54.25095195679901,23.575741592080817,30.031739307979716,1.9873873138482505,90.33421356069834,105.66769630531871,3614.1383823279684,1025.1085767256523,653.5728021157299,130.99670155235017,0.1817843608958792,0.127768604790275,1361.5468716298092,334.8143662879536,0.37862419989621127,0.33073625546795765,1168.9015285214107,397.18059005499305,0.3221579891210317,0.3857704183381127,402.3757978550368,154.32777754602043,0.10975012081611944,0.14812417854070373,1.0,0.48828125,-0.01171875,1.0,0.6017159725320431,0.48259130706618725
Sub017,4,Thumb,0.75,1.0,71838.0,5.0,40.0,20.0,4.0,100.0,61.42427159159865,22.526728032296706,37.08681630263906,2.195736873970729,90.16754526999595,101.00098416565164,4614.022374762922,1573.7991465466096,820.7410877577772,211.13133355525983,0.18330998069066792,0.13952047186813593,1730.1694347635105,548.7482494040219,0.37634028595644947,0.3481694642863169,1519.0321042038797,607.0469597787218,0.32253693829822044,0.3777509698736838,506.5873576036475,194.4684909003497,0.10955790474825257,0.1267014665571563,1.0,0.732421875,-0.017578125,1.0,0.6812777284948475,0.5959619911078063
Sub017,5,I. Pinch,0.5,1.0,71838.0,5.0,40.0,20.0,4.0,100.0,86.05312422515067,29.243811653414237,52.62027861396522,2.2583131296423855,93.50091108404386,94.66758911896062,9509.563566167028,3664.2040212440606,1553.4677023760607,542.8522693031496,0.16315489944786063,0.14863654360247386,3578.1383278799663,1420.185087931636,0.375007313224528,0.38571216544470627,3211.9731220351987,1294.593742716585,0.337896112588208,0.35051402613400473,1095.304789743502,379.98162466774596,0.11653158136373883,0.1076793659731597,1.0,0.48828125,-0.01171875,2.0,0.9544448063103155,0.8455750356008507
Sub017,5,I. Pinch,0.75,1.0,71838.0,5.0,40.0,20.0,4.0,100.0,106.411930200568,28.66972590983708,73.67868004168345,3.596939776251762,93.00090621193665,97.83428664230614,14410.151753101103,7049.999515778465,2432.157576743534,1018.1457194354057,0.16848378982500256,0.14433147507858,5379.677986135141,2602.880005392738,0.37302767598166015,0.36995122020417126,4813.443696451228,2592.618352091244,0.3334456135160493,0.36518654200956996,1674.6621603034266,785.345942578967,0.1173624939238075,0.11316620335597656,1.0,0.732421875,-0.017578125,2.0,1.1802513275828725,1.183970403431801
Sub017,6,M. Pinch,0.5,1.0,71838.0,5.0,40.0,20.0,4.0,100.0,91.30320908259064,23.713479577105215,69.0069868186039,3.6868970386210003,95.3342622817702,89.66754039788877,10706.530506418952,5851.311394959991,1724.8664722161004,1156.2350807281075,0.16227515885479474,0.20199243153704835,3884.9685492142235,2111.671721692176,0.3639256423083114,0.3631198787264416,3635.6503117444895,1917.8015892475814,0.33858253405566807,0.32416870744174847,1386.146589692763,623.3948052408873,0.12816235152283398,0.10337019635544671,1.0,0.48828125,-0.01171875,2.0,1.0126753036919256,1.108899209065807
Sub017,6,M. Pinch,0.75,1.0,71838.0,5.0,40.0,20.0,4.0,100.0,90.3013946875743,23.61027837371275,67.4648568528794,3.498147786485962,91.8342281770199,87.16751603735281,10580.050200446372,5596.664857459616,1892.3672779106973,1166.7073023290966,0.1772525373624694,0.20273638814136605,3946.2230351005223,2102.846017852563,0.3707856221967884,0.3770381414599144,3365.2982089194215,1740.2044584600626,0.31909314708660186,0.3116974763480569,1288.247089467098,540.6042374716139,0.12458602946928739,0.1003400220152882,1.0,0.732421875,-0.017578125,2.0,1.00156383557476,1.084118143001239
Sub017,7,Tripod,0.5,1.0,71838.0,5.0,40.0,20.0,4.0,100.0,88.07498106126003,23.006866832109846,62.17527427827955,2.73951984872996,91.16755501421032,90.16754526999595,10741.106083534673,5028.759415642832,1864.7835732157419,907.3245706744079,0.17322147435375881,0.17968215434902665,4087.973934183811,1936.5149484512015,0.3808643369431253,0.3837350130457868,3510.634631256397,1672.9564430903247,0.32685322037715986,0.3342850718849289,1195.7245753167824,472.2350984231977,0.11149171189376428,0.09454635841945207,1.0,0.48828125,-0.01171875,3.0,0.9768699160748204,0.9991178523976114
Sub017,7,Tripod,0.75,1.0,71838.0,5.0,40.0,20.0,4.0,100.0,110.44637792167093,28.098548221498437,78.93911618902685,4.269139485205178,90.00087697929355,91.33422330491271,16718.979050312904,7981.491481499972,2886.053175008847,1373.6160512401132,0.17413533132433798,0.1741914686704018,6427.8523692225135,3035.4436555881566,0.38616163734581604,0.38225978142063477,5357.9004094083275,2707.0247359470413,0.318784998103622,0.33768161805257063,1918.0197931519508,799.3619413974051,0.11304808364272408,0.09756803484337821,1.0,0.732421875,-0.017578125,3.0,1.2249987752602198,1.2685023291404838
Sub017,8,5-Finger,0.5,1.0,71838.0,5.0,40.0,20.0,4.0,100.0,94.08002313566112,25.27871591576969,64.4317949788158,2.8483734411719177,88.3341940722696,91.6675598863175,12445.382470802733,5779.603281047127,2229.4712350981135,944.4998416639995,0.18412250474378658,0.1733215833615203,4742.095084125043,2133.8687161893467,0.38420287044871654,0.3740258097544831,3999.1480946151673,2027.932814676548,0.3161358315352812,0.34154536467444024,1366.8879345324222,622.2980822957039,0.10697252494955246,0.10232792617894777,1.0,0.48828125,-0.01171875,5.0,1.0434739036835807,1.0353787317002079
Sub017,8,5-Finger,0.75,1.0,71838.0,5.0,40.0,20.0,4.0,100.0,122.99823748381698,33.11086150541829,83.82690609117542,4.369280561281393,88.3341940722696,89.00086723507917,22604.384338054562,10533.863133124723,4017.624080853216,1859.1903936563292,0.17649862545853381,0.1733065010324756,9095.550693899157,4248.519123019694,0.39762317500634986,0.3950106071935351,6978.05119297984,3388.4377359082646,0.3116271130768494,0.3273371661396783,2325.778831513948,945.6644273293465,0.10604007152063244,0.095692803160616,1.0,0.732421875,-0.017578125,5.0,1.3642157679783686,1.3470460622673903
Sub018,1,Index,0.5,1.0,71838.0,5.0,40.0,20.0,4.0,100.0,36.49899996379836,4.516613737166131,30.562404099367058,2.4786629703100838,122.33452537555827,136.33466179455948,1410.802678438398,985.3339247100702,163.36172755692965,83.46746984921535,0.11607953649104946,0.08380740672888944,386.9517629178907,241.81469686537935,0.27466104869982083,0.24540603432101651,488.8497545133901,373.8492845036292,0.3468655825457665,0.3807165977262657,362.65983427093437,280.29148530616607,0.25604134690137476,0.2840533682236693,1.0,0.48828125,-0.01171875,1.0,0.6465009142122514,0.6079410110854223
Sub018,1,Index,0.75,1.0,71838.0,5.0,40.0,20.0,4.0,100.0,48.49771769187645,5.183256048985055,42.12046781639149,4.172792958790954,114.16777913114089,127.16790580592773,2558.7649691500405,1892.5928018132497,322.0791197884567,172.94112525496072,0.12492689735448144,0.09190181269728333,770.5211167396102,507.66193413865676,0.2978794894102476,0.2668254374885725,889.4958559240945,738.1933259180787,0.348459741569346,0.3888377649085904,558.5422719932756,462.35155996438635,0.22171538295803506,0.24642110667390862,1.0,0.732421875,-0.017578125,1.0,0.8590322709143863,0.837851620194314
Sub018,2,Middle,0.5,1.0,71838.0,5.0,40.0,20.0,4.0,100.0,50.78128838675969,6.915790735316765,46.16077012763184,3.3640987054531597,108.50105724725942,100.83431587494924,2819.1286204471467,2404.4993609593344,396.3644579291776,384.64195174472894,0.1407941382205047,0.15972035046639874,873.9722651289876,792.2726561476906,0.3109202094926459,0.33037058904598116,977.2054091777081,822.4524976174274,0.34666050157897726,0.3422401954481034,552.3581559482112,386.80408396352476,0.19482099831309432,0.1599676540442442,1.0,0.5045572916666666,0.004557291666666667,1.0,0.8994807912402752,0.9182204767868848
Sub018,2,Middle,0.75,1.0,71838.0,5.0,40.0,20.0,4.0,100.0,62.459000208218725,8.999868549724932,55.73171335302866,3.709091582097676,102.33433049127082,92.33423304912708,4476.043652050818,3843.2127579466464,622.7048200847723,678.9960617417674,0.1390605511805366,0.17631347761648553,1542.6075773735508,1369.4241817998488,0.34386807521193036,0.35562325506617,1518.0048958437062,1255.6151548374955,0.33926283577302074,0.3269984270260144,756.9474222541318,504.90675616393884,0.16982811091108832,0.13215888374178328,1.0,0.7486979166666666,-0.0013020833333333333,1.0,1.106326221963545,1.1086036967250512
Sub018,3,Ring-Little,0.5,1.0,71838.0,5.0,40.0,20.0,4.0,100.0,50.73945027950365,9.12143474138984,41.07168534551908,5.088822093165789,92.33423304912708,87.83418920016241,2807.5349432059106,1869.68439055057,540.3417103544708,413.7040615203986,0.19033369048048251,0.2176418686850606,984.3771951752028,650.9625507718032,0.34937739749935187,0.3454202297775115,837.9569532830932,525.5333840917609,0.3001485433469304,0.2847300045932964,421.5863639711815,264.2039711011373,0.15190887814975831,0.14402485128558798,1.0,0.5289713541666666,0.028971354166666668,2.0,0.8987397195775785,0.8169894565478342
Sub018,3,Ring-Little,0.75,1.0,71838.0,5.0,40.0,20.0,4.0,100.0,78.10350403353316,12.999786469574692,66.17554402785258,8.553974632134976,86.66751116524563,74.83406252537556,6630.331430880364,4953.023949758837,1455.6194988758277,1422.3324710370346,0.2199311814546606,0.287132392881293,2326.994668534311,1720.9718326203704,0.3516326747538054,0.3479094132374129,1877.5270081224623,1188.6286870482402,0.2828614758821768,0.24049818392213407,915.1919933456948,580.4291991841234,0.1372776337782902,0.11627942909500823,1.0,0.7893880208333334,0.039388020833333336,2.0,1.3834348012532414,1.316350212981241
Sub018,4,Thumb,0.5,1.0,71838.0,5.0,40.0,20.0,4.0,100.0,44.237732879618285,5.00052280242486,36.599811168785806,3.7867343560056774,117.00114007308161,128.1679155501421,2364.9619384885023,1639.2129672476683,288.6811435650514,165.60958965080442,0.1214399749279707,0.09934183145538127,682.0863145658499,430.1943753411121,0.2876500853060486,0.26230946087282603,831.3196363588528,625.4536991036349,0.35244687570726807,0.38310361823769434,546.9193556371948,407.96094643065385,0.2317819795207978,0.2492448593208871,1.0,0.5208333333333334,0.020833333333333332,1.0,0.7835758453030857,0.7280358618106217
Sub018,4,Thumb,0.75,1.0,71838.0,5.0,40.0,20.0,4.0,100.0,60.47809483315162,6.479738996552122,53.81335736444515,6.929384400005991,107.33437921234268,117.167808363784,4425.702278911785,3460.86782739987,656.7160654896098,411.16499806840505,0.14021310822227032,0.11391284442356864,1405.0299773339905,1007.2335418701729,0.3162356378122116,0.29191599600864576,1468.5421203858689,1289.608188285148,0.33645545479541356,0.3747654607802722,864.3329149592934,730.3477939076714,0.2001828339521747,0.21291440128827685,1.0,0.8463541666666666,0.09635416666666667,1.0,1.0712387637532086,1.0704441568037337
Sub018,5,I. Pinch,0.5,1.0,71838.0,5.0,40.0,20.0,4.0,100.0,56.45310570210561,4.633053772949634,49.04565273113115,5.643439644459373,111.66775477060496,125.33455460820137,4236.96049806461,3123.162265123134,509.89647820956134,278.50721640380243,0.12376801247363423,0.08991880674676729,1296.1116061155901,835.572878505306,0.30793709339633796,0.2682292574630224,1566.4746681790787,1293.2317789662138,0.3638565340751565,0.4111661016050989,834.5220963128974,696.3100662890438,0.19728758994770323,0.22428696525648684,1.0,0.5208333333333334,0.020833333333333332,2.0,0.9999447788359073,0.9756059639079858
Sub018,5,I. Pinch,0.75,1.0,71838.0,5.0,40.0,20.0,4.0,100.0,45.208516490906504,6.576433877559893,56.45797471529412,5.191983066221867,91.8342281770199,118.83449127080796,3167.759167625861,4156.7930608491615,456.06241293627664,430.7007015203135,0.22989415336246358,0.09944761279124294,1025.1209158329932,1220.4082314464965,0.3699614461918291,0.29127848037613063,1065.9992654948653,1619.978245274776,0.25159894603345295,0.39267969458669877,598.0461790224574,858.0159407685428,0.13901974853048243,0.21003592618236647,1.0,0.78125,0.03125,2.0,0.8007711792251823,1.123050337292083
Sub018,6,M. Pinch,0.5,1.0,71838.0,5.0,40.0,20.0,4.0,100.0,60.64532755525482,5.6078206893672595,52.59750205450032,5.001564793645617,109.00106211936664,118.16781810799837,4318.267984665829,3143.2252118390134,567.9009274804645,356.1721658430879,0.13154990623348528,0.11358457352607663,1352.0719556684214,895.2113256145562,0.31366963642195267,0.28541060972494636,1515.393040043525,1203.4151416082866,0.35006900567929833,0.38241630432222906,850.974645760018,666.6441093020711,0.1974314526647504,0.2116862156271024,1.0,0.48828125,-0.01171875,2.0,1.0742009300545636,1.0462586148529698
Sub018,6,M. Pinch,0.75,1.0,71838.0,5.0,40.0,20.0,4.0,100.0,70.39687248556169,5.943888694540244,59.82663557229262,6.064840565869345,104.33434997969955,112.83443280552171,6197.950207075669,4377.7990295670725,864.1040749479881,536.8543505778883,0.13893445211655694,0.1211637514230016,2063.8106617512385,1336.0888611162388,0.333205506589812,0.3065954608532753,2057.051037853712,1582.448026670825,0.3315732886532104,0.36228737881630607,1169.4042746399082,892.9660428959672,0.18919159184473025,0.203307016771478,1.0,0.7486979166666666,-0.0013020833333333333,2.0,1.246928476526474,1.190059041213054
Sub018,7,Tripod,0.5,1.0,71838.0,5.0,40.0,20.0,4.0,100.0,43.12767900138832,5.897852165205568,48.716175669443054,4.125107383491778,89.50087210718637,116.33446691027204,2794.464363469872,2751.7873146984434,421.24933073834467,317.9755380973989,0.24896159896506678,0.11568986782213313,903.630261572954,809.8026324707695,0.3548977069428077,0.29514391257759326,914.6186659412666,1025.4298452256244,0.24845141947347274,0.37227273494457674,535.1700056366775,580.2937211713178,0.14162322485147616,0.21024781995749264,1.0,0.48828125,-0.01171875,3.0,0.7639136395491656,0.9690520744508321
Sub018,7,Tripod,0.75,1.0,71838.0,5.0,40.0,20.0,4.0,100.0,67.25469546835494,5.931619927084526,57.11868266960655,4.705664647573921,99.83430613073489,113.50110596833129,5893.1955315112655,4057.396402666223,870.9039359338285,471.7384132716911,0.14759755840485209,0.11564159123997224,2042.26054859203,1256.5357510247688,0.34620911221216977,0.30863146649233425,1944.3309942976164,1517.105620641094,0.3297284888499705,0.37501502744150383,993.4359531802434,783.4189316903945,0.16920923525534748,0.19360028706417967,1.0,0.732421875,-0.017578125,3.0,1.1912716005502622,1.1361930030480534
Sub018,8,5-Finger,0.5,1.0,71838.0,5.0,40.0,20.0,4.0,100.0,56.985556570548304,5.724048000996461,49.07946945513865,5.431338083714855,108.66772553796183,122.16785708485587,4333.706310058902,3055.086294053692,564.6406825062835,305.011772195906,0.13203143314859717,0.0998412575204301,1362.0529183436872,857.7807518452802,0.3185987810971678,0.28382935083964395,1527.413972883897,1204.8037985300573,0.3495523492406865,0.39408480473570856,848.5002303029179,666.3478969673648,0.1925383683019917,0.21523613773409944,1.0,0.48828125,-0.01171875,5.0,1.0093759954052033,0.9762786391765241
Sub018,8,5-Finger,0.75,1.0,71838.0,5.0,40.0,20.0,4.0,100.0,71.43203093702682,8.586243277737006,59.273985131117826,5.913087718209766,98.33429151441332,112.50109622411692,7096.070358610376,4632.938568993528,1069.4673601744582,533.0127203290762,0.1513906141095929,0.11563968741656645,2524.707424474265,1443.7991530955499,0.355028172700618,0.3110460932607428,2293.467987494762,1753.175425210298,0.3236383275399555,0.379221768988272,1163.0246838572705,873.7137506682938,0.1634187951663937,0.187681493239,1.0,0.7649739583333334,0.014973958333333334,5.0,1.2652640716356696,1.1790658331233943
Sub019,1,Index,0.5,1.0,71838.0,5.0,40.0,20.0,4.0,100.0,68.3019770042901,22.38385369622537,48.06047939996872,4.618005422527834,100.16764271213968,126.16789606171335,5362.191175752813,2454.2096782719323,838.1766388970618,254.6434646109949,0.15569415799559952,0.1038543670478898,1823.4499496607439,657.3001027731983,0.33848879123143316,0.2681750785741499,1726.349418667464,923.7548826564481,0.32177585987779694,0.3762079309832562,930.4597797307393,602.2017589725965,0.17595663992392563,0.24512971613664478,1.0,0.48828125,-0.01171875,1.0,0.8744751422010304,0.800547599208586
Sub019,1,Index,0.75,1.0,71838.0,5.0,40.0,20.0,4.0,100.0,82.55490986413612,22.108711536220884,63.02151247636539,6.2285678028476426,102.16766220056843,125.66789118960617,7530.546766718838,4227.984160833498,1181.6749209879451,439.08087921952597,0.156848950088771,0.1041322535606034,2473.4109602960957,1143.1813528915845,0.3279986140865674,0.2706726198607703,2441.027563562234,1613.4480636175822,0.3240437690469748,0.38139631204342006,1380.032349693475,1005.3578448456689,0.18388028310412396,0.23742857718625618,1.0,0.732421875,-0.017578125,1.0,1.0569564705030314,1.049754832688604
Sub019,2,Middle,0.5,1.0,71838.0,5.0,40.0,20.0,4.0,100.0,75.79549034099477,21.871301572622272,57.086294010778005,5.670425829854049,93.83424766544864,95.00092570036541,6964.559905346015,3840.6892132017924,1188.9781542880103,635.4664467017063,0.17086198465465904,0.164624623392877,2511.2310811082084,1377.405088336686,0.3601274093897004,0.35814235119969196,2218.175160200209,1262.603704992914,0.3184615420930838,0.3296334803472097,986.5177874843029,528.9442929613756,0.14201717758381263,0.1382713735886217,1.0,0.48828125,-0.01171875,1.0,0.9704151343961106,0.9508913807895466
Sub019,2,Middle,0.75,1.0,71838.0,5.0,40.0,20.0,4.0,100.0,95.34010776605776,25.543529684752475,74.96729093223544,12.267618654277598,91.6675598863175,87.50085261875762,10514.401713088717,6752.777922189888,1862.0442684887967,1394.723412183743,0.17744664611279667,0.20364286719044986,3898.609031997346,2439.5692808230583,0.3698057087587485,0.36032496221101745,3251.7239190556284,2031.6936682675814,0.3092756185673496,0.30252029587666557,1420.6034728239365,828.7565645047868,0.13576246876642475,0.12492500500044934,1.0,0.732421875,-0.017578125,1.0,1.220646282185188,1.2487367068380042
Sub019,3,Ring-Little,0.5,1.0,71838.0,5.0,40.0,20.0,4.0,100.0,65.72819834956918,20.177664792001917,52.35130914367261,6.23275701032355,85.00082825822169,89.50087210718637,5524.02659409784,3769.5324941747554,1222.2272630961186,730.9252028693309,0.2225600666514457,0.1913781901917986,2001.0850325139047,1387.7575564390427,0.3614117889486416,0.366470361070146,1510.477103111766,1123.917571506847,0.27317916251115887,0.3000002554671453,743.8884379168506,495.2426993665272,0.13447473317730524,0.1336538787168944,1.0,0.48828125,-0.01171875,2.0,0.8415228682874997,0.872020324674932
Sub019,3,Ring-Little,0.75,1.0,71838.0,5.0,40.0,20.0,4.0,100.0,81.53445898302846,24.186271641641284,66.97430022516907,9.353480722104697,83.33414535119772,84.00081851400732,8705.437409223363,6767.04043905382,1881.2374733273427,1444.0913449473994,0.2200348591332675,0.21468511943925772,3198.0888147050305,2539.0448707921955,0.3676540589732349,0.37493393788610424,2368.541582266487,1910.2927496955845,0.26844589835869054,0.28118024043965173,1172.8572918409175,811.9187908157178,0.13387474998928284,0.12002051125248174,1.0,0.732421875,-0.017578125,2.0,1.043891564207424,1.1155967631477488
Sub019,4,Thumb,0.5,1.0,71838.0,5.0,40.0,20.0,4.0,100.0,97.5596331053088,15.137855450957893,79.21913655054176,4.538449377204129,115.33445716605767,129.66793016646366,13855.824356930127,10277.8153711379,1664.161654008017,953.8546593416928,0.12098251783035134,0.09066216822533844,4235.917697318514,2800.251380539046,0.3005775229333801,0.2625021955439169,5093.81204218134,4146.016758335907,0.3653116641414081,0.4038246893477598,2766.7574959020785,2312.289809683891,0.20629419836628685,0.23679272942238042,1.0,0.48828125,-0.01171875,1.0,1.249063025327754,1.3195600703257786
Sub019,4,Thumb,0.75,1.0,71838.0,5.0,40.0,20.0,4.0,100.0,119.65989939725735,16.303302472321747,99.27839285396988,5.493156111861212,108.83439382866423,119.83450101502234,19877.32186159327,15084.677933404671,2489.820704225435,1570.63307574965,0.12378545737469941,0.10157028809637868,6628.070308394679,4576.858020729644,0.32879663830309314,0.298282846648517,6972.78207854159,5772.6034085015635,0.3515598172153011,0.3835771676947615,3640.592736985533,3056.824432019432,0.18868003664764452,0.20960714076601147,1.0,0.732421875,-0.017578125,1.0,1.5320143300479445,1.6536888529785276
Sub019,5,I. Pinch,0.5,1.0,71838.0,5.0,40.0,20.0,4.0,100.0,68.27868808184552,18.18060434251898,47.89443846612928,2.4383798324410413,106.00103288672351,120.66784246853432,5777.221939188461,3164.673846790216,826.4760511931563,359.44706233802054,0.14302689372047392,0.11519440635079453,1854.870039392471,862.0806601086598,0.32171012240714475,0.2751535560408288,1985.2744706604174,1199.8436029934521,0.34346005631773063,0.37774967263506,1070.7865236697282,723.1657310837919,0.18489728533965635,0.22557558804402125,1.0,0.48828125,-0.01171875,2.0,0.8741769724457807,0.7977818408845939
Sub019,5,I. Pinch,0.75,1.0,71838.0,5.0,40.0,20.0,4.0,100.0,80.97974467668813,21.21468883888802,57.02604591048341,3.0601599450664025,107.16771092164028,118.16781810799837,7894.296136029493,4314.013376407734,1054.8280923996745,502.4950258105066,0.13387141555481907,0.11631634319057516,2539.0833228282754,1247.6544341310898,0.32142426368576854,0.28636342303675794,2817.1998550618396,1621.2307053629502,0.35582632202759973,0.3753035615288047,1426.6647918501014,913.1516229596647,0.18173856693735177,0.21525765084350815,1.0,0.732421875,-0.017578125,2.0,1.0367895168993726,0.9498878229255826
Sub019,6,M. Pinch,0.5,1.0,71838.0,5.0,40.0,20.0,4.0,100.0,70.61375918176401,16.036664732008237,54.715657910851746,2.537090847615534,107.16771092164028,120.66784246853432,6012.560852105239,3747.1646463456905,859.0592291659401,428.1482329428872,0.14313309734426194,0.1147331380742016,1891.2136498600132,1047.2424888213363,0.3154011873510408,0.2814563804197689,2042.9073189830754,1408.0274162483095,0.33956079632280095,0.3756782785838508,1177.315763946357,841.6691593054746,0.1949040034657056,0.22225780910020632,1.0,0.48828125,-0.01171875,2.0,0.9040730563032434,0.9114034884071329
Sub019,6,M. Pinch,0.75,1.0,71838.0,5.0,40.0,20.0,4.0,100.0,77.24918220392897,17.47404177315563,58.24483265117117,2.732848141458239,102.3343304912708,110.3344084449858,7265.9972125832965,4246.122945454454,1136.5465512997378,607.0856184878835,0.15555472534537088,0.14158114616736203,2379.520271572908,1294.3289142583878,0.3273844795771557,0.3046285483291601,2409.110911820262,1480.139986329096,0.3291374110570609,0.347988500295705,1283.9054415427454,831.3060612786256,0.18020688829286444,0.19809005158412743,1.0,0.732421875,-0.017578125,2.0,0.9890268562570461,0.9701892600187274
Sub019,7,Tripod,0.5,1.0,71838.0,5.0,40.0,20.0,4.0,100.0,59.24584154937731,14.642372843901173,45.15746534231844,2.7296451976692353,97.33428177019896,107.33437921234268,4229.935648102271,2378.54913926279,749.2548257774766,347.75621686937166,0.17468458295545386,0.14650551673651424,1429.5502097522228,738.9384376768704,0.3360678374090747,0.3127147591285365,1296.0855469822582,795.3975540741532,0.30853821164820794,0.3340914215600232,723.7701211019158,479.640201434971,0.17338600411233238,0.1996153469484555,1.0,0.48828125,-0.01171875,3.0,0.7585287862232345,0.7521918407281115
Sub019,7,Tripod,0.75,1.0,71838.0,5.0,40.0,20.0,4.0,100.0,76.20059118161812,15.577831383780277,62.20132031598643,4.906239743673295,96.0009354445798,100.83431587494924,6891.773596345134,4707.599930482811,1178.9792999272393,778.2716375575291,0.17183778502407854,0.1656453721551431,2385.186301046251,1527.987101280503,0.347613999782081,0.3269601806202966,2138.923795475022,1548.3738136066765,0.30972514714178295,0.3287947472727493,1136.530359077178,817.4622152582064,0.1632781329882471,0.17107642563362002,1.0,0.732421875,-0.017578125,3.0,0.9756016697022205,1.036092820301738
Sub019,8,5-Finger,0.5,1.0,71838.0,5.0,40.0,20.0,4.0,100.0,58.94674259722182,13.158615358034558,42.76374128832422,2.131444490293295,93.83424766544863,107.66771579374746,4494.248484292645,2469.8511192154974,792.3134932079648,361.09457210452047,0.1775089091830329,0.14694607581656058,1588.9590304532358,760.4633058857809,0.3550284078485806,0.30961756253323075,1374.1292302609945,863.0345168491176,0.3046675144643642,0.3492081415889911,704.5119963772762,467.37094258557903,0.15514503135039057,0.1870478216968927,1.0,0.48828125,-0.01171875,5.0,0.7546994007472925,0.7123193702800917
Sub019,8,5-Finger,0.75,1.0,71838.0,5.0,40.0,20.0,4.0,100.0,71.71082930335838,17.17417753769235,51.589873565332645,2.1592500933477106,93.00090621193668,106.83437434023547,6988.626892909408,3684.486579063591,1251.4193734677913,535.0550068981557,0.1797067624115812,0.14643204270870483,2509.02583344245,1151.7226257570621,0.36029868197331444,0.31417565008576176,2119.8993441310736,1300.7939583209322,0.30221181762221677,0.35133747558462125,1055.392887225057,672.6029992690034,0.1501628451226157,0.18138529382132304,1.0,0.732421875,-0.017578125,5.0,0.9181189242658279,0.8593370258022941
Sub020,1,Index,0.5,1.0,71838.0,5.0,40.0,20.0,4.0,100.0,49.30366182915932,3.7960145090515383,45.47398340517058,1.0746054694066283,81.1674575720666,82.33413560698335,2849.6122246191044,2469.1185957625466,611.297979591405,507.0370238051765,0.21164116135322475,0.20046549398475752,1195.388209610099,1046.4413777578375,0.41241143423754134,0.4149154136594284,752.9954367797877,670.4496009217468,0.2713259550053015,0.28007570429262074,262.4512248774343,220.76201218588423,0.09535197795107653,0.09505257142731653,1.0,0.48828125,-0.01171875,1.0,0.9068610240256187,0.914420451657194
Sub020,1,Index,0.75,1.0,71838.0,5.0,40.0,20.0,4.0,100.0,65.51919227859283,3.508876732873455,61.905643469825264,1.2036455726825273,73.50071619975638,73.334047909054,4979.9772093504835,4513.247672338229,1224.3574833993207,1107.165848771135,0.24393675506880505,0.2430924535800336,2212.693084492553,2003.2935335471823,0.4411616906157998,0.44104484457366205,1138.195463136932,1050.6633725870547,0.23173463501603384,0.23578841310330398,349.312148749924,300.99266433080567,0.07204029555708426,0.0687653810366249,1.0,0.8138020833333334,0.06380208333333333,1.0,1.2051194495244497,1.2448389655560788
Sub020,2,Middle,0.5,1.0,71838.0,5.0,40.0,20.0,4.0,100.0,46.356242102455724,6.731474988205098,42.36909502887132,2.4655919748261126,68.83400406008933,62.5006090133983,2632.294665105237,2169.327228205717,685.3715430207636,685.0772732866286,0.26344510938868276,0.3161844362860123,1183.418188089163,990.0911075514085,0.44616524033534494,0.45208888861439595,525.8899621731979,347.0357640277398,0.19868740125015863,0.1621200607101082,208.06909262915806,122.37785980724482,0.08068315729169136,0.05867852718450393,1.0,0.48828125,-0.01171875,1.0,0.8526480107842591,0.8519853356018472
Sub020,2,Middle,0.75,1.0,71838.0,5.0,40.0,20.0,4.0,100.0,47.390739921359874,6.4317334801951,45.702197974497324,2.776175408376217,66.83398457166058,59.500579780755174,2578.9404770330843,2605.189420625599,733.2224884821768,868.1003705937995,0.2858343684203134,0.3359629296076356,1110.3313816472103,1177.5569622025068,0.42850624543251287,0.4489956172859624,523.8529964171797,405.2666845461487,0.20223871281554207,0.1560157680442875,185.50761944743525,120.63454695567562,0.07306374945890583,0.04620885477306821,1.0,0.732421875,-0.017578125,1.0,0.8716759230446999,0.9190095387336251
Sub020,3,Ring-Little,0.5,1.0,71838.0,5.0,40.0,20.0,4.0,100.0,48.932159500138965,6.906894137301222,45.90239387213262,3.1930228659466433,70.33401867641088,60.33392123426716,2957.848813659232,2703.395376487893,861.4103867852341,1009.0491466773224,0.28082295036090565,0.3551807255091998,1194.01577698662,1074.0896391529207,0.4013592019787244,0.3988365001675645,622.2880276502007,437.6370569818978,0.21514364937892125,0.17078283652870593,246.8113200550633,150.33433638876764,0.09159150801128936,0.06356321168840566,1.0,0.5045572916666666,0.004557291666666667,2.0,0.9000278402412036,0.9230352081258247
Sub020,3,Ring-Little,0.75,1.0,71838.0,5.0,40.0,20.0,4.0,100.0,61.83968838045971,7.600055409850633,59.032036589106276,4.999480686379737,68.66733576938692,57.33389200162404,4627.078469955801,4438.230268081866,1382.5732645257515,1729.101759516753,0.29727251978102814,0.38995651299945605,1858.1892518194607,1745.4755701928236,0.39764787016744646,0.3907764129870864,969.3647763921825,685.444109628898,0.21071228172799916,0.154309761961448,372.54366158799115,228.91172949476592,0.08474317904299854,0.0538590445016566,1.0,0.7161458333333334,-0.033854166666666664,2.0,1.1374409333823934,1.187054608326149
Sub020,4,Thumb,0.5,1.0,71838.0,5.0,40.0,20.0,4.0,100.0,36.061660900343334,3.568668893976401,33.64611712761168,0.8763125534150674,75.50073568818515,85.16749654892408,1458.7018583213528,1276.829610415691,368.4028110262509,254.52042649104885,0.2656412885315877,0.19595334961771518,586.1068926013969,520.9862420126177,0.38196454521639206,0.4031840879812587,352.6210672248316,358.2116467615204,0.24017823547825523,0.2844754199382556,141.38580242901708,133.65344343877499,0.10527732526366178,0.10888965631961804,1.0,0.48828125,-0.01171875,1.0,0.6632958591487158,0.6765780192645983
Sub020,4,Thumb,0.75,1.0,71838.0,5.0,40.0,20.0,4.0,100.0,56.633615237413444,4.8796778068017135,50.35355055714112,1.192079075964885,77.50075517661388,80.3341161185546,4740.4919909766195,3864.564961120976,1010.8823152778615,762.4901639075065,0.2102790467278612,0.1914236863266258,2272.113385356524,1862.812884724133,0.4451457929160913,0.4458004239628289,1083.9451875314473,942.6356054992676,0.2482369581643266,0.26492000740870797,335.7474012166872,265.7746568443049,0.08827787112466286,0.0901493097586918,1.0,0.732421875,-0.017578125,1.0,1.0416836478887834,1.0125419634508839
Sub020,5,I. Pinch,0.5,1.0,71838.0,5.0,40.0,20.0,4.0,100.0,44.1354044646468,3.784296711415024,39.7827650434567,1.143043132987481,76.00074056029233,76.83408201380429,2512.1389299062375,2068.300899449192,592.9273637721242,468.96326215713066,0.23872560601069548,0.2288932411230784,1063.8545625553052,889.2884473191757,0.42411262739002537,0.43049714866824845,605.6096799654302,515.071737733511,0.2386787991113042,0.24697913853997422,226.27295194080043,175.5517092523072,0.08921840344821143,0.08431936238714444,1.0,0.48828125,-0.01171875,2.0,0.8117992985446559,0.7999777291354105
Sub020,5,I. Pinch,0.75,1.0,71838.0,5.0,40.0,20.0,4.0,100.0,56.18371291389207,3.358279202723539,51.442211615037316,1.1536861069549709,76.6674137231019,78.66743321153065,4163.308253894669,3522.64759313813,909.1630960692723,719.0851826619182,0.21730986041005848,0.20285827883307483,1872.1925026570254,1586.3974941132828,0.44436127963651906,0.4433041023468633,1027.601042555071,917.0998089401072,0.25033973247541347,0.2645378699710785,318.31577666427165,269.4899126019495,0.07957025805475908,0.08074589222600116,1.0,0.732421875,-0.017578125,2.0,1.0334084231552971,1.034433468476807
Sub020,6,M. Pinch,0.5,1.0,71838.0,5.0,40.0,20.0,4.0,100.0,49.26618875596745,4.548804913148817,43.33619826016042,1.1189136067659167,76.50074543239951,77.83409175801869,3240.409101440862,2509.73317584962,760.9966196434139,571.3984706418632,0.23205863232110266,0.22345433437937903,1408.356993943583,1099.2993934860124,0.4309009261294812,0.4322793348906561,759.0074684476807,610.3203831095283,0.23615530237959723,0.24668096524494618,283.37672590289395,206.88270460003773,0.0921747261154879,0.08905518717801297,1.0,0.48828125,-0.01171875,2.0,0.9061717675228073,0.8714324767435215
Sub020,6,M. Pinch,0.75,1.0,71838.0,5.0,40.0,20.0,4.0,100.0,66.20760433888114,5.931150192507204,60.10604594049578,2.0431807076718647,76.6674137231019,76.6674137231019,6309.383489474077,5251.9529657952835,1347.9652899520916,1144.212170048494,0.2108643297011992,0.21380591834182383,2861.3380629371713,2347.6517943913473,0.44911724015956606,0.4423765091106944,1549.9630474177027,1318.1612270360952,0.24954218660630587,0.25530605772182136,490.3568514817066,392.3990995902539,0.08112451492133037,0.07916560091653446,1.0,0.7649739583333334,0.014973958333333334,2.0,1.2177816746570955,1.2086514873026666
Sub020,7,Tripod,0.5,1.0,71838.0,5.0,40.0,20.0,4.0,100.0,49.67714887712995,5.216960855545836,43.3251151601788,1.634876900539637,73.66738449045879,74.33405765326837,3481.2277592742853,2619.28139382155,853.9803672083384,638.6076796370008,0.2528319301597792,0.2482727337694821,1477.4925002339735,1115.6641094964198,0.42580205151579226,0.42706236190183916,815.8160139759981,623.4149357789148,0.2268272689446733,0.2336263797900918,300.8214471580914,216.1298644207376,0.0847523591052667,0.0812469133403273,1.0,0.5208333333333334,0.020833333333333332,3.0,0.9137307135013534,0.8712096105564832
Sub020,7,Tripod,0.75,1.0,71838.0,5.0,40.0,20.0,4.0,100.0,72.54749758407496,7.121153087003154,66.75599583053632,2.3912716797934177,77.83409175801869,78.33409663012587,7376.218778967651,6182.0823684172965,1704.247651727159,1431.1274032402014,0.2294461814421441,0.23020244942164006,3113.3715031635074,2571.4883799958175,0.42321947078276123,0.4186595015148195,1903.0034683872564,1634.44849812732,0.25830644714453976,0.2637782437670887,593.5165636837467,494.12334298670595,0.08065838108828693,0.07914689816636883,1.0,0.732421875,-0.017578125,3.0,1.3343937449830614,1.342373007314858
Sub020,8,5-Finger,0.5,1.0,71838.0,5.0,40.0,20.0,4.0,100.0,51.96275540263782,5.933050406109312,46.44584948113487,1.7268341911368366,74.00072107186358,75.33406739748274,4092.7130609741057,3291.335684583551,1042.8230999541345,808.0293294073084,0.25211405092390987,0.24576420182712733,1767.1578646207845,1393.5795107782324,0.42920024716686195,0.4256655045859861,923.3493789217599,798.3671838762621,0.2270374909231446,0.239093247630198,324.6053649432781,261.58577923286356,0.08332243815042294,0.08069128906515309,1.0,0.48828125,-0.01171875,5.0,0.9557707445526746,0.9339633671791389
Sub020,8,5-Finger,0.75,1.0,71838.0,5.0,40.0,20.0,4.0,100.0,67.86087682921189,6.306180854822574,60.098252044748875,2.0742447459053537,75.50073568818515,76.16740885099472,6665.005515616092,5290.879438431083,1519.2601611175323,1209.2828116933567,0.22464877592298482,0.22524440231064283,3099.969746536634,2448.57382265581,0.461510822189771,0.4573233424024399,1534.8291006548013,1248.1142100699412,0.23416467815260134,0.241197738972557,456.201928708808,339.688148963892,0.07138921601041154,0.0676749959470695,1.0,0.7649739583333334,0.014973958333333334,5.0,1.2481909450429316,1.208494762574913
Sub021,1,Index,0.5,1.0,71838.0,5.0,40.0,20.0,4.0,100.0,68.60673677397212,7.278304469981563,63.01867486787622,3.574207040568382,90.00087697929355,92.83423792123426,5771.10345572425,4888.92211592821,956.8578908373773,755.1748745541903,0.16803331598601787,0.15586132732184743,2281.020595484815,1897.1641455330257,0.3894407001790194,0.382971767620963,1774.8667913142872,1570.3830336459534,0.3059093009344141,0.3193151860144777,716.4812716478447,631.7372742472352,0.12942133615402304,0.13483397169184605,1.0,0.48828125,-0.01171875,1.0,0.6837164712413885,0.6982951968487064
Sub021,1,Index,0.75,1.0,71838.0,5.0,40.0,20.0,4.0,100.0,102.31836833817924,11.303623552741323,91.54795129134449,4.123264533602481,87.83418920016238,91.6675598863175,13089.405770565516,10486.085294759108,2097.8300178377995,1544.982212778303,0.16197886054923924,0.14815883238692953,5485.492729310018,4292.948733411237,0.4125442341026184,0.4017677417084804,3936.657649111184,3333.6130522044164,0.30112876081339957,0.3183283159280053,1468.8395578481359,1234.1706702814054,0.116797756743463,0.124184160967252,1.0,0.732421875,-0.017578125,1.0,1.019677615243997,1.0144214362189363
Sub021,2,Middle,0.5,1.0,71838.0,5.0,40.0,20.0,4.0,100.0,61.595134533761815,8.752666567851769,55.73114071827791,3.6447533234688065,77.50075517661388,74.16738936256597,4425.717692295727,3581.2261321520477,981.3447365537672,875.9047023062291,0.2265544525731414,0.24927034242246549,1820.411336616763,1453.329783879126,0.4124613644325252,0.4078630191501877,1173.8376685701198,922.3957562010542,0.25993369743429434,0.25230007098888424,406.2086737098642,291.39064009983645,0.0910565996435085,0.07977407765149404,1.0,0.48828125,-0.01171875,1.0,0.6138407102469736,0.6175437354096234
Sub021,2,Middle,0.75,1.0,71838.0,5.0,40.0,20.0,4.0,100.0,84.27313389811142,12.456866998459988,76.86462964003444,5.086020453986996,74.83406252537556,70.66735525781567,7937.832385474069,6767.332985449578,1896.5748939288605,1783.376124109375,0.23861808292494022,0.2638944862557824,3397.408439483242,2927.332182059278,0.42591449435057616,0.429347854793269,1949.421268960381,1548.6038726935167,0.24740683322410653,0.23138003183901357,618.132025294597,434.4333392135475,0.07855027433387186,0.06468715315404892,1.0,0.732421875,-0.017578125,1.0,0.8398436135958172,0.8517189832652479
Sub021,3,Ring-Little,0.5,1.0,71838.0,5.0,40.0,20.0,4.0,100.0,73.61550118036735,7.973682621437745,66.49525912570917,2.54065186631807,76.16740885099472,73.334047909054,5883.278771056202,4926.606086012452,1444.706643064101,1276.7975557014745,0.24247178373072464,0.2548398114457053,2374.1040782678997,2019.5234961631704,0.4039168254878868,0.410158267986439,1501.0809847543167,1209.1679972005752,0.25701650742713483,0.24851344287143853,509.67500019237355,373.72363776616913,0.08740296826264467,0.07684555855978044,1.0,0.48828125,-0.01171875,2.0,0.7336324836659762,0.7368184138756338
Sub021,3,Ring-Little,0.75,1.0,71838.0,5.0,40.0,20.0,4.0,100.0,95.76044937676659,12.387693917176831,85.72475196370135,5.073196830123908,74.50072594397078,69.33400893219651,10122.399253896316,8384.527540348061,2517.7955308970595,2311.749900318061,0.24879760562459455,0.2762897098066337,4096.873093543751,3407.965456484575,0.4047209384547065,0.4061670132145853,2526.612784532907,1950.9208170834772,0.24956671876017633,0.2323985822628496,886.3063606540545,633.205663696077,0.08754941161756209,0.0755346785959755,1.0,0.732421875,-0.017578125,2.0,0.9543231410069263,0.9498959264504245
Sub021,4,Thumb,0.5,1.0,71838.0,5.0,40.0,20.0,4.0,100.0,72.15606612220034,4.652786583385873,64.27561092044695,2.753912221511649,86.83417945594802,88.83419894437678,8704.439484268294,7206.696344037943,1197.0823253472427,935.4246576101451,0.15064770278989684,0.1445671645578245,3899.858840209196,3160.5163635274944,0.43411769267749695,0.42730258608997856,2805.9499982421744,2441.0915389805505,0.3196149294718243,0.33370178921363863,733.8357553024653,614.6142162374243,0.08677873898242104,0.08572459118463614,1.0,0.48828125,-0.01171875,1.0,0.7190881424701059,0.7122230112639779
Sub021,4,Thumb,0.75,1.0,71838.0,5.0,40.0,20.0,4.0,100.0,98.68344722771928,5.26809317501466,90.57562285658305,3.841946885509135,79.16743808363783,81.33412586276897,14971.094413972003,12774.650735391091,2452.2057769509643,1986.3597786017974,0.17342655587085817,0.16537576502240026,7128.795899308735,5991.449337444196,0.47947437484350847,0.47344682826953394,4224.771454652786,3810.625619913289,0.2719032160432601,0.287090620891094,1047.5389301584007,888.9083403473406,0.06694700976948191,0.0661166170871858,1.0,0.732421875,-0.017578125,1.0,0.9834529593028131,1.0036472922500754
Sub021,5,I. Pinch,0.5,1.0,71838.0,5.0,40.0,20.0,4.0,100.0,132.0386008760489,6.737540038249038,119.57353939238516,4.564047569390524,78.33409663012587,81.00078928136419,31092.08366439788,25717.186386654383,3992.085373974267,3080.7081835754434,0.12519346033979947,0.11590854023781409,17129.85358849421,13978.216714173714,0.5403214682718791,0.5307999517596463,8152.035418073811,7210.304268668879,0.27280456178700446,0.2927313731244597,1579.09322063512,1250.8314102585312,0.054165166667117036,0.05306276640171257,1.0,0.48828125,-0.01171875,2.0,1.3158615393127302,1.3249664230954032
Sub021,5,I. Pinch,0.75,1.0,71838.0,5.0,40.0,20.0,4.0,100.0,124.8272098186324,7.609110556154409,112.32598044390222,3.7644555020672925,78.83410150223305,80.66745269995941,26535.03993824249,21929.789932289994,3420.5226222377005,2622.5551231269415,0.12841650923645506,0.11876937813096478,14456.743905485107,11763.191199744846,0.5448717950490974,0.5363790068920421,7112.3605162879585,6320.1093119936895,0.2683707900697241,0.28884387873420486,1345.7987196155266,1059.8428267799616,0.05085790466595453,0.04858951174875164,1.0,0.732421875,-0.017578125,2.0,1.2439947361624448,1.2446579175101278
Sub021,6,M. Pinch,0.5,1.0,71838.0,5.0,40.0,20.0,4.0,100.0,96.11247375620714,6.6007179506492335,85.7776197451228,3.035907553804354,84.5008233861145,87.00084774665042,16344.760797161165,13259.266230505986,2306.497718739811,1698.5886285224333,0.13993713119013038,0.1262030640448605,7830.812751040951,6247.893062111153,0.47082076156872393,0.46212916566668083,4927.485237436237,4280.45491059265,0.30742673768603485,0.3294118659422016,1129.942979989056,913.787167834682,0.07305311012121911,0.07377368118017337,1.0,0.48828125,-0.01171875,2.0,0.9578313222412995,0.9504817419711737
Sub021,6,M. Pinch,0.75,1.0,71838.0,5.0,40.0,20.0,4.0,100.0,141.57616357069654,9.256884949529015,127.14859230526783,4.133771903398531,76.16740885099472,77.33408688591149,34607.27642716799,28356.82587255545,4582.789041198545,3553.0559809679003,0.13443157061590996,0.12630680376375464,19791.41994714738,16015.044179810977,0.5587935593023344,0.5516122045225496,8475.634197766763,7410.604436198533,0.2532575841933992,0.2708719525680876,1531.2503811394852,1193.4537332924174,0.04666708641797753,0.04439978891854753,1.0,0.732421875,-0.017578125,2.0,1.4109103496258002,1.408903812703022
Sub021,7,Tripod,0.5,1.0,71838.0,5.0,40.0,20.0,4.0,100.0,83.79744387499063,6.21393912447111,74.99547682059298,3.0366056832908694,83.50081364190011,85.83416971173365,11618.303159634343,9414.177952708216,1719.1387719047664,1282.85556760331,0.15855498901748868,0.1457789278605444,5479.854918985241,4390.312539183177,0.4589864836670718,0.4550533971328903,3550.543762804786,3055.3465439947236,0.3056342724125903,0.3245316398233115,771.3878452233465,607.6891608994796,0.06803606460610544,0.0659042014270354,1.0,0.48828125,-0.01171875,3.0,0.8351030134841344,0.8310073380469266
Sub021,7,Tripod,0.75,1.0,71838.0,5.0,40.0,20.0,4.0,100.0,118.72735853777738,9.738343741713775,105.24022465768746,3.5124794336256717,76.33407714169711,77.50075517661388,24294.707241400232,19666.20462904294,3666.503199438408,2727.197749891819,0.152229026479266,0.13949582155717674,13008.835597851901,10558.217497039057,0.5330601790495622,0.5349499444341294,6167.490216184528,5273.109159319342,0.25392824014001153,0.26809734095869286,1259.560223256208,952.7300585475972,0.0528475642747129,0.0495910854989573,1.0,0.732421875,-0.017578125,3.0,1.1832052424632533,1.1661423149219987
Sub021,8,5-Finger,0.5,1.0,71838.0,5.0,40.0,20.0,4.0,100.0,103.72513424301394,8.067900874137392,92.6656483716194,3.228995372634508,80.83412099066179,83.83415022330492,22146.83639442325,18050.32288851777,2770.6216572990434,2066.7272617598883,0.1275405743913333,0.11726765234781515,11328.610932861708,8931.184677556104,0.5091121489824845,0.49225892215081357,6542.185399944862,5812.703058130922,0.2948500506108635,0.3212155227506874,1344.9821977875938,1111.813428741473,0.061169208424610634,0.06206748387500307,1.0,0.48828125,-0.01171875,5.0,1.033697069681614,1.026806376148634
Sub021,8,5-Finger,0.75,1.0,71838.0,5.0,40.0,20.0,4.0,100.0,147.68823140609229,12.057112778241406,131.9827587139355,4.564469258500705,76.00074056029233,78.66743321153065,41782.41179806231,34020.247964237606,5716.850421077338,4265.490187714818,0.13716842887727992,0.12562484919215164,22748.939512581896,18183.765640614813,0.5425241713678352,0.5318599826754554,11004.905510532139,9750.925799328788,0.26460999851733497,0.2884632154385212,1974.5536290425669,1540.358977449967,0.04756295435800917,0.0457430039669002,1.0,0.732421875,-0.017578125,5.0,1.4718215902547258,1.4624700800200892
